# Force coefficients
# liftDir         : (0.0000000000e+00 0.0000000000e+00 1.0000000000e+00)
# dragDir         : (1.0000000000e+00 0.0000000000e+00 0.0000000000e+00)
# pitchAxis       : (0.0000000000e+00 1.0000000000e+00 0.0000000000e+00)
# magUInf         : 2.5000000000e+02
# lRef            : 1.0000000000e+00
# Aref            : 1.0000000000e+00
# CofR            : (2.0000000000e-01 0.0000000000e+00 0.0000000000e+00)
# Time            	Cm                	Cd                	Cl                	Cl(f)             	Cl(r)             
0                 	-9.4893722509e-17	1.9507346327e-03	8.4870883469e-17	-5.2458280775e-17	1.3732916424e-16
1                 	-3.4404108774e-06	4.2422004029e-01	1.1992552005e-05	2.5558651252e-06	9.4366868799e-06
2                 	4.9805835885e-05	3.5473912307e-01	-2.0039131483e-04	-5.0389821531e-05	-1.5000149330e-04
3                 	-1.0574132911e-04	1.1390693709e-01	2.2964410119e-04	9.0807214813e-06	2.2056337971e-04
4                 	-1.5190498613e-04	-1.2126578694e-01	4.1211259908e-04	5.4151313412e-05	3.5796128567e-04
5                 	-2.5655641833e-05	-1.6268351795e-01	1.4306182941e-04	4.5875272873e-05	9.7186556538e-05
6                 	4.5081080232e-05	-3.5081425773e-02	-5.2637812452e-05	1.8762174007e-05	-7.1399986458e-05
7                 	-7.3503773417e-05	8.7560284168e-02	4.1106079468e-04	1.3202662392e-04	2.7903417076e-04
8                 	-1.4361458399e-04	1.0585168231e-01	-1.3918602879e-04	-2.1320759839e-04	7.4021569597e-05
9                 	-8.2765292702e-04	4.6612399316e-02	9.2848521879e-04	-3.6341031762e-04	1.2918955364e-03
10                	-1.7370039784e-03	-1.3836494146e-02	2.9619021273e-03	-2.5605291480e-04	3.2179550421e-03
11                	-1.7803545411e-03	-3.0195766302e-02	3.5514200904e-03	-4.6444959223e-06	3.5560645863e-03
12                	-1.4939213617e-03	-8.5101755809e-03	3.3626424934e-03	1.8739988499e-04	3.1752426084e-03
13                	-1.1229232298e-03	1.9237005099e-02	2.3916851476e-03	7.2919343988e-05	2.3187658036e-03
14                	-9.6927566147e-04	3.1645029417e-02	1.7086682895e-03	-1.1494151674e-04	1.8236098062e-03
15                	-1.3048331063e-03	2.5127770106e-02	2.3778595885e-03	-1.1590331210e-04	2.4937629006e-03
16                	-1.7400443726e-03	9.9431480778e-03	3.8313312262e-03	1.7562124056e-04	3.6557099857e-03
17                	-1.6701697021e-03	-2.7443075466e-03	3.8791396430e-03	2.6940011942e-04	3.6097395235e-03
18                	-1.2218020043e-03	-4.4201736184e-03	2.8918636924e-03	2.2412984191e-04	2.6677338505e-03
19                	-7.5636986622e-04	3.4325493089e-03	1.8434014815e-03	1.6533087453e-04	1.6780706070e-03
20                	-5.5026951306e-04	1.2935115926e-02	1.6061860319e-03	2.5282350287e-04	1.3533625290e-03
21                	-5.2581879314e-04	1.6036179576e-02	1.8286215077e-03	3.8849196069e-04	1.4401295470e-03
22                	-4.1159532610e-04	1.1546907979e-02	1.6635940431e-03	4.2020169546e-04	1.2433923477e-03
23                	-1.4828812241e-04	4.4281203450e-03	1.1718699322e-03	4.3764684368e-04	7.3422308851e-04
24                	3.1220706827e-04	9.7506710946e-04	2.7760671845e-04	4.5101042750e-04	-1.7340370905e-04
25                	7.4294782959e-04	3.1312755243e-03	-5.1405205485e-04	4.8592180217e-04	-9.9997385702e-04
26                	9.7050147806e-04	7.3910463590e-03	-6.0485641029e-04	6.6807327291e-04	-1.2729296832e-03
27                	1.0840381179e-03	1.0207377233e-02	-1.1343115810e-03	5.1688232741e-04	-1.6511939084e-03
28                	1.1760218924e-03	1.0223166583e-02	-2.0697565241e-03	1.4114363037e-04	-2.2109001545e-03
29                	1.1702993090e-03	8.2080174279e-03	-2.1982338179e-03	7.1182400058e-05	-2.2694162180e-03
30                	1.0266578261e-03	6.3549865325e-03	-1.2279984136e-03	4.1265861931e-04	-1.6406570329e-03
31                	8.1268190661e-04	6.9393558169e-03	-6.9143111959e-04	4.6696634681e-04	-1.1583974664e-03
32                	4.9053088240e-04	8.4522657023e-03	-2.8418979229e-04	3.4843598626e-04	-6.3262577855e-04
33                	1.3505669338e-04	9.8344159527e-03	-2.5783691574e-05	1.2216484759e-04	-1.4794853916e-04
34                	-9.0419389054e-05	9.9869472551e-03	1.8087772469e-04	1.9473291622e-08	1.8085825140e-04
35                	-4.6590155815e-04	1.0458422387e-02	1.1968428012e-03	1.3251984246e-04	1.0643229588e-03
36                	-7.2933761092e-04	1.0547387873e-02	2.0463529887e-03	2.9383888343e-04	1.7525141053e-03
37                	-9.4139512612e-04	1.0409390353e-02	2.4516430928e-03	2.8442642026e-04	2.1672166725e-03
38                	-1.1298467437e-03	1.0480984012e-02	2.5661634940e-03	1.5323500326e-04	2.4129284907e-03
39                	-1.3788029278e-03	1.0783138294e-02	2.9058449706e-03	7.4119557533e-05	2.8317254131e-03
40                	-1.5429859093e-03	1.1153239291e-02	3.2417077534e-03	7.7867967458e-05	3.1638397860e-03
41                	-1.8881035495e-03	1.1145521415e-02	4.1632276812e-03	1.9351029107e-04	3.9697173901e-03
42                	-2.0972884665e-03	1.1036424050e-02	4.7287480269e-03	2.6708554692e-04	4.4616624800e-03
43                	-2.2098197839e-03	1.1014179260e-02	4.9431225787e-03	2.6174150547e-04	4.6813810733e-03
44                	-2.1397405354e-03	1.1036675978e-02	4.7865176070e-03	2.5351826816e-04	4.5329993389e-03
45                	-1.9660989165e-03	1.1043218709e-02	4.4991670571e-03	2.8348461201e-04	4.2156824451e-03
46                	-1.8750468242e-03	1.1031551060e-02	4.4263400446e-03	3.3812319811e-04	4.0882168465e-03
47                	-1.8054480511e-03	1.0994304138e-02	4.3749647948e-03	3.8203434633e-04	3.9929304485e-03
48                	-1.7587063694e-03	1.0984320909e-02	4.3063587696e-03	3.9447301537e-04	3.9118857542e-03
49                	-1.6290887533e-03	1.0951337964e-02	4.0342980323e-03	3.8806026284e-04	3.6462377694e-03
50                	-1.4956353233e-03	1.0901983669e-02	3.8361102538e-03	4.2241980360e-04	3.4136904502e-03
51                	-1.3422381994e-03	1.0835929015e-02	3.5972099061e-03	4.5636675366e-04	3.1408431525e-03
52                	-1.2149369984e-03	1.0788241987e-02	3.3733858192e-03	4.7175591117e-04	2.9016299080e-03
53                	-1.0559522817e-03	1.0774826903e-02	3.0806294071e-03	4.8436242189e-04	2.5962669852e-03
54                	-9.3145303828e-04	1.0807645727e-02	2.8454298963e-03	4.9126190988e-04	2.3541679864e-03
55                	-8.4215864944e-04	1.0850785196e-02	2.6686364854e-03	4.9215959328e-04	2.1764768921e-03
56                	-7.6410501091e-04	1.0861774749e-02	2.5035233858e-03	4.8765668200e-04	2.0158667038e-03
57                	-7.0380344523e-04	1.0838427190e-02	2.3820087612e-03	4.8720093538e-04	1.8948078258e-03
58                	-6.3760196147e-04	1.0798715683e-02	2.2493300560e-03	4.8706306652e-04	1.7622669895e-03
59                	-5.7208217268e-04	1.0789377026e-02	2.1185892661e-03	4.8721246039e-04	1.6313768057e-03
60                	-5.2006382713e-04	1.0816973080e-02	2.0183256789e-03	4.8909901234e-04	1.5292266666e-03
61                	-4.8372655988e-04	1.0872991856e-02	1.9460639122e-03	4.8930539623e-04	1.4567585160e-03
62                	-4.5420002882e-04	1.0901900414e-02	1.8882321352e-03	4.8991603879e-04	1.3983160964e-03
63                	-4.3161822537e-04	1.0904901187e-02	1.8393267166e-03	4.8804513291e-04	1.3512815837e-03
64                	-4.1163565402e-04	1.0902765401e-02	1.7949096446e-03	4.8581916830e-04	1.3090904763e-03
65                	-3.9891688635e-04	1.0896933943e-02	1.7796685698e-03	4.9091739855e-04	1.2887511712e-03
66                	-3.5602851029e-04	1.0921012673e-02	1.6682808198e-03	4.7811189959e-04	1.1901689202e-03
67                	-3.3045449229e-04	1.0932039761e-02	1.6139553302e-03	4.7652317281e-04	1.1374321574e-03
68                	-3.2688378073e-04	1.0923748970e-02	1.6219976550e-03	4.8411504676e-04	1.1378826082e-03
69                	-3.2211691161e-04	1.0952333266e-02	1.6142439999e-03	4.8500508835e-04	1.1292389116e-03
70                	-3.1318099660e-04	1.0997603812e-02	1.5887410449e-03	4.8118952585e-04	1.1075515190e-03
71                	-3.0205322059e-04	1.1016833226e-02	1.5614548497e-03	4.7867420427e-04	1.0827806455e-03
72                	-2.9097942039e-04	1.0997388175e-02	1.5396425960e-03	4.7884187760e-04	1.0608007184e-03
73                	-2.8202799168e-04	1.0951190247e-02	1.5235188584e-03	4.7973143754e-04	1.0437874209e-03
74                	-2.7556776214e-04	1.0911234215e-02	1.5058339730e-03	4.7734922437e-04	1.0284847486e-03
75                	-2.7115958347e-04	1.0894858759e-02	1.4872534011e-03	4.7246711708e-04	1.0147862840e-03
76                	-2.6733627277e-04	1.0895521513e-02	1.4729582131e-03	4.6914283377e-04	1.0038153793e-03
77                	-2.6275119285e-04	1.0910265056e-02	1.4617032562e-03	4.6810043526e-04	9.9360282096e-04
78                	-2.5652269872e-04	1.0920085906e-02	1.4456809305e-03	4.6631776651e-04	9.7936316395e-04
79                	-2.4841301529e-04	1.0904850622e-02	1.4244261041e-03	4.6380003675e-04	9.6062606733e-04
80                	-2.3865542558e-04	1.0880216312e-02	1.3994196801e-03	4.6105441447e-04	9.3836526562e-04
81                	-2.2724895688e-04	1.0860003357e-02	1.3669523337e-03	4.5622720996e-04	9.1072512371e-04
82                	-2.1720494533e-04	1.0845635237e-02	1.3330340281e-03	4.4931206872e-04	8.8372195937e-04
83                	-2.1734960500e-04	1.0841597855e-02	1.3312082811e-03	4.4825453555e-04	8.8295374556e-04
84                	-2.1330218457e-04	1.0818681543e-02	1.3140105488e-03	4.4370308982e-04	8.7030745896e-04
85                	-2.1154678493e-04	1.0811222512e-02	1.3090500468e-03	4.4297823845e-04	8.6607180831e-04
86                	-2.0758595238e-04	1.0799586400e-02	1.2991985308e-03	4.4201331302e-04	8.5718521778e-04
87                	-2.0070823063e-04	1.0789546388e-02	1.2810349654e-03	4.3980925207e-04	8.4122571332e-04
88                	-1.9148686453e-04	1.0791210455e-02	1.2533302412e-03	4.3517825609e-04	8.1815198515e-04
89                	-1.8252161934e-04	1.0809544855e-02	1.2209187998e-03	4.2793778056e-04	7.9298101924e-04
90                	-1.7697188939e-04	1.0835220428e-02	1.1927279486e-03	4.1939208490e-04	7.7333586368e-04
91                	-1.7604010640e-04	1.0847983154e-02	1.1753478083e-03	4.1163379773e-04	7.6371401054e-04
92                	-1.7773945598e-04	1.0832199338e-02	1.1672154835e-03	4.0586828579e-04	7.6134719776e-04
93                	-1.7849318978e-04	1.0785262911e-02	1.1609322703e-03	4.0197294535e-04	7.5895932490e-04
94                	-1.7515894144e-04	1.0717602313e-02	1.1487883752e-03	3.9923524616e-04	7.4955312903e-04
95                	-1.6667321313e-04	1.0650483071e-02	1.1267339800e-03	3.9669377688e-04	7.3004020314e-04
96                	-1.5451072244e-04	1.0603616136e-02	1.0955346418e-03	3.9325659847e-04	7.0227804336e-04
97                	-1.4125608084e-04	1.0587341697e-02	1.0578918462e-03	3.8768984225e-04	6.7020200394e-04
98                	-1.3039728058e-04	1.0605078288e-02	1.0180785594e-03	3.7864199911e-04	6.3943656028e-04
99                	-1.2575040900e-04	1.0709191134e-02	9.4304543932e-04	3.4577231066e-04	5.9727312866e-04
100               	-1.4163557056e-04	1.0664577257e-02	9.6826249810e-04	3.4249567850e-04	6.2576681961e-04
101               	-1.5611720317e-04	1.0541135862e-02	1.0293674069e-03	3.5856650030e-04	6.7080090665e-04
102               	-1.5689843395e-04	1.0462982118e-02	1.0744021372e-03	3.8030263467e-04	6.9409950257e-04
103               	-1.3800895183e-04	1.0528396234e-02	1.0281139094e-03	3.7604800289e-04	6.5206590656e-04
104               	-1.2485470516e-04	1.0603113074e-02	9.5331824786e-04	3.5180441877e-04	6.0151382909e-04
105               	-1.2209200878e-04	1.0624409741e-02	8.9947958190e-04	3.2764778217e-04	5.7183179974e-04
106               	-1.2664808258e-04	1.0584625420e-02	8.8661956623e-04	3.1666170054e-04	5.6995786569e-04
107               	-1.3306231294e-04	1.0514807387e-02	9.0960615514e-04	3.2174076463e-04	5.8786539050e-04
108               	-1.3486327598e-04	1.0469641802e-02	9.3449274314e-04	3.3238309559e-04	6.0210964755e-04
109               	-1.3067883883e-04	1.0468222247e-02	9.2911690955e-04	3.3387961594e-04	5.9523729360e-04
110               	-1.2494374017e-04	1.0486401693e-02	9.0106587116e-04	3.2558919541e-04	5.7547667575e-04
111               	-1.1972776731e-04	1.0506173537e-02	8.6135614718e-04	3.1095030628e-04	5.5040584091e-04
112               	-1.1763744911e-04	1.0508383519e-02	8.3177546851e-04	2.9825028515e-04	5.3352518336e-04
113               	-1.1749080037e-04	1.0486254446e-02	8.2120461399e-04	2.9311150662e-04	5.2809310736e-04
114               	-1.1701370009e-04	1.0460068734e-02	8.1830274332e-04	2.9213767157e-04	5.2616507175e-04
115               	-1.1575632440e-04	1.0444086834e-02	8.1322278407e-04	2.9085506764e-04	5.2236771643e-04
116               	-1.1450386348e-04	1.0442113361e-02	8.0423982315e-04	2.8761604810e-04	5.1662377505e-04
117               	-1.1425646601e-04	1.0441280452e-02	7.9430967657e-04	2.8289837228e-04	5.1141130429e-04
118               	-1.1454828671e-04	1.0430765785e-02	7.8529737214e-04	2.7810039936e-04	5.0719697278e-04
119               	-1.1367692637e-04	1.0417133621e-02	7.7332320267e-04	2.7298467496e-04	5.0033852771e-04
120               	-1.1113684866e-04	1.0409752738e-02	7.5536413255e-04	2.6654521761e-04	4.8881891494e-04
121               	-1.0837112950e-04	1.0408441689e-02	7.3614261500e-04	2.5970017800e-04	4.7644243700e-04
122               	-1.0767166912e-04	1.0403150744e-02	7.2570969419e-04	2.5518317798e-04	4.7052651622e-04
123               	-1.0900104064e-04	1.0391875317e-02	7.2403239633e-04	2.5301515752e-04	4.7101723881e-04
124               	-1.1024501906e-04	1.0381209028e-02	7.2172666607e-04	2.5061831398e-04	4.7110835209e-04
125               	-1.0989399623e-04	1.0375767646e-02	7.1229638962e-04	2.4625419858e-04	4.6604219104e-04
126               	-1.0833081541e-04	1.0371760432e-02	6.9807145322e-04	2.4070491120e-04	4.5736654202e-04
127               	-1.0702007175e-04	1.0362306303e-02	6.8651276292e-04	2.3623630971e-04	4.5027645321e-04
128               	-1.0637889899e-04	1.0349521100e-02	6.7909204333e-04	2.3316712268e-04	4.4592492065e-04
129               	-1.0594113211e-04	1.0339623692e-02	6.7206498715e-04	2.3009136147e-04	4.4197362568e-04
130               	-1.0531384678e-04	1.0334788870e-02	6.6267954370e-04	2.2602592508e-04	4.3665361863e-04
131               	-1.0482343109e-04	1.0330127613e-02	6.5277427703e-04	2.2156370742e-04	4.3121056960e-04
132               	-1.0501919479e-04	1.0321406875e-02	6.4543250737e-04	2.1769705890e-04	4.2773544847e-04
133               	-1.0550190240e-04	1.0311178268e-02	6.3947778434e-04	2.1423698977e-04	4.2524079457e-04
134               	-1.0557726918e-04	1.0303242553e-02	6.3236152081e-04	2.1060349123e-04	4.2175802958e-04
135               	-1.0522356481e-04	1.0297103944e-02	6.2437789846e-04	2.0696538442e-04	4.1741251404e-04
136               	-1.0481108797e-04	1.0289255502e-02	6.1744907894e-04	2.0391345150e-04	4.1353562744e-04
137               	-1.0451656325e-04	1.0279112644e-02	6.1173106690e-04	2.0134897020e-04	4.1038209670e-04
138               	-1.0430520942e-04	1.0269308599e-02	6.0591865210e-04	1.9865411663e-04	4.0726453547e-04
139               	-1.0407489073e-04	1.0261726812e-02	5.9904875841e-04	1.9544948847e-04	4.0359926994e-04
140               	-1.0380424344e-04	1.0255270632e-02	5.9167940171e-04	1.9203545741e-04	3.9964394430e-04
141               	-1.0345571810e-04	1.0247887338e-02	5.8473644268e-04	1.8891250324e-04	3.9582393944e-04
142               	-1.0290298642e-04	1.0239533903e-02	5.7794089279e-04	1.8606745997e-04	3.9187343282e-04
143               	-1.0219273982e-04	1.0231281876e-02	5.7084033459e-04	1.8322742747e-04	3.8761290712e-04
144               	-1.0180730826e-04	1.0223231557e-02	5.6432722333e-04	1.8035630340e-04	3.8397091993e-04
145               	-1.0211388513e-04	1.0214411666e-02	5.5955113970e-04	1.7766168472e-04	3.8188945498e-04
146               	-1.0307437856e-04	1.0204601790e-02	5.5674633918e-04	1.7529879103e-04	3.8144754814e-04
147               	-1.0427497069e-04	1.0195007772e-02	5.5485340306e-04	1.7315173085e-04	3.8170167222e-04
148               	-1.0523673151e-04	1.0186884419e-02	5.5242339358e-04	1.7097496529e-04	3.8144842830e-04
149               	-1.0580637569e-04	1.0180028250e-02	5.4898121071e-04	1.6868422967e-04	3.8029698104e-04
150               	-1.0611576743e-04	1.0172962341e-02	5.4501451688e-04	1.6639149101e-04	3.7862302586e-04
151               	-1.0636862799e-04	1.0164746318e-02	5.4120171347e-04	1.6423222875e-04	3.7696948472e-04
152               	-1.0663694956e-04	1.0155878757e-02	5.3769354196e-04	1.6220982142e-04	3.7548372054e-04
153               	-1.0682879443e-04	1.0147288744e-02	5.3418176023e-04	1.6026208569e-04	3.7391967454e-04
154               	-1.0684986521e-04	1.0139148762e-02	5.3051012098e-04	1.5840519528e-04	3.7210492570e-04
155               	-1.0667319882e-04	1.0130982695e-02	5.2675790544e-04	1.5670575390e-04	3.7005215154e-04
156               	-1.0629162689e-04	1.0122604393e-02	5.2286617465e-04	1.5514146043e-04	3.6772471422e-04
157               	-1.0569566267e-04	1.0114374535e-02	5.1856300089e-04	1.5358583778e-04	3.6497716311e-04
158               	-1.0495788107e-04	1.0106574758e-02	5.1383073799e-04	1.5195748792e-04	3.6187325007e-04
159               	-1.0425815435e-04	1.0098962700e-02	5.0915996704e-04	1.5032182917e-04	3.5883813787e-04
160               	-1.0375654003e-04	1.0091125569e-02	5.0512528861e-04	1.4880610428e-04	3.5631918433e-04
161               	-1.0348225083e-04	1.0083025882e-02	5.0187664295e-04	1.4745607065e-04	3.5442057230e-04
162               	-1.0334562453e-04	1.0074934700e-02	4.9912552105e-04	1.4621713599e-04	3.5290838506e-04
163               	-1.0324860795e-04	1.0066978443e-02	4.9654202057e-04	1.4502240233e-04	3.5151961824e-04
164               	-1.0317454828e-04	1.0059007181e-02	4.9403895032e-04	1.4384492688e-04	3.5019402344e-04
165               	-1.0313819690e-04	1.0050910087e-02	4.9164113421e-04	1.4268237020e-04	3.4895876401e-04
166               	-1.0313182112e-04	1.0042838398e-02	4.8931778889e-04	1.4152707333e-04	3.4779071557e-04
167               	-1.0312632435e-04	1.0035005633e-02	4.8701025852e-04	1.4037880491e-04	3.4663145361e-04
168               	-1.0309419512e-04	1.0027396979e-02	4.8472734847e-04	1.3926947911e-04	3.4545786936e-04
169               	-1.0302092110e-04	1.0019797124e-02	4.8253374165e-04	1.3824594972e-04	3.4428779193e-04
170               	-1.0232103845e-04	1.0013929528e-02	4.7609969487e-04	1.3572880898e-04	3.4037088589e-04
171               	-1.0250201480e-04	1.0001405146e-02	4.7571247676e-04	1.3535422357e-04	3.4035825318e-04
172               	-1.0290585395e-04	9.9877715686e-03	4.7766991130e-04	1.3592910170e-04	3.4174080960e-04
173               	-1.0264879067e-04	9.9803031762e-03	4.7696690169e-04	1.3583466018e-04	3.4113224151e-04
174               	-1.0169588231e-04	9.9783564531e-03	4.7268948873e-04	1.3464886205e-04	3.3804062668e-04
175               	-1.0073171992e-04	9.9752273914e-03	4.6763387898e-04	1.3308521957e-04	3.3454865941e-04
176               	-1.0032042186e-04	9.9666165894e-03	4.6463409550e-04	1.3199662590e-04	3.3263746961e-04
177               	-1.0036592889e-04	9.9545856426e-03	4.6389847439e-04	1.3158330831e-04	3.3231516608e-04
178               	-1.0035190308e-04	9.9439903612e-03	4.6354984990e-04	1.3142302187e-04	3.3212682803e-04
179               	-9.9953637600e-05	9.9371559042e-03	4.6196436369e-04	1.3102854424e-04	3.3093581944e-04
180               	-9.9317431285e-05	9.9324118798e-03	4.5921772134e-04	1.3029142938e-04	3.2892629195e-04
181               	-9.8811209907e-05	9.9267088238e-03	4.5654203218e-04	1.2945980618e-04	3.2708222600e-04
182               	-9.8614660266e-05	9.9187747113e-03	4.5482863894e-04	1.2879965920e-04	3.2602897974e-04
183               	-9.8591956699e-05	9.9096553997e-03	4.5391473220e-04	1.2836540940e-04	3.2554932280e-04
184               	-9.8490411108e-05	9.9010469229e-03	4.5305807481e-04	1.2803862630e-04	3.2501944851e-04
185               	-9.8183551196e-05	9.8937047981e-03	4.5173059739e-04	1.2768174750e-04	3.2404884989e-04
186               	-9.7735735476e-05	9.8871885777e-03	4.4996058389e-04	1.2724455647e-04	3.2271602742e-04
187               	-9.7290973038e-05	9.8806032114e-03	4.4812104080e-04	1.2676954736e-04	3.2135149344e-04
188               	-9.6930477726e-05	9.8734010799e-03	4.4651683693e-04	1.2632794074e-04	3.2018889619e-04
189               	-9.6624214124e-05	9.8656598675e-03	4.4516022905e-04	1.2595590040e-04	3.1920432865e-04
190               	-9.6289033412e-05	9.8578363144e-03	4.4385518223e-04	1.2563855770e-04	3.1821662453e-04
191               	-9.5873959520e-05	9.8503423167e-03	4.4242213521e-04	1.2533710808e-04	3.1708502713e-04
192               	-9.5394876410e-05	9.8432695040e-03	4.4083783862e-04	1.2502404290e-04	3.1581379572e-04
193               	-9.4906797675e-05	9.8364035354e-03	4.3920914512e-04	1.2469777488e-04	3.1451137023e-04
194               	-9.4452723104e-05	9.8294483036e-03	4.3765123541e-04	1.2437289460e-04	3.1327834081e-04
195               	-9.3952074118e-05	9.8222351085e-03	4.3548562925e-04	1.2379074051e-04	3.1169488874e-04
196               	-9.3642428256e-05	9.8139044462e-03	4.3447856553e-04	1.2359685451e-04	3.1088171102e-04
197               	-9.3478358945e-05	9.8054211472e-03	4.3469253497e-04	1.2386790854e-04	3.1082462643e-04
198               	-9.2861203316e-05	9.7997352646e-03	4.3233185658e-04	1.2330472497e-04	3.0902713161e-04
199               	-9.2257425378e-05	9.7941880190e-03	4.3003055584e-04	1.2275785254e-04	3.0727270330e-04
200               	-9.1887313387e-05	9.7867870605e-03	4.2876853542e-04	1.2249695432e-04	3.0627158110e-04
201               	-9.1654721256e-05	9.7782954996e-03	4.2814939653e-04	1.2241997701e-04	3.0572941952e-04
202               	-9.1334399350e-05	9.7705991488e-03	4.2724145800e-04	1.2228632965e-04	3.0495512835e-04
203               	-9.0846637072e-05	9.7642559498e-03	4.2569698442e-04	1.2200185514e-04	3.0369512928e-04
204               	-9.0295163103e-05	9.7582501887e-03	4.2390244199e-04	1.2165605789e-04	3.0224638410e-04
205               	-8.9806259361e-05	9.7515274168e-03	4.2234652845e-04	1.2136700486e-04	3.0097952359e-04
206               	-8.9397186299e-05	9.7440922839e-03	4.2110813748e-04	1.2115688244e-04	2.9995125504e-04
207               	-8.8994317681e-05	9.7366658317e-03	4.1992185213e-04	1.2096660839e-04	2.9895524375e-04
208               	-8.8532416708e-05	9.7297492465e-03	4.1854700413e-04	1.2074108536e-04	2.9780591877e-04
209               	-8.8012861931e-05	9.7232305877e-03	4.1698176408e-04	1.2047802011e-04	2.9650374397e-04
210               	-8.7480667732e-05	9.7167064759e-03	4.1538002977e-04	1.2020934715e-04	2.9517068261e-04
211               	-8.6969820414e-05	9.7099480340e-03	4.1385572860e-04	1.1995804389e-04	2.9389768471e-04
212               	-8.6478444059e-05	9.7030300328e-03	4.1239420557e-04	1.1971865872e-04	2.9267554684e-04
213               	-8.5985664483e-05	9.6961483192e-03	4.1091699894e-04	1.1947283499e-04	2.9144416395e-04
214               	-8.5479878069e-05	9.6894132256e-03	4.0938040165e-04	1.1921032276e-04	2.9017007889e-04
215               	-8.4967927412e-05	9.6827987480e-03	4.0780576473e-04	1.1893495495e-04	2.8887080978e-04
216               	-8.4463234444e-05	9.6762213933e-03	4.0623826372e-04	1.1865589742e-04	2.8758236630e-04
217               	-8.3971256250e-05	9.6696225748e-03	4.0469743290e-04	1.1837746020e-04	2.8631997270e-04
218               	-8.3486863704e-05	9.6629958529e-03	4.0316812591e-04	1.1809719925e-04	2.8507092666e-04
219               	-8.3002199617e-05	9.6563712952e-03	4.0162609503e-04	1.1781084790e-04	2.8381524713e-04
220               	-8.2514353834e-05	9.6497817349e-03	4.0006243544e-04	1.1751686388e-04	2.8254557155e-04
221               	-8.2025958243e-05	9.6432430333e-03	3.9848548891e-04	1.1721678621e-04	2.8126870270e-04
222               	-8.1540658734e-05	9.6367473276e-03	3.9690659816e-04	1.1691264034e-04	2.7999395781e-04
223               	-8.1059255473e-05	9.6302752082e-03	3.9532845370e-04	1.1660497138e-04	2.7872348232e-04
224               	-8.0585714651e-05	9.6238138876e-03	3.9376088896e-04	1.1629472983e-04	2.7746615913e-04
225               	-8.0122770187e-05	9.6173629998e-03	3.9220717336e-04	1.1598081649e-04	2.7622635687e-04
226               	-7.9665989679e-05	9.6109317203e-03	3.9065588923e-04	1.1566195494e-04	2.7499393429e-04
227               	-7.9209689013e-05	9.6045289613e-03	3.8909458584e-04	1.1533760391e-04	2.7375698194e-04
228               	-7.8735517270e-05	9.5979977204e-03	3.8737072096e-04	1.1494984321e-04	2.7242087775e-04
229               	-7.8319695951e-05	9.5916205276e-03	3.8603543939e-04	1.1469802375e-04	2.7133741565e-04
230               	-7.7843828503e-05	9.5852176137e-03	3.8433685156e-04	1.1432459727e-04	2.7001225428e-04
231               	-7.7368187588e-05	9.5789671700e-03	3.8266548352e-04	1.1396455417e-04	2.6870092935e-04
232               	-7.6907807918e-05	9.5727151359e-03	3.8107227575e-04	1.1362832996e-04	2.6744394579e-04
233               	-7.6449804567e-05	9.5664395667e-03	3.7948648946e-04	1.1329344016e-04	2.6619304930e-04
234               	-7.5978663841e-05	9.5602047722e-03	3.7783478563e-04	1.1293872897e-04	2.6489605665e-04
235               	-7.5496858338e-05	9.5540249376e-03	3.7612434178e-04	1.1256531255e-04	2.6355902923e-04
236               	-7.5018144815e-05	9.5478484270e-03	3.7441106824e-04	1.1218738930e-04	2.6222367893e-04
237               	-7.4546385318e-05	9.5416476329e-03	3.7271691658e-04	1.1181207297e-04	2.6090484361e-04
238               	-7.4074764126e-05	9.5354577710e-03	3.7102191181e-04	1.1143619178e-04	2.5958572003e-04
239               	-7.3599750761e-05	9.5293266615e-03	3.6930671526e-04	1.1105360687e-04	2.5825310839e-04
240               	-7.3125240053e-05	9.5232571558e-03	3.6757547692e-04	1.1066249841e-04	2.5691297851e-04
241               	-7.2658252766e-05	9.5172116749e-03	3.6584800274e-04	1.1026574860e-04	2.5558225414e-04
242               	-7.2203483809e-05	9.5111595709e-03	3.6414004400e-04	1.0986653819e-04	2.5427350581e-04
243               	-7.1761054654e-05	9.5051059659e-03	3.6245277094e-04	1.0946533082e-04	2.5298744012e-04
244               	-7.1328148650e-05	9.4990767599e-03	3.6077791759e-04	1.0906081014e-04	2.5171710744e-04
245               	-7.0902925016e-05	9.4930885345e-03	3.5910987560e-04	1.0865201278e-04	2.5045786281e-04
246               	-7.0484931875e-05	9.4871359403e-03	3.5744866035e-04	1.0823939830e-04	2.4920926205e-04
247               	-7.0074536480e-05	9.4812031812e-03	3.5579753448e-04	1.0782423076e-04	2.4797330372e-04
248               	-6.9671565613e-05	9.4752824296e-03	3.5415807901e-04	1.0740747389e-04	2.4675060512e-04
249               	-6.9274634948e-05	9.4693760647e-03	3.5252779836e-04	1.0698926423e-04	2.4553853413e-04
250               	-6.8881671434e-05	9.4634918723e-03	3.5090209900e-04	1.0656937806e-04	2.4433272093e-04
251               	-6.8490930337e-05	9.4576346923e-03	3.4927760744e-04	1.0614787338e-04	2.4312973406e-04
252               	-6.8101659843e-05	9.4518028761e-03	3.4765371353e-04	1.0572519692e-04	2.4192851661e-04
253               	-6.7714048606e-05	9.4459915061e-03	3.4603171156e-04	1.0530180718e-04	2.4072990439e-04
254               	-6.7328752263e-05	9.4401977341e-03	3.4441325794e-04	1.0487787671e-04	2.3953538123e-04
255               	-6.6946519269e-05	9.4344224715e-03	3.4279973506e-04	1.0445334826e-04	2.3834638680e-04
256               	-6.6568372453e-05	9.4286683105e-03	3.4119308062e-04	1.0402816786e-04	2.3716491276e-04
257               	-6.6196036608e-05	9.4229369153e-03	3.3959688940e-04	1.0360240809e-04	2.3599448131e-04
258               	-6.5830491038e-05	9.4172280861e-03	3.3801376281e-04	1.0317639036e-04	2.3483737244e-04
259               	-6.5472195092e-05	9.4115405181e-03	3.3644544451e-04	1.0275052716e-04	2.3369491735e-04
260               	-6.5120399624e-05	9.4058729822e-03	3.3489127587e-04	1.0232523831e-04	2.3256603756e-04
261               	-6.4774980354e-05	9.4002247986e-03	3.3335144540e-04	1.0190074235e-04	2.3145070305e-04
262               	-6.4436162523e-05	9.3945965095e-03	3.3182657677e-04	1.0147712586e-04	2.3034945091e-04
263               	-6.4103804633e-05	9.3889891238e-03	3.3031669562e-04	1.0105454318e-04	2.2926215245e-04
264               	-6.3777330633e-05	9.3834030862e-03	3.2882120167e-04	1.0063327020e-04	2.2818793147e-04
265               	-6.3455915046e-05	9.3778381711e-03	3.2733911990e-04	1.0021364491e-04	2.2712547500e-04
266               	-6.3139783120e-05	9.3722938299e-03	3.2587095751e-04	9.9795695636e-05	2.2607526188e-04
267               	-6.2829758636e-05	9.3667692185e-03	3.2441821360e-04	9.9379348162e-05	2.2503886543e-04
268               	-6.2524798208e-05	9.3612641185e-03	3.2297947182e-04	9.8964937701e-05	2.2401453412e-04
269               	-6.2225149606e-05	9.3557800716e-03	3.2155615133e-04	9.8552926060e-05	2.2300322527e-04
270               	-6.1924324028e-05	9.3503170068e-03	3.2013642082e-04	9.8143886380e-05	2.2199253444e-04
271               	-6.1615195696e-05	9.3448742037e-03	3.1870735154e-04	9.7738480075e-05	2.2096887147e-04
272               	-6.1303201363e-05	9.3394508909e-03	3.1727893094e-04	9.7336264109e-05	2.1994266683e-04
273               	-6.0992977588e-05	9.3340470386e-03	3.1585895912e-04	9.6936501971e-05	2.1892245715e-04
274               	-6.0686306685e-05	9.3286629396e-03	3.1445018386e-04	9.6538785244e-05	2.1791139861e-04
275               	-6.0383306030e-05	9.3232988052e-03	3.1305293069e-04	9.6143159316e-05	2.1690977138e-04
276               	-6.0083810542e-05	9.3179546029e-03	3.1166731974e-04	9.5749849328e-05	2.1591747041e-04
277               	-5.9787938278e-05	9.3126301268e-03	3.1029386806e-04	9.5358995750e-05	2.1493487231e-04
278               	-5.9495967400e-05	9.3073250544e-03	3.0893319651e-04	9.4970630855e-05	2.1396256566e-04
279               	-5.9208055726e-05	9.3020391462e-03	3.0758570344e-04	9.4584795995e-05	2.1300090745e-04
280               	-5.8924090399e-05	9.2967723418e-03	3.0625136075e-04	9.4201589975e-05	2.1204977077e-04
281               	-5.8643711006e-05	9.2915246983e-03	3.0492960781e-04	9.3821092900e-05	2.1110851491e-04
282               	-5.8366369395e-05	9.2862962991e-03	3.0362010479e-04	9.3443683002e-05	2.1017642179e-04
283               	-5.8091362603e-05	9.2810871453e-03	3.0232188867e-04	9.3069581733e-05	2.0925230694e-04
284               	-5.7817941420e-05	9.2758970212e-03	3.0103357114e-04	9.2698844151e-05	2.0833472699e-04
285               	-5.7545461294e-05	9.2707256822e-03	2.9975366442e-04	9.2331370918e-05	2.0742229351e-04
286               	-5.7273800328e-05	9.2655729607e-03	2.9848178470e-04	9.1967092021e-05	2.0651469268e-04
287               	-5.7003302566e-05	9.2604387386e-03	2.9721847283e-04	9.1605933851e-05	2.0561253898e-04
288               	-5.6734377669e-05	9.2553231659e-03	2.9596441532e-04	9.1247829991e-05	2.0471658533e-04
289               	-5.6467107148e-05	9.2502263919e-03	2.9471974927e-04	9.0892767486e-05	2.0382698178e-04
290               	-5.6201278623e-05	9.2451484705e-03	2.9348410673e-04	9.0540774740e-05	2.0294333199e-04
291               	-5.5936659011e-05	9.2400893394e-03	2.9225706860e-04	9.0191875291e-05	2.0206519331e-04
292               	-5.5673186913e-05	9.2350487760e-03	2.9103848651e-04	8.9846056344e-05	2.0119243017e-04
293               	-5.5410917449e-05	9.2300264480e-03	2.8982832975e-04	8.9503247428e-05	2.0032508232e-04
294               	-5.5149924389e-05	9.2250224248e-03	2.8862655328e-04	8.9163352252e-05	1.9946320103e-04
295               	-5.4890270211e-05	9.2200367892e-03	2.8743310467e-04	8.8826282125e-05	1.9860682255e-04
296               	-5.4632021739e-05	9.2150695195e-03	2.8624799318e-04	8.8491974853e-05	1.9775601833e-04
297               	-5.4375233045e-05	9.2101205567e-03	2.8507124776e-04	8.8160390835e-05	1.9691085693e-04
298               	-5.4119919644e-05	9.2051898644e-03	2.8390284982e-04	8.7831505267e-05	1.9607134455e-04
299               	-5.3866032364e-05	9.2002773427e-03	2.8274263935e-04	8.7505287311e-05	1.9523735204e-04
300               	-5.3613490256e-05	9.1953828150e-03	2.8159041028e-04	8.7181714886e-05	1.9440869540e-04
301               	-5.3362224733e-05	9.1905060874e-03	2.8044599320e-04	8.6860771867e-05	1.9358522133e-04
302               	-5.3112201860e-05	9.1856471443e-03	2.7930928753e-04	8.6542441904e-05	1.9276684562e-04
303               	-5.2863422307e-05	9.1808060727e-03	2.7818024410e-04	8.6226699741e-05	1.9195354435e-04
304               	-5.2615916453e-05	9.1759830521e-03	2.7705885166e-04	8.5913509377e-05	1.9114534228e-04
305               	-5.2369735628e-05	9.1711781036e-03	2.7594511990e-04	8.5602824320e-05	1.9034229558e-04
306               	-5.2124929121e-05	9.1663909319e-03	2.7483903235e-04	8.5294587054e-05	1.8954444530e-04
307               	-5.1881526634e-05	9.1616212403e-03	2.7374052374e-04	8.4988735235e-05	1.8875178850e-04
308               	-5.1639532362e-05	9.1568689515e-03	2.7264947755e-04	8.4685206411e-05	1.8796427113e-04
309               	-5.1398931953e-05	9.1521341927e-03	2.7156578034e-04	8.4383958216e-05	1.8718182212e-04
310               	-5.1159664907e-05	9.1474170249e-03	2.7048920221e-04	8.4084936197e-05	1.8640426601e-04
311               	-5.0921632484e-05	9.1427174095e-03	2.6941942584e-04	8.3788080434e-05	1.8563134540e-04
312               	-5.0684716407e-05	9.1380352921e-03	2.6835609950e-04	8.3493333343e-05	1.8486276616e-04
313               	-5.0448880301e-05	9.1333706568e-03	2.6729901290e-04	8.3200626148e-05	1.8409838675e-04
314               	-5.0213759121e-05	9.1287232640e-03	2.6624739023e-04	8.2909935994e-05	1.8333745424e-04
315               	-4.9979325831e-05	9.1240927895e-03	2.6520126419e-04	8.2621306264e-05	1.8257995793e-04
316               	-4.9745707818e-05	9.1194791926e-03	2.6416075972e-04	8.2334672041e-05	1.8182608768e-04
317               	-4.9512887487e-05	9.1148826250e-03	2.6312544251e-04	8.2049833769e-05	1.8107560874e-04
318               	-4.9280708687e-05	9.1103031215e-03	2.6209470899e-04	8.1766645808e-05	1.8032806318e-04
319               	-4.9049085821e-05	9.1057407750e-03	2.6106839974e-04	8.1485114049e-05	1.7958328569e-04
320               	-4.8818118244e-05	9.1011955812e-03	2.6004684050e-04	8.1205302005e-05	1.7884153849e-04
321               	-4.8587974251e-05	9.0966670694e-03	2.5903032409e-04	8.0927187793e-05	1.7810313629e-04
322               	-4.8358760954e-05	9.0921550248e-03	2.5801885663e-04	8.0650667361e-05	1.7736818927e-04
323               	-4.8130502453e-05	9.0876593510e-03	2.5701228243e-04	8.0375638763e-05	1.7663664367e-04
324               	-4.7903194033e-05	9.0831798698e-03	2.5601049798e-04	8.0102054959e-05	1.7590844303e-04
325               	-4.7676841135e-05	9.0787168073e-03	2.5501350239e-04	7.9829910058e-05	1.7518359233e-04
326               	-4.7451460157e-05	9.0742702351e-03	2.5402130458e-04	7.9559192130e-05	1.7446211244e-04
327               	-4.7227048171e-05	9.0698401703e-03	2.5303381097e-04	7.9289857315e-05	1.7374395366e-04
328               	-4.7003574150e-05	9.0654264544e-03	2.5205082984e-04	7.9021840771e-05	1.7302898907e-04
329               	-4.6781061241e-05	9.0610288801e-03	2.5107229609e-04	7.8755086801e-05	1.7231720928e-04
330               	-4.6559155748e-05	9.0566474478e-03	2.5009718508e-04	7.8489436793e-05	1.7160774829e-04
331               	-4.6337334108e-05	9.0522822408e-03	2.4912435345e-04	7.8224842616e-05	1.7089951083e-04
332               	-4.6115483113e-05	9.0479332665e-03	2.4815354305e-04	7.7961288414e-05	1.7019225464e-04
333               	-4.5893782998e-05	9.0436004301e-03	2.4718508557e-04	7.7698759788e-05	1.6948632578e-04
334               	-4.5672359820e-05	9.0392833006e-03	2.4621919665e-04	7.7437238503e-05	1.6878195814e-04
335               	-4.5451362725e-05	9.0349819518e-03	2.4525610558e-04	7.7176690062e-05	1.6807941551e-04
336               	-4.5231206910e-05	9.0306969014e-03	2.4429649589e-04	7.6917041035e-05	1.6737945486e-04
337               	-4.5012393210e-05	9.0264281171e-03	2.4334116962e-04	7.6658191602e-05	1.6668297802e-04
338               	-4.4795416140e-05	9.0221752104e-03	2.4239090520e-04	7.6400036462e-05	1.6599086874e-04
339               	-4.4580730993e-05	9.0179379389e-03	2.4144663219e-04	7.6142585102e-05	1.6530404709e-04
340               	-4.4368996214e-05	9.0137163064e-03	2.4050994426e-04	7.5885975915e-05	1.6462396834e-04
341               	-4.4160748327e-05	9.0095100951e-03	2.3958215262e-04	7.5630327980e-05	1.6395182463e-04
342               	-4.3955972968e-05	9.0053195176e-03	2.3866319655e-04	7.5375625307e-05	1.6328757124e-04
343               	-4.3754118806e-05	9.0011446492e-03	2.3775171056e-04	7.5121736474e-05	1.6262997409e-04
344               	-4.3554386438e-05	8.9969856474e-03	2.3684595650e-04	7.4868591812e-05	1.6197736469e-04
345               	-4.3356317724e-05	8.9928422624e-03	2.3594513399e-04	7.4616249271e-05	1.6132888472e-04
346               	-4.3159401555e-05	8.9887138987e-03	2.3504853078e-04	7.4364863837e-05	1.6068366695e-04
347               	-4.2963078473e-05	8.9846006308e-03	2.3415527508e-04	7.4114559068e-05	1.6004071601e-04
348               	-4.2766494152e-05	8.9805029734e-03	2.3326366115e-04	7.3865336425e-05	1.5939832473e-04
349               	-4.2569120400e-05	8.9764208788e-03	2.3237262279e-04	7.3617190994e-05	1.5875543179e-04
350               	-4.2371248080e-05	8.9723538249e-03	2.3148279360e-04	7.3370148719e-05	1.5811264488e-04
351               	-4.2172990652e-05	8.9683016436e-03	2.3059420148e-04	7.3124110089e-05	1.5747009139e-04
352               	-4.1974266893e-05	8.9642645796e-03	2.2970642280e-04	7.2878944505e-05	1.5682747829e-04
353               	-4.1774988742e-05	8.9602427570e-03	2.2881903746e-04	7.2634529988e-05	1.5618450747e-04
354               	-4.1575210856e-05	8.9562360202e-03	2.2793200482e-04	7.2390791552e-05	1.5554121326e-04
355               	-4.1375634016e-05	8.9522441860e-03	2.2704679931e-04	7.2147765638e-05	1.5489903367e-04
356               	-4.1175851219e-05	8.9482671094e-03	2.2616231883e-04	7.1905308194e-05	1.5425701063e-04
357               	-4.0975906435e-05	8.9443049063e-03	2.2527868205e-04	7.1663434588e-05	1.5361524746e-04
358               	-4.0776380442e-05	8.9403576116e-03	2.2439712066e-04	7.1422179886e-05	1.5297494077e-04
359               	-4.0578046724e-05	8.9364251084e-03	2.2351920693e-04	7.1181556739e-05	1.5233765019e-04
360               	-4.0381576338e-05	8.9325074320e-03	2.2264622173e-04	7.0941534528e-05	1.5170468720e-04
361               	-4.0187451599e-05	8.9286046379e-03	2.2177903063e-04	7.0702063718e-05	1.5107696692e-04
362               	-3.9995956739e-05	8.9247160699e-03	2.2091813200e-04	7.0463109261e-05	1.5045502274e-04
363               	-3.9807163609e-05	8.9208418924e-03	2.2006368479e-04	7.0224678786e-05	1.4983900601e-04
364               	-3.9620929560e-05	8.9169825569e-03	2.1921549431e-04	6.9986817597e-05	1.4922867672e-04
365               	-3.9436925979e-05	8.9131379497e-03	2.1837302360e-04	6.9749585821e-05	1.4862343778e-04
366               	-3.9254702351e-05	8.9093075627e-03	2.1753550356e-04	6.9513049431e-05	1.4802245413e-04
367               	-3.9073747535e-05	8.9054914727e-03	2.1670203905e-04	6.9277271991e-05	1.4742476706e-04
368               	-3.8893557857e-05	8.9016897092e-03	2.1587172327e-04	6.9042303776e-05	1.4682941949e-04
369               	-3.8713697699e-05	8.8979022715e-03	2.1504376260e-04	6.8808183602e-05	1.4623557900e-04
370               	-3.8533838779e-05	8.8941287930e-03	2.1421754296e-04	6.8574932700e-05	1.4564261026e-04
371               	-3.8353788007e-05	8.8903692256e-03	2.1339269269e-04	6.8342558339e-05	1.4505013435e-04
372               	-3.8173495107e-05	8.8866237900e-03	2.1256909341e-04	6.8111051597e-05	1.4445804181e-04
373               	-3.7993050190e-05	8.8828926531e-03	2.1174688225e-04	6.7880390936e-05	1.4386649132e-04
374               	-3.7812624128e-05	8.8791756213e-03	2.1092631729e-04	6.7650534517e-05	1.4327578277e-04
375               	-3.7632472719e-05	8.8754723684e-03	2.1010781709e-04	6.7421435824e-05	1.4268638126e-04
376               	-3.7452899536e-05	8.8717827228e-03	2.0929191174e-04	6.7193056332e-05	1.4209885540e-04
377               	-3.7274187013e-05	8.8681068060e-03	2.0847910551e-04	6.6965365745e-05	1.4151373977e-04
378               	-3.7096535416e-05	8.8644447766e-03	2.0766978118e-04	6.6738355176e-05	1.4093142601e-04
379               	-3.6920064830e-05	8.8607965981e-03	2.0686417788e-04	6.6512024109e-05	1.4035215377e-04
380               	-3.6744780049e-05	8.8571621290e-03	2.0606230341e-04	6.6286371655e-05	1.3977593175e-04
381               	-3.6570634674e-05	8.8535412401e-03	2.0526406652e-04	6.6061398586e-05	1.3920266793e-04
382               	-3.6397507559e-05	8.8499338623e-03	2.0446925004e-04	6.5837117463e-05	1.3863213258e-04
383               	-3.6225265631e-05	8.8463399784e-03	2.0367762799e-04	6.5613548364e-05	1.3806407963e-04
384               	-3.6053781211e-05	8.8427595458e-03	2.0288898673e-04	6.5390712152e-05	1.3749827457e-04
385               	-3.5882931108e-05	8.8391925092e-03	2.0210311468e-04	6.5168626234e-05	1.3693448845e-04
386               	-3.5712615180e-05	8.8356386699e-03	2.0131983266e-04	6.4947301150e-05	1.3637253151e-04
387               	-3.5542759429e-05	8.8320979209e-03	2.0053900333e-04	6.4726742237e-05	1.3581226109e-04
388               	-3.5373335832e-05	8.8285703385e-03	1.9976054967e-04	6.4506939001e-05	1.3525361067e-04
389               	-3.5204368562e-05	8.8250559744e-03	1.9898450329e-04	6.4287883083e-05	1.3469662021e-04
390               	-3.5035933321e-05	8.8215547504e-03	1.9821103744e-04	6.4069585396e-05	1.3414145204e-04
391               	-3.4868123785e-05	8.8180666170e-03	1.9744034829e-04	6.3852050360e-05	1.3358829793e-04
392               	-3.4701016187e-05	8.8145915244e-03	1.9667251738e-04	6.3635242502e-05	1.3303727488e-04
393               	-3.4534670925e-05	8.8111294648e-03	1.9590757825e-04	6.3419118199e-05	1.3248846005e-04
394               	-3.4369146474e-05	8.8076803023e-03	1.9514563731e-04	6.3203672182e-05	1.3194196513e-04
395               	-3.4204492207e-05	8.8042442373e-03	1.9438685842e-04	6.2988937003e-05	1.3139792142e-04
396               	-3.4040735593e-05	8.8008209398e-03	1.9363134113e-04	6.2774934973e-05	1.3085640616e-04
397               	-3.3877863399e-05	8.7974102489e-03	1.9287902417e-04	6.2561648686e-05	1.3031737548e-04
398               	-3.3715826745e-05	8.7940123558e-03	1.9212974293e-04	6.2349044719e-05	1.2978069821e-04
399               	-3.3554570356e-05	8.7906273471e-03	1.9138336387e-04	6.2137111580e-05	1.2924625229e-04
400               	-3.3394047067e-05	8.7872550535e-03	1.9063983922e-04	6.1925872543e-05	1.2871396668e-04
401               	-3.3234217937e-05	8.7838952942e-03	1.8989919010e-04	6.1715377112e-05	1.2818381299e-04
402               	-3.3075050625e-05	8.7805480057e-03	1.8916139395e-04	6.1505646351e-05	1.2765574760e-04
403               	-3.2916514905e-05	8.7772131846e-03	1.8842634234e-04	6.1296656267e-05	1.2712968608e-04
404               	-3.2758592917e-05	8.7738908002e-03	1.8769393328e-04	6.1088373725e-05	1.2660555956e-04
405               	-3.2601287508e-05	8.7705808408e-03	1.8696415439e-04	6.0880789686e-05	1.2608336470e-04
406               	-3.2444625997e-05	8.7672832931e-03	1.8623711036e-04	6.0673929183e-05	1.2556318118e-04
407               	-3.2288648139e-05	8.7639981051e-03	1.8551290622e-04	6.0467804972e-05	1.2504510125e-04
408               	-3.2133369995e-05	8.7607251607e-03	1.8479153464e-04	6.0262397324e-05	1.2452913731e-04
409               	-3.1978806905e-05	8.7574642970e-03	1.8407297236e-04	6.0057679275e-05	1.2401529309e-04
410               	-3.1824980269e-05	8.7542154549e-03	1.8335726028e-04	5.9853649870e-05	1.2350361041e-04
411               	-3.1671916790e-05	8.7509786902e-03	1.8264448331e-04	5.9650324864e-05	1.2299415844e-04
412               	-3.1519632372e-05	8.7477540957e-03	1.8193469923e-04	5.9447717243e-05	1.2248698199e-04
413               	-3.1368127851e-05	8.7445416418e-03	1.8122790785e-04	5.9245826075e-05	1.2198208178e-04
414               	-3.1217371495e-05	8.7413413365e-03	1.8052401859e-04	5.9044637798e-05	1.2147938079e-04
415               	-3.1067323179e-05	8.7381531762e-03	1.7982293517e-04	5.8844144406e-05	1.2097879076e-04
416               	-3.0917956471e-05	8.7349767595e-03	1.7912460329e-04	5.8644345172e-05	1.2048025811e-04
417               	-3.0769260836e-05	8.7318117786e-03	1.7842900791e-04	5.8445243121e-05	1.1998376479e-04
418               	-3.0621238505e-05	8.7286583304e-03	1.7773615336e-04	5.8246838175e-05	1.1948931518e-04
419               	-3.0473866875e-05	8.7255167131e-03	1.7704594621e-04	5.8049106229e-05	1.1899683998e-04
420               	-3.0327130614e-05	8.7223870425e-03	1.7635834576e-04	5.7852042268e-05	1.1850630350e-04
421               	-3.0181068357e-05	8.7192691623e-03	1.7567348895e-04	5.7655676118e-05	1.1801781283e-04
422               	-3.0035694220e-05	8.7161628411e-03	1.7499141050e-04	5.7460011033e-05	1.1753139947e-04
423               	-2.9916946602e-05	8.7131378155e-03	1.7446633782e-04	5.7316222308e-05	1.1715011551e-04
424               	-2.9730677193e-05	8.7100628499e-03	1.7357458777e-04	5.7056616694e-05	1.1651797108e-04
425               	-2.9571774115e-05	8.7069701769e-03	1.7280975796e-04	5.6833104864e-05	1.1597665310e-04
426               	-2.9479300046e-05	8.7038774486e-03	1.7238720678e-04	5.6714303344e-05	1.1567290344e-04
427               	-2.9322195552e-05	8.7007598490e-03	1.7162732879e-04	5.6491468843e-05	1.1513585995e-04
428               	-2.9165276595e-05	8.6977438345e-03	1.7088920597e-04	5.6279326390e-05	1.1460987958e-04
429               	-2.9053683313e-05	8.6948043974e-03	1.7040058857e-04	5.6146610974e-05	1.1425397760e-04
430               	-2.8884323332e-05	8.6917898599e-03	1.6958827194e-04	5.5909812638e-05	1.1367845930e-04
431               	-2.8759841137e-05	8.6888348818e-03	1.6901548634e-04	5.5747902032e-05	1.1326758431e-04
432               	-2.8597216873e-05	8.6857724095e-03	1.6821649580e-04	5.5511031028e-05	1.1270546477e-04
433               	-2.8489902856e-05	8.6827821355e-03	1.6771777426e-04	5.5368984276e-05	1.1234878999e-04
434               	-2.8334588262e-05	8.6797529858e-03	1.6696318063e-04	5.5147002055e-05	1.1181617858e-04
435               	-2.8219757941e-05	8.6768516543e-03	1.6644735067e-04	5.5003917394e-05	1.1144343328e-04
436               	-2.8053150388e-05	8.6739070844e-03	1.6565168454e-04	5.4772691880e-05	1.1087899266e-04
437               	-2.7935755690e-05	8.6710273122e-03	1.6512060691e-04	5.4624547766e-05	1.1049605915e-04
438               	-2.7776728527e-05	8.6680512392e-03	1.6434771898e-04	5.4397130965e-05	1.0995058802e-04
439               	-2.7668050394e-05	8.6651465529e-03	1.6384704605e-04	5.4255472630e-05	1.0959157342e-04
440               	-2.7511569607e-05	8.6621924083e-03	1.6308663874e-04	5.4031749764e-05	1.0905488898e-04
441               	-2.7400149079e-05	8.6593439593e-03	1.6257982010e-04	5.3889760972e-05	1.0869005913e-04
442               	-2.7266111421e-05	8.6565141230e-03	1.6195903072e-04	5.3713403941e-05	1.0824562678e-04
443               	-2.7089842355e-05	8.6536231361e-03	1.6110046927e-04	5.3460392278e-05	1.0764007699e-04
444               	-2.6987150462e-05	8.6507616456e-03	1.6061755952e-04	5.3321629298e-05	1.0729593022e-04
445               	-2.6877240586e-05	8.6478782627e-03	1.6009247093e-04	5.3168994881e-05	1.0692347605e-04
446               	-2.6712311653e-05	8.6449949856e-03	1.5928682995e-04	5.2931103320e-05	1.0635572663e-04
447               	-2.6601746730e-05	8.6422223302e-03	1.5878213528e-04	5.2789320911e-05	1.0599281437e-04
448               	-2.6479542442e-05	8.6394437982e-03	1.5821283384e-04	5.2626874478e-05	1.0558595936e-04
449               	-2.6337955290e-05	8.6366778390e-03	1.5754327747e-04	5.2433683444e-05	1.0510959403e-04
450               	-2.6196017979e-05	8.6338941115e-03	1.5686184629e-04	5.2234905167e-05	1.0462694113e-04
451               	-2.6070533437e-05	8.6310664418e-03	1.5624772065e-04	5.2053326886e-05	1.0419439376e-04
452               	-2.5956810183e-05	8.6282290693e-03	1.5568839828e-04	5.1887388957e-05	1.0380100932e-04
453               	-2.5838967133e-05	8.6254437885e-03	1.5512050319e-04	5.1721284460e-05	1.0339921873e-04
454               	-2.5710113765e-05	8.6227276967e-03	1.5451127386e-04	5.1545523164e-05	1.0296575069e-04
455               	-2.5577517096e-05	8.6200374570e-03	1.5388264615e-04	5.1363805978e-05	1.0251884017e-04
456               	-2.5451469331e-05	8.6173215973e-03	1.5327229958e-04	5.1184680458e-05	1.0208761912e-04
457               	-2.5334035708e-05	8.6145722104e-03	1.5269149521e-04	5.1011711894e-05	1.0167978331e-04
458               	-2.5219121556e-05	8.6118228873e-03	1.5212229966e-04	5.0842028274e-05	1.0128027139e-04
459               	-2.5100743601e-05	8.6091076886e-03	1.5154435682e-04	5.0671434811e-05	1.0087292201e-04
460               	-2.4984381016e-05	8.6064297007e-03	1.5096851862e-04	5.0499878296e-05	1.0046864033e-04
461               	-2.4874089422e-05	8.6037678896e-03	1.5040587466e-04	5.0328847906e-05	1.0007702675e-04
462               	-2.4771105012e-05	8.6011016306e-03	1.4986243087e-04	5.0160110423e-05	9.9702320448e-05
463               	-2.4668868279e-05	8.5984269723e-03	1.4932354523e-04	4.9992904338e-05	9.9330640895e-05
464               	-2.4563359655e-05	8.5957554274e-03	1.4877940851e-04	4.9826344599e-05	9.8953063909e-05
465               	-2.4453640802e-05	8.5930994752e-03	1.4822706138e-04	4.9659889887e-05	9.8567171492e-05
466               	-2.4339282719e-05	8.5904624581e-03	1.4766594028e-04	4.9493687421e-05	9.8172252859e-05
467               	-2.4195378882e-05	8.5877744999e-03	1.4695539847e-04	4.9282320353e-05	9.7673078117e-05
468               	-2.4109673981e-05	8.5851524826e-03	1.4657610994e-04	4.9178380988e-05	9.7397728950e-05
469               	-2.3965575624e-05	8.5825079265e-03	1.4591837960e-04	4.8993614177e-05	9.6924765424e-05
470               	-2.3818735869e-05	8.5799223497e-03	1.4528115399e-04	4.8821841125e-05	9.6459312863e-05
471               	-2.3679549935e-05	8.5773416465e-03	1.4469482243e-04	4.8667861283e-05	9.6026961152e-05
472               	-2.3542623459e-05	8.5747562399e-03	1.4411948329e-04	4.8517118187e-05	9.5602365106e-05
473               	-2.3400598695e-05	8.5721874204e-03	1.4351466421e-04	4.8356733408e-05	9.5157930799e-05
474               	-2.3255865982e-05	8.5696385759e-03	1.4288692685e-04	4.8187597444e-05	9.4699329407e-05
475               	-2.3117157470e-05	8.5670907696e-03	1.4227128228e-04	4.8018483669e-05	9.4252798609e-05
476               	-2.2989575050e-05	8.5645341730e-03	1.4168842263e-04	4.7854636264e-05	9.3833786364e-05
477               	-2.2871012966e-05	8.5619825617e-03	1.4113017399e-04	4.7694074030e-05	9.3436099961e-05
478               	-2.2756776351e-05	8.5594546417e-03	1.4057809405e-04	4.7532270675e-05	9.3045823377e-05
479               	-2.2644920540e-05	8.5569518482e-03	1.4002485580e-04	4.7367507359e-05	9.2657348438e-05
480               	-2.2536612167e-05	8.5544595392e-03	1.3947632641e-04	4.7201551037e-05	9.2274775372e-05
481               	-2.2432883752e-05	8.5519652380e-03	1.3893945544e-04	4.7036843971e-05	9.1902611474e-05
482               	-2.2332320440e-05	8.5494703974e-03	1.3841303416e-04	4.6874196638e-05	9.1538837519e-05
483               	-2.2231893216e-05	8.5469854050e-03	1.3788956095e-04	4.6712887261e-05	9.1176673693e-05
484               	-2.2129302900e-05	8.5445174045e-03	1.3736271534e-04	4.6552054769e-05	9.0810660569e-05
485               	-2.2024208512e-05	8.5420646451e-03	1.3683154418e-04	4.6391563578e-05	9.0439980601e-05
486               	-2.1917572052e-05	8.5396206683e-03	1.3629872687e-04	4.6231791384e-05	9.0066935489e-05
487               	-2.1810327866e-05	8.5371814215e-03	1.3576670273e-04	4.6073023498e-05	8.9693679231e-05
488               	-2.1702755512e-05	8.5347479063e-03	1.3523589517e-04	4.5915192070e-05	8.9320703095e-05
489               	-2.1594816894e-05	8.5323235660e-03	1.3470573501e-04	4.5758050611e-05	8.8947684399e-05
490               	-2.1486737846e-05	8.5299105658e-03	1.3417631980e-04	4.5601422052e-05	8.8574897743e-05
491               	-2.1379164121e-05	8.5275084559e-03	1.3364884187e-04	4.5445256815e-05	8.8203585056e-05
492               	-2.1272863501e-05	8.5251154128e-03	1.3312482025e-04	4.5289546626e-05	8.7835273629e-05
493               	-2.1168353190e-05	8.5227302034e-03	1.3260522040e-04	4.5134257008e-05	8.7470963389e-05
494               	-2.1065779572e-05	8.5203527092e-03	1.3209026595e-04	4.4979353401e-05	8.7110912546e-05
495               	-2.0964993379e-05	8.5179836692e-03	1.3157967983e-04	4.4824846534e-05	8.6754833293e-05
496               	-2.0865694109e-05	8.5156238851e-03	1.3107299277e-04	4.4670802276e-05	8.6402190493e-05
497               	-2.0767520404e-05	8.5132735714e-03	1.3056965171e-04	4.4517305449e-05	8.6052346258e-05
498               	-2.0670163014e-05	8.5109323810e-03	1.3006911222e-04	4.4364393096e-05	8.5704719123e-05
499               	-2.0573164882e-05	8.5085998686e-03	1.2957048984e-04	4.4212080037e-05	8.5358409800e-05
500               	-2.0476114118e-05	8.5062757661e-03	1.2907304813e-04	4.4060409946e-05	8.5012638182e-05
501               	-2.0378944682e-05	8.5039601180e-03	1.2857670371e-04	4.3909407172e-05	8.4667296535e-05
502               	-2.0281657188e-05	8.5016530984e-03	1.2808136371e-04	4.3759024665e-05	8.4322339041e-05
503               	-2.0184275367e-05	8.4993548431e-03	1.2758699347e-04	4.3609221365e-05	8.3977772100e-05
504               	-2.0086825584e-05	8.4970653726e-03	1.2709364944e-04	4.3459999138e-05	8.3633650306e-05
505               	-1.9989432533e-05	8.4947846141e-03	1.2660157220e-04	4.3311353567e-05	8.3290218633e-05
506               	-1.9892307416e-05	8.4925124549e-03	1.2611113453e-04	4.3163259848e-05	8.2947874680e-05
507               	-1.9795696980e-05	8.4902488330e-03	1.2562273069e-04	4.3015668367e-05	8.2607062326e-05
508               	-1.9699756296e-05	8.4879937508e-03	1.2513658261e-04	4.2868535007e-05	8.2268047600e-05
509               	-1.9604555626e-05	8.4857472180e-03	1.2465279946e-04	4.2721844102e-05	8.1930955354e-05
510               	-1.9510143296e-05	8.4835091871e-03	1.2417150701e-04	4.2575610210e-05	8.1595896801e-05
511               	-1.9416544503e-05	8.4812795798e-03	1.2369280919e-04	4.2429860092e-05	8.1262949097e-05
512               	-1.9323719118e-05	8.4790583369e-03	1.2321665914e-04	4.2284610453e-05	8.0932048690e-05
513               	-1.9231559895e-05	8.4768454230e-03	1.2274283762e-04	4.2139858915e-05	8.0602978706e-05
514               	-1.9139933884e-05	8.4746408013e-03	1.2227107069e-04	4.1995601464e-05	8.0275469231e-05
515               	-1.9048715904e-05	8.4724444778e-03	1.2180112616e-04	4.1851847176e-05	7.9949278983e-05
516               	-1.8957806323e-05	8.4702565544e-03	1.2133284889e-04	4.1708618120e-05	7.9624230766e-05
517               	-1.8867140081e-05	8.4680770585e-03	1.2086614611e-04	4.1565932972e-05	7.9300213133e-05
518               	-1.8776688687e-05	8.4659058450e-03	1.2040096420e-04	4.1423793416e-05	7.8977170789e-05
519               	-1.8686453364e-05	8.4637427315e-03	1.1993726527e-04	4.1282179273e-05	7.8655086001e-05
520               	-1.8596461248e-05	8.4615876401e-03	1.1947507083e-04	4.1141074166e-05	7.8333996662e-05
521               	-1.8506769107e-05	8.4594406063e-03	1.1901448958e-04	4.1000475684e-05	7.8014013898e-05
522               	-1.8417440344e-05	8.4573016912e-03	1.1855564336e-04	4.0860381338e-05	7.7695262026e-05
523               	-1.8328537116e-05	8.4551708856e-03	1.1809863062e-04	4.0720778194e-05	7.7377852425e-05
524               	-1.8240121501e-05	8.4530481760e-03	1.1764353632e-04	4.0581646658e-05	7.7061889660e-05
525               	-1.8152240911e-05	8.4509335100e-03	1.1719049625e-04	4.0443007212e-05	7.6747489034e-05
526               	-1.8064904837e-05	8.4488267878e-03	1.1673960525e-04	4.0304897789e-05	7.6434707463e-05
527               	-1.7978080232e-05	8.4467279564e-03	1.1629080820e-04	4.0167323870e-05	7.6123484334e-05
528               	-1.7891752167e-05	8.4446370054e-03	1.1584391545e-04	4.0030205556e-05	7.5813709891e-05
529               	-1.7805947864e-05	8.4425539268e-03	1.1539884895e-04	3.9893476611e-05	7.5505372340e-05
530               	-1.7720686021e-05	8.4404786891e-03	1.1495570152e-04	3.9757164740e-05	7.5198536782e-05
531               	-1.7635918572e-05	8.4384112397e-03	1.1451453893e-04	3.9621350894e-05	7.4893188039e-05
532               	-1.7551544576e-05	8.4363515616e-03	1.1407526156e-04	3.9486086205e-05	7.4589175356e-05
533               	-1.7467485837e-05	8.4342996525e-03	1.1363769076e-04	3.9351359545e-05	7.4286331219e-05
534               	-1.7383735074e-05	8.4322554897e-03	1.1320172197e-04	3.9217125912e-05	7.3984596061e-05
535               	-1.7300329330e-05	8.4302190576e-03	1.1276736480e-04	3.9083353068e-05	7.3684011729e-05
536               	-1.7217292262e-05	8.4281903114e-03	1.1233467007e-04	3.8950042774e-05	7.3384627297e-05
537               	-1.7134610316e-05	8.4261691740e-03	1.1190365126e-04	3.8817215313e-05	7.3086435944e-05
538               	-1.7052268680e-05	8.4241555610e-03	1.1147429060e-04	3.8684876618e-05	7.2789413978e-05
539               	-1.6970270306e-05	8.4221493800e-03	1.1104659310e-04	3.8553026244e-05	7.2493566856e-05
540               	-1.6888658774e-05	8.4201507013e-03	1.1062060350e-04	3.8421642974e-05	7.2198960522e-05
541               	-1.6807482192e-05	8.4181595646e-03	1.1019637127e-04	3.8290703445e-05	7.1905667828e-05
542               	-1.6726760056e-05	8.4161759460e-03	1.0977392151e-04	3.8160200699e-05	7.1613720812e-05
543               	-1.6646478807e-05	8.4141997943e-03	1.0935324869e-04	3.8030145539e-05	7.1323103152e-05
544               	-1.6566610576e-05	8.4122310622e-03	1.0893432822e-04	3.7900553534e-05	7.1033774686e-05
545               	-1.6487134740e-05	8.4102697278e-03	1.0851713219e-04	3.7771431352e-05	7.0745700833e-05
546               	-1.6408047103e-05	8.4083157927e-03	1.0810163925e-04	3.7642772524e-05	7.0458866731e-05
547               	-1.6329355750e-05	8.4063693245e-03	1.0768784319e-04	3.7514565846e-05	7.0173277346e-05
548               	-1.6251068220e-05	8.4044303128e-03	1.0727574154e-04	3.7386802549e-05	6.9888938990e-05
549               	-1.6173179654e-05	8.4024987186e-03	1.0686532175e-04	3.7259481223e-05	6.9605840531e-05
550               	-1.6095676012e-05	8.4005742824e-03	1.0645656705e-04	3.7132607511e-05	6.9323959535e-05
551               	-1.6018537310e-05	8.3986568950e-03	1.0604945484e-04	3.7006190108e-05	6.9043264728e-05
552               	-1.5941748535e-05	8.3967466631e-03	1.0564396584e-04	3.6880234384e-05	6.8763731453e-05
553               	-1.5865308236e-05	8.3948436777e-03	1.0524008986e-04	3.6754736695e-05	6.8485353167e-05
554               	-1.5789230257e-05	8.3929479378e-03	1.0483783397e-04	3.6629686727e-05	6.8208147241e-05
555               	-1.5713534633e-05	8.3910593979e-03	1.0443721610e-04	3.6505073417e-05	6.7932142683e-05
556               	-1.5638237572e-05	8.3891779941e-03	1.0403825641e-04	3.6380890631e-05	6.7657365776e-05
557               	-1.5563345499e-05	8.3873036687e-03	1.0364096862e-04	3.6257138811e-05	6.7383829808e-05
558               	-1.5488854579e-05	8.3854364118e-03	1.0324535426e-04	3.6133822552e-05	6.7111531710e-05
559               	-1.5414752234e-05	8.3835762223e-03	1.0285139374e-04	3.6010944634e-05	6.6840449102e-05
560               	-1.5341022784e-05	8.3817230352e-03	1.0245905130e-04	3.5888502865e-05	6.6570548433e-05
561               	-1.5267654344e-05	8.3798767683e-03	1.0206829333e-04	3.5766492322e-05	6.6301801010e-05
562               	-1.5194640144e-05	8.3780374917e-03	1.0167909969e-04	3.5644909699e-05	6.6034189988e-05
563               	-1.5121977628e-05	8.3762052372e-03	1.0129146016e-04	3.5523752450e-05	6.5767707706e-05
564               	-1.5049664638e-05	8.3743799325e-03	1.0090536474e-04	3.5403017732e-05	6.5502347008e-05
565               	-1.4977696531e-05	8.3725614873e-03	1.0052079935e-04	3.5282703145e-05	6.5238096206e-05
566               	-1.4906068189e-05	8.3707498691e-03	1.0013775751e-04	3.5162810564e-05	6.4974946942e-05
567               	-1.4834775011e-05	8.3689450941e-03	9.9756240359e-05	3.5043345168e-05	6.4712895191e-05
568               	-1.4763805613e-05	8.3671471701e-03	9.9376216739e-05	3.4924302756e-05	6.4451913983e-05
569               	-1.4693151687e-05	8.3653560597e-03	9.8997654550e-05	3.4805675588e-05	6.4191978962e-05
570               	-1.4622818978e-05	8.3635717116e-03	9.8620556758e-05	3.4687459401e-05	6.3933097357e-05
571               	-1.4552821985e-05	8.3617940924e-03	9.8244948893e-05	3.4569652462e-05	6.3675296432e-05
572               	-1.4483170935e-05	8.3600231840e-03	9.7870850320e-05	3.4452254226e-05	6.3418596095e-05
573               	-1.4413865624e-05	8.3582589736e-03	9.7498259495e-05	3.4335264124e-05	6.3162995371e-05
574               	-1.4344901018e-05	8.3565014444e-03	9.7127165032e-05	3.4218681498e-05	6.2908483533e-05
575               	-1.4276274999e-05	8.3547505666e-03	9.6757561491e-05	3.4102505746e-05	6.2655055744e-05
576               	-1.4207988116e-05	8.3530063202e-03	9.6389445723e-05	3.3986734746e-05	6.2402710977e-05
577               	-1.4140040602e-05	8.3512686866e-03	9.6022812172e-05	3.3871365484e-05	6.2151446688e-05
578               	-1.4072430290e-05	8.3495376293e-03	9.5657651533e-05	3.3756395477e-05	6.1901256056e-05
579               	-1.4005154117e-05	8.3478131149e-03	9.5293956862e-05	3.3641824314e-05	6.1652132548e-05
580               	-1.3938206951e-05	8.3460951165e-03	9.4931717040e-05	3.3527651569e-05	6.1404065471e-05
581               	-1.3871581635e-05	8.3443835918e-03	9.4570913376e-05	3.3413875053e-05	6.1157038323e-05
582               	-1.3805271072e-05	8.3426784228e-03	9.4211524186e-05	3.3300491021e-05	6.0911033165e-05
583               	-1.3739263878e-05	8.3409797388e-03	9.3853522109e-05	3.3187497176e-05	6.0666024932e-05
584               	-1.3673556067e-05	8.3392876468e-03	9.3496901483e-05	3.3074894675e-05	6.0422006808e-05
585               	-1.3608151435e-05	8.3376020731e-03	9.3141671308e-05	3.2962684219e-05	6.0178987088e-05
586               	-1.3543054313e-05	8.3359228601e-03	9.2787837855e-05	3.2850864615e-05	5.9936973240e-05
587               	-1.3478258553e-05	8.3342499342e-03	9.2435381984e-05	3.2739432439e-05	5.9695949545e-05
588               	-1.3413753315e-05	8.3325832997e-03	9.2084273186e-05	3.2628383278e-05	5.9455889907e-05
589               	-1.3349532505e-05	8.3309229714e-03	9.1734494070e-05	3.2517714530e-05	5.9216779540e-05
590               	-1.3285596778e-05	8.3292689579e-03	9.1386044179e-05	3.2407425312e-05	5.8978618867e-05
591               	-1.3221949501e-05	8.3276212448e-03	9.1038927810e-05	3.2297514404e-05	5.8741413406e-05
592               	-1.3158593523e-05	8.3259797953e-03	9.0693147471e-05	3.2187980212e-05	5.8505167258e-05
593               	-1.3095529139e-05	8.3243445593e-03	9.0348699105e-05	3.2078820414e-05	5.8269878691e-05
594               	-1.3032755910e-05	8.3227155057e-03	9.0005578726e-05	3.1970033453e-05	5.8035545273e-05
595               	-1.2970271883e-05	8.3210926187e-03	8.9663778419e-05	3.1861617326e-05	5.7802161093e-05
596               	-1.2908079476e-05	8.3194757673e-03	8.9323299412e-05	3.1753570229e-05	5.7569729182e-05
597               	-1.2846179141e-05	8.3178650714e-03	8.8984141909e-05	3.1645891814e-05	5.7338250095e-05
598               	-1.2784571377e-05	8.3162606256e-03	8.8646305561e-05	3.1538581404e-05	5.7107724158e-05
599               	-1.2723255393e-05	8.3146623935e-03	8.8309784873e-05	3.1431637043e-05	5.6878147830e-05
600               	-1.2662232348e-05	8.3130701033e-03	8.7974575947e-05	3.1325055626e-05	5.6649520321e-05
601               	-1.2601501576e-05	8.3114836461e-03	8.7640674594e-05	3.1218835721e-05	5.6421838873e-05
602               	-1.2541061299e-05	8.3099031650e-03	8.7308078568e-05	3.1112977985e-05	5.6195100583e-05
603               	-1.2480910644e-05	8.3083288112e-03	8.6976785540e-05	3.1007482126e-05	5.5969303413e-05
604               	-1.2421051140e-05	8.3067605650e-03	8.6646793078e-05	3.0902345399e-05	5.5744447679e-05
605               	-1.2361483766e-05	8.3051982939e-03	8.6318096370e-05	3.0797564418e-05	5.5520531951e-05
606               	-1.2302208965e-05	8.3036418885e-03	8.5990693274e-05	3.0693137672e-05	5.5297555602e-05
607               	-1.2243226914e-05	8.3020913189e-03	8.5664584615e-05	3.0589065393e-05	5.5075519222e-05
608               	-1.2184535810e-05	8.3005466042e-03	8.5339765341e-05	3.0485346861e-05	5.4854418481e-05
609               	-1.2126134162e-05	8.2990077630e-03	8.5016229435e-05	3.0381980556e-05	5.4634248880e-05
610               	-1.2068020254e-05	8.2974747903e-03	8.4693969388e-05	3.0278964441e-05	5.4415004948e-05
611               	-1.2010192211e-05	8.2959476567e-03	8.4372978538e-05	3.0176297058e-05	5.4196681480e-05
612               	-1.1952648791e-05	8.2944263249e-03	8.4053253678e-05	3.0073978048e-05	5.3979275630e-05
613               	-1.1895388725e-05	8.2929107607e-03	8.3734791284e-05	2.9972006917e-05	5.3762784367e-05
614               	-1.1838410488e-05	8.2914009342e-03	8.3417585326e-05	2.9870382175e-05	5.3547203151e-05
615               	-1.1781712844e-05	8.2898968166e-03	8.3101629865e-05	2.9769102088e-05	5.3332527777e-05
616               	-1.1725293372e-05	8.2883984131e-03	8.2786917177e-05	2.9668165216e-05	5.3118751961e-05
617               	-1.1669149939e-05	8.2869057243e-03	8.2473442384e-05	2.9567571253e-05	5.2905871132e-05
618               	-1.1613281096e-05	8.2854187032e-03	8.2161202194e-05	2.9467320001e-05	5.2693882193e-05
619               	-1.1557684696e-05	8.2839373336e-03	8.1850191135e-05	2.9367410871e-05	5.2482780264e-05
620               	-1.1502358451e-05	8.2824616090e-03	8.1540401891e-05	2.9267842494e-05	5.2272559397e-05
621               	-1.1447300855e-05	8.2809914565e-03	8.1231826589e-05	2.9168612439e-05	5.2063214150e-05
622               	-1.1392510723e-05	8.2795268532e-03	8.0924458983e-05	2.9069718768e-05	5.1854740215e-05
623               	-1.1337987915e-05	8.2780678018e-03	8.0618297001e-05	2.8971160585e-05	5.1647136416e-05
624               	-1.1283732494e-05	8.2766143455e-03	8.0313341457e-05	2.8872938234e-05	5.1440403223e-05
625               	-1.1229743881e-05	8.2751664799e-03	8.0009590984e-05	2.8775051611e-05	5.1234539373e-05
626               	-1.1176021001e-05	8.2737241310e-03	7.9707040788e-05	2.8677499393e-05	5.1029541395e-05
627               	-1.1122561557e-05	8.2722872156e-03	7.9405682466e-05	2.8580279675e-05	5.0825402790e-05
628               	-1.1069363375e-05	8.2708556959e-03	7.9105509326e-05	2.8483391288e-05	5.0622118038e-05
629               	-1.1016424185e-05	8.2694296239e-03	7.8806516382e-05	2.8386834006e-05	5.0419682377e-05
630               	-1.0963741738e-05	8.2680090221e-03	7.8508696988e-05	2.8290606756e-05	5.0218090232e-05
631               	-1.0911312383e-05	8.2665938477e-03	7.8212039530e-05	2.8194707382e-05	5.0017332148e-05
632               	-1.0859102039e-05	8.2651840472e-03	7.7916475233e-05	2.8099135578e-05	4.9817339656e-05
633               	-1.0807115843e-05	8.2637795909e-03	7.7622016354e-05	2.8003892334e-05	4.9618124020e-05
634               	-1.0755362154e-05	8.2623804719e-03	7.7328677463e-05	2.7908976577e-05	4.9419700885e-05
635               	-1.0703848462e-05	8.2609866842e-03	7.7036465894e-05	2.7814384485e-05	4.9222081409e-05
636               	-1.0652576915e-05	8.2595982144e-03	7.6745378925e-05	2.7720112547e-05	4.9025266377e-05
637               	-1.0601546947e-05	8.2582150413e-03	7.6455411475e-05	2.7626158791e-05	4.8829252684e-05
638               	-1.0550760586e-05	8.2568371381e-03	7.6166566069e-05	2.7532522449e-05	4.8634043621e-05
639               	-1.0500222847e-05	8.2554644755e-03	7.5878851287e-05	2.7439202797e-05	4.8439648490e-05
640               	-1.0449938265e-05	8.2540970284e-03	7.5592273784e-05	2.7346198627e-05	4.8246075157e-05
641               	-1.0399908419e-05	8.2527347791e-03	7.5306833970e-05	2.7253508566e-05	4.8053325404e-05
642               	-1.0350132519e-05	8.2513777168e-03	7.5022527908e-05	2.7161131435e-05	4.7861396473e-05
643               	-1.0300608719e-05	8.2500258367e-03	7.4739349731e-05	2.7069066146e-05	4.7670283584e-05
644               	-1.0251335776e-05	8.2486791149e-03	7.4457295187e-05	2.6977311817e-05	4.7479983369e-05
645               	-1.0202312414e-05	8.2473375162e-03	7.4176360383e-05	2.6885867777e-05	4.7290492606e-05
646               	-1.0153536334e-05	8.2460010114e-03	7.3896540163e-05	2.6794733747e-05	4.7101806416e-05
647               	-1.0105003977e-05	8.2446695883e-03	7.3617826110e-05	2.6703909079e-05	4.6913917032e-05
648               	-1.0056711906e-05	8.2433432069e-03	7.3340208717e-05	2.6613392453e-05	4.6726816264e-05
649               	-1.0008656006e-05	8.2420218638e-03	7.3063676648e-05	2.6523182318e-05	4.6540494330e-05
650               	-9.9608328015e-06	8.2407056197e-03	7.2788222541e-05	2.6433278469e-05	4.6354944072e-05
651               	-9.9132407581e-06	8.2393944501e-03	7.2513842625e-05	2.6343680554e-05	4.6170162070e-05
652               	-9.8658802854e-06	8.2380881816e-03	7.2240534053e-05	2.6254386741e-05	4.5986147312e-05
653               	-9.8380851504e-06	8.2368080731e-03	7.2073407114e-05	2.6198618407e-05	4.5874788707e-05
654               	-9.7620662858e-06	8.2355260762e-03	7.1660589450e-05	2.6068228439e-05	4.5592361011e-05
655               	-9.7037860716e-06	8.2342299058e-03	7.1327950534e-05	2.5960189195e-05	4.5367761338e-05
656               	-9.6913870830e-06	8.2329176745e-03	7.1220493286e-05	2.5918859560e-05	4.5301633726e-05
657               	-9.6349000856e-06	8.2316129500e-03	7.0893925679e-05	2.5812062754e-05	4.5081862925e-05
658               	-9.5789052729e-06	8.2303482750e-03	7.0581950271e-05	2.5712069863e-05	4.4869880409e-05
659               	-9.5541276847e-06	8.2291028708e-03	7.0432753632e-05	2.5662249131e-05	4.4770504501e-05
660               	-9.4879896999e-06	8.2278443242e-03	7.0067067079e-05	2.5545543839e-05	4.4521523239e-05
661               	-9.4536702642e-06	8.2265981148e-03	6.9861304502e-05	2.5476981987e-05	4.4384322515e-05
662               	-9.3906548271e-06	8.2253195386e-03	6.9499998263e-05	2.5359344304e-05	4.4140653959e-05
663               	-9.3667647171e-06	8.2240550040e-03	6.9338961352e-05	2.5302715959e-05	4.4036245393e-05
664               	-9.3092971005e-06	8.2227879028e-03	6.9008865426e-05	2.5195135613e-05	4.3813729814e-05
665               	-9.2813798506e-06	8.2215612161e-03	6.8839579305e-05	2.5138409802e-05	4.3701169503e-05
666               	-9.2170677372e-06	8.2203320480e-03	6.8484172310e-05	2.5025018418e-05	4.3459153892e-05
667               	-9.1873691489e-06	8.2191159555e-03	6.8303679849e-05	2.4964470775e-05	4.3339209073e-05
668               	-9.1274808506e-06	8.2178733828e-03	6.7960327812e-05	2.4852683055e-05	4.3107644757e-05
669               	-9.1027768507e-06	8.2166456887e-03	6.7797094795e-05	2.4795770547e-05	4.3001324248e-05
670               	-9.0442130721e-06	8.2154112734e-03	6.7461478520e-05	2.4686526188e-05	4.2774952332e-05
671               	-9.0171604045e-06	8.2142069816e-03	6.7293411435e-05	2.4629545313e-05	4.2663866122e-05
672               	-8.9562366345e-06	8.2129960864e-03	6.6951391097e-05	2.4519458914e-05	4.2431932183e-05
673               	-8.9291620867e-06	8.2118025502e-03	6.6782687255e-05	2.4462181541e-05	4.2320505714e-05
674               	-8.8703903743e-06	8.2105925260e-03	6.6446921334e-05	2.4353070293e-05	4.2093851041e-05
675               	-8.8452522285e-06	8.2093995977e-03	6.6284127143e-05	2.4296811343e-05	4.1987315800e-05
676               	-8.7871830645e-06	8.2081969607e-03	6.5951657814e-05	2.4188645843e-05	4.1763011972e-05
677               	-8.7615433744e-06	8.2070171780e-03	6.5788532027e-05	2.4132722639e-05	4.1655809388e-05
678               	-8.7215120323e-06	8.2058497138e-03	6.5555631912e-05	2.4056303924e-05	4.1499327988e-05
679               	-8.6499602240e-06	8.2046731872e-03	6.5160122209e-05	2.3930100880e-05	4.1230021328e-05
680               	-8.6273142693e-06	8.2034920284e-03	6.5005141256e-05	2.3875256359e-05	4.1129884897e-05
681               	-8.6001179956e-06	8.2023069982e-03	6.4824935056e-05	2.3812349532e-05	4.1012585523e-05
682               	-8.5357805646e-06	8.2011356908e-03	6.4463244182e-05	2.3695841526e-05	4.0767402656e-05
683               	-8.5089918166e-06	8.1999895335e-03	6.4297282181e-05	2.3639649274e-05	4.0657632907e-05
684               	-8.4743461840e-06	8.1988446930e-03	6.4089950600e-05	2.3570629116e-05	4.0519321484e-05
685               	-8.4083850370e-06	8.1976910564e-03	6.3719864459e-05	2.3451547192e-05	4.0268317266e-05
686               	-8.3861681102e-06	8.1965402270e-03	6.3567525235e-05	2.3397594507e-05	4.0169930728e-05
687               	-8.3568067045e-06	8.1953902258e-03	6.3378943403e-05	2.3332664997e-05	4.0046278406e-05
688               	-8.2922500414e-06	8.1942478934e-03	6.3016765870e-05	2.3216132894e-05	3.9800632977e-05
689               	-8.2676233872e-06	8.1931214656e-03	6.2859082320e-05	2.3161917773e-05	3.9697164547e-05
690               	-8.2360545773e-06	8.1919957342e-03	6.2664514118e-05	2.3096202482e-05	3.9568311636e-05
691               	-8.1900406189e-06	8.1908882893e-03	6.2401096532e-05	2.3010507647e-05	3.9390588885e-05
692               	-8.1406622815e-06	8.1897813298e-03	6.2119304191e-05	2.2918989814e-05	3.9200314377e-05
693               	-8.1003399752e-06	8.1886533471e-03	6.1874230738e-05	2.2836775394e-05	3.9037455344e-05
694               	-8.0687742725e-06	8.1875138310e-03	6.1667664540e-05	2.2765057998e-05	3.8902606543e-05
695               	-8.0365953894e-06	8.1863915653e-03	6.1463204605e-05	2.2695006913e-05	3.8768197692e-05
696               	-7.9976199144e-06	8.1852992271e-03	6.1234690851e-05	2.2619725511e-05	3.8614965340e-05
697               	-7.9543355660e-06	8.1842215042e-03	6.0988462958e-05	2.2539895913e-05	3.8448567045e-05
698               	-7.9130293504e-06	8.1831357000e-03	6.0746648151e-05	2.2460294725e-05	3.8286353426e-05
699               	-7.8765416558e-06	8.1820355842e-03	6.0520904857e-05	2.2383910773e-05	3.8136994084e-05
700               	-7.8425001453e-06	8.1809332996e-03	6.0304924250e-05	2.2309961980e-05	3.7994962270e-05
701               	-7.8070838022e-06	8.1798433406e-03	6.0086305986e-05	2.2236069191e-05	3.7850236795e-05
702               	-7.7690143965e-06	8.1787689874e-03	5.9859973295e-05	2.2160972251e-05	3.7699001044e-05
703               	-7.7299616380e-06	8.1777028289e-03	5.9630257365e-05	2.2085167045e-05	3.7545090321e-05
704               	-7.6921216971e-06	8.1766363434e-03	5.9403760853e-05	2.2009758729e-05	3.7394002124e-05
705               	-7.6560897316e-06	8.1755672601e-03	5.9182724421e-05	2.1935272479e-05	3.7247451942e-05
706               	-7.6208473856e-06	8.1744993021e-03	5.8964612410e-05	2.1861458820e-05	3.7103153591e-05
707               	-7.5851823014e-06	8.1734372518e-03	5.8746032745e-05	2.1787834071e-05	3.6958198674e-05
708               	-7.5488018646e-06	8.1723829266e-03	5.8525959559e-05	2.1714177915e-05	3.6811781644e-05
709               	-7.5122684444e-06	8.1713347956e-03	5.8305722783e-05	2.1640592947e-05	3.6665129836e-05
710               	-7.4762195395e-06	8.1702901996e-03	5.8086989883e-05	2.1567275402e-05	3.6519714481e-05
711               	-7.4407995657e-06	8.1692476375e-03	5.7870232515e-05	2.1494316692e-05	3.6375915823e-05
712               	-7.4057167450e-06	8.1682074901e-03	5.7654795736e-05	2.1421681123e-05	3.6233114613e-05
713               	-7.3706498825e-06	8.1671711787e-03	5.7439884588e-05	2.1349292411e-05	3.6090592177e-05
714               	-7.3355289746e-06	8.1661398262e-03	5.7225275925e-05	2.1277108988e-05	3.5948166937e-05
715               	-7.3004969680e-06	8.1651135104e-03	5.7011268469e-05	2.1205137266e-05	3.5806131202e-05
716               	-7.2657050944e-06	8.1640914779e-03	5.6798221050e-05	2.1133405431e-05	3.5664815619e-05
717               	-7.2311793113e-06	8.1630729139e-03	5.6586228925e-05	2.1061935151e-05	3.5524293774e-05
718               	-7.1968454728e-06	8.1620575493e-03	5.6375150675e-05	2.0990729865e-05	3.5384420811e-05
719               	-7.1626299565e-06	8.1610457002e-03	5.6164813218e-05	2.0919776652e-05	3.5245036565e-05
720               	-7.1285241435e-06	8.1600378646e-03	5.5955163341e-05	2.0849057527e-05	3.5106105814e-05
721               	-7.0945712314e-06	8.1590342935e-03	5.5746266273e-05	2.0778561905e-05	3.4967704368e-05
722               	-7.0608135211e-06	8.1580348612e-03	5.5538227968e-05	2.0708300463e-05	3.4829927505e-05
723               	-7.0272594144e-06	8.1570392514e-03	5.5331077611e-05	2.0638279391e-05	3.4692798220e-05
724               	-6.9938811582e-06	8.1560472210e-03	5.5124771898e-05	2.0568504791e-05	3.4556267107e-05
725               	-6.9606444863e-06	8.1550587668e-03	5.4919246538e-05	2.0498978783e-05	3.4420267755e-05
726               	-6.9275354705e-06	8.1540740391e-03	5.4714462030e-05	2.0429695544e-05	3.4284766485e-05
727               	-6.8945638009e-06	8.1530931707e-03	5.4510416557e-05	2.0360644478e-05	3.4149772079e-05
728               	-6.8617501804e-06	8.1521161837e-03	5.4307136867e-05	2.0291818253e-05	3.4015318614e-05
729               	-6.8291130941e-06	8.1511429872e-03	5.4104661442e-05	2.0223217627e-05	3.3881443815e-05
730               	-6.7966595821e-06	8.1501734677e-03	5.3903016640e-05	2.0154848738e-05	3.3748167902e-05
731               	-6.7643832644e-06	8.1492075750e-03	5.3702200209e-05	2.0086716840e-05	3.3615483369e-05
732               	-6.7322695837e-06	8.1482453275e-03	5.3502183263e-05	2.0018822048e-05	3.3483361215e-05
733               	-6.7003049232e-06	8.1472867690e-03	5.3302930011e-05	1.9951160082e-05	3.3351769929e-05
734               	-6.6684838485e-06	8.1463319236e-03	5.3104420009e-05	1.9883726156e-05	3.3220693853e-05
735               	-6.6368100121e-06	8.1453807739e-03	5.2906656474e-05	1.9816518225e-05	3.3090138249e-05
736               	-6.6052908419e-06	8.1444332690e-03	5.2709655488e-05	1.9749536902e-05	3.2960118586e-05
737               	-6.5739306168e-06	8.1434893608e-03	5.2513428461e-05	1.9682783614e-05	3.2830644848e-05
738               	-6.5427265795e-06	8.1425490319e-03	5.2317970701e-05	1.9616258771e-05	3.2701711930e-05
739               	-6.5116708795e-06	8.1416122912e-03	5.2123263881e-05	1.9549961061e-05	3.2573302820e-05
740               	-6.4807554337e-06	8.1406791514e-03	5.1929287453e-05	1.9483888293e-05	3.2445399160e-05
741               	-6.4499763297e-06	8.1397496091e-03	5.1736030478e-05	1.9418038909e-05	3.2317991569e-05
742               	-6.4193340472e-06	8.1388236447e-03	5.1543493471e-05	1.9352412688e-05	3.2191080783e-05
743               	-6.3888301726e-06	8.1379012331e-03	5.1351679660e-05	1.9287009657e-05	3.2064670002e-05
744               	-6.3584664925e-06	8.1369823514e-03	5.1160592066e-05	1.9221829540e-05	3.1938762525e-05
745               	-6.3282440109e-06	8.1360669765e-03	5.0970229549e-05	1.9156870763e-05	3.1813358785e-05
746               	-6.2981630230e-06	8.1351550959e-03	5.0780588217e-05	1.9092131086e-05	3.1688457131e-05
747               	-6.2682240401e-06	8.1342467070e-03	5.0591665491e-05	1.9027608706e-05	3.1564056786e-05
748               	-6.2384278883e-06	8.1333418143e-03	5.0403461770e-05	1.8963302997e-05	3.1440158773e-05
749               	-6.2087753510e-06	8.1324404070e-03	5.0215978419e-05	1.8899213859e-05	3.1316764561e-05
750               	-6.1792661752e-06	8.1315424588e-03	5.0029214827e-05	1.8835341238e-05	3.1193873589e-05
751               	-6.1498989952e-06	8.1306479428e-03	4.9843167538e-05	1.8771684774e-05	3.1071482764e-05
752               	-6.1206721367e-06	8.1297568372e-03	4.9657831488e-05	1.8708243607e-05	3.0949587881e-05
753               	-6.0915841675e-06	8.1288691364e-03	4.9473201286e-05	1.8645016476e-05	3.0828184811e-05
754               	-6.0626346654e-06	8.1279848461e-03	4.9289273932e-05	1.8582002301e-05	3.0707271631e-05
755               	-6.0338238365e-06	8.1271039599e-03	4.9106047580e-05	1.8519199954e-05	3.0586847627e-05
756               	-6.0051518095e-06	8.1262264574e-03	4.8923521048e-05	1.8456608715e-05	3.0466912333e-05
757               	-5.9766182456e-06	8.1253523160e-03	4.8741693138e-05	1.8394228323e-05	3.0347464815e-05
758               	-5.9482223861e-06	8.1244815182e-03	4.8560561955e-05	1.8332058591e-05	3.0228503364e-05
759               	-5.9199634733e-06	8.1236140506e-03	4.8380124711e-05	1.8270098882e-05	3.0110025829e-05
760               	-5.8918408725e-06	8.1227499040e-03	4.8200378158e-05	1.8208348206e-05	2.9992029951e-05
761               	-5.8638543405e-06	8.1218890668e-03	4.8021320022e-05	1.8146805671e-05	2.9874514352e-05
762               	-5.8360032936e-06	8.1210315229e-03	4.7842948360e-05	1.8085470886e-05	2.9757477473e-05
763               	-5.8082874719e-06	8.1201772865e-03	4.7665262301e-05	1.8024343678e-05	2.9640918622e-05
764               	-5.7807073071e-06	8.1193262929e-03	4.7488258711e-05	1.7963422048e-05	2.9524836662e-05
765               	-5.7532620369e-06	8.1184785402e-03	4.7311935692e-05	1.7902705809e-05	2.9409229883e-05
766               	-5.7259503650e-06	8.1176340468e-03	4.7136291385e-05	1.7842195327e-05	2.9294096057e-05
767               	-5.6987716217e-06	8.1167928000e-03	4.6961323015e-05	1.7781889886e-05	2.9179433129e-05
768               	-5.6717251529e-06	8.1159547701e-03	4.6787026622e-05	1.7721788158e-05	2.9065238464e-05
769               	-5.6448102325e-06	8.1151199384e-03	4.6613399621e-05	1.7661889578e-05	2.8951510043e-05
770               	-5.6180260347e-06	8.1142882985e-03	4.6440439879e-05	1.7602193905e-05	2.8838245974e-05
771               	-5.5913718265e-06	8.1134598446e-03	4.6268144676e-05	1.7542700511e-05	2.8725444164e-05
772               	-5.5648469411e-06	8.1126345676e-03	4.6096510450e-05	1.7483408284e-05	2.8613102166e-05
773               	-5.5384508915e-06	8.1118124557e-03	4.5925534446e-05	1.7424316331e-05	2.8501218114e-05
774               	-5.5121833108e-06	8.1109934959e-03	4.5755215266e-05	1.7365424322e-05	2.8389790944e-05
775               	-5.4860432804e-06	8.1101776752e-03	4.5585550628e-05	1.7306732034e-05	2.8278818595e-05
776               	-5.4600297508e-06	8.1093649806e-03	4.5416537776e-05	1.7248239137e-05	2.8168298639e-05
777               	-5.4341414807e-06	8.1085554006e-03	4.5248172629e-05	1.7189944834e-05	2.8058227795e-05
778               	-5.4083776077e-06	8.1077489243e-03	4.5080451562e-05	1.7131848173e-05	2.7948603389e-05
779               	-5.3827376379e-06	8.1069455397e-03	4.4913371883e-05	1.7073948303e-05	2.7839423579e-05
780               	-5.3572211012e-06	8.1061452364e-03	4.4746931170e-05	1.7016244484e-05	2.7730686686e-05
781               	-5.3318277926e-06	8.1053480057e-03	4.4581128302e-05	1.6958736359e-05	2.7622391944e-05
782               	-5.3065572564e-06	8.1045538351e-03	4.4415961279e-05	1.6901423383e-05	2.7514537896e-05
783               	-5.2814086772e-06	8.1037627098e-03	4.4251427136e-05	1.6844304891e-05	2.7407122245e-05
784               	-5.2563810085e-06	8.1029746175e-03	4.4087522426e-05	1.6787380204e-05	2.7300142221e-05
785               	-5.2314734756e-06	8.1021895478e-03	4.3924244602e-05	1.6730648825e-05	2.7193595776e-05
786               	-5.2066852939e-06	8.1014074909e-03	4.3761590903e-05	1.6674110158e-05	2.7087480745e-05
787               	-5.1820159237e-06	8.1006284355e-03	4.3599558946e-05	1.6617763549e-05	2.6981795397e-05
788               	-5.1574650726e-06	8.0998523695e-03	4.3438146955e-05	1.6561608405e-05	2.6876538550e-05
789               	-5.1330323916e-06	8.0990792813e-03	4.3277353026e-05	1.6505644121e-05	2.6771708905e-05
790               	-5.1087174916e-06	8.0983091598e-03	4.3117175206e-05	1.6449870111e-05	2.6667305094e-05
791               	-5.0845197828e-06	8.0975419945e-03	4.2957611084e-05	1.6394285759e-05	2.6563325325e-05
792               	-5.0604388615e-06	8.0967777741e-03	4.2798658955e-05	1.6338890616e-05	2.6459768339e-05
793               	-5.0364740249e-06	8.0960164873e-03	4.2640316321e-05	1.6283684136e-05	2.6356632185e-05
794               	-5.0126241739e-06	8.0952581228e-03	4.2482579475e-05	1.6228665563e-05	2.6253913911e-05
795               	-4.9888883920e-06	8.0945026698e-03	4.2325445172e-05	1.6173834194e-05	2.6151610978e-05
796               	-4.9652663702e-06	8.0937501135e-03	4.2168911721e-05	1.6119189490e-05	2.6049722231e-05
797               	-4.9417579383e-06	8.0930004461e-03	4.2012978083e-05	1.6064731103e-05	2.5948246980e-05
798               	-4.9183624881e-06	8.0922536622e-03	4.1857641855e-05	1.6010458440e-05	2.5847183416e-05
799               	-4.8950793217e-06	8.0915097515e-03	4.1702900083e-05	1.5956370720e-05	2.5746529363e-05
800               	-4.8719078555e-06	8.0907686992e-03	4.1548750159e-05	1.5902467224e-05	2.5646282935e-05
801               	-4.8488475508e-06	8.0900304909e-03	4.1395189945e-05	1.5848747422e-05	2.5546442523e-05
802               	-4.8258979952e-06	8.0892951150e-03	4.1242217810e-05	1.5795210910e-05	2.5447006900e-05
803               	-4.8030584948e-06	8.0885625626e-03	4.1089831184e-05	1.5741857097e-05	2.5347974087e-05
804               	-4.7803287477e-06	8.0878328253e-03	4.0938028521e-05	1.5688685513e-05	2.5249343008e-05
805               	-4.7577086442e-06	8.0871058932e-03	4.0786808807e-05	1.5635695759e-05	2.5151113048e-05
806               	-4.7351965671e-06	8.0863817557e-03	4.0636166829e-05	1.5582886847e-05	2.5053279982e-05
807               	-4.7127905700e-06	8.0856604008e-03	4.0486096383e-05	1.5530257622e-05	2.4955838762e-05
808               	-4.6904901218e-06	8.0849418178e-03	4.0336594901e-05	1.5477807329e-05	2.4858787572e-05
809               	-4.6682964424e-06	8.0842259884e-03	4.0187663925e-05	1.5425535520e-05	2.4762128405e-05
810               	-4.6462103383e-06	8.0835129087e-03	4.0039305205e-05	1.5373442264e-05	2.4665862941e-05
811               	-4.6242312479e-06	8.0828025767e-03	3.9891517200e-05	1.5321527352e-05	2.4569989848e-05
812               	-4.6023577087e-06	8.0820949832e-03	3.9744295563e-05	1.5269790073e-05	2.4474505490e-05
813               	-4.5805883380e-06	8.0813901123e-03	3.9597635529e-05	1.5218229426e-05	2.4379406103e-05
814               	-4.5589224226e-06	8.0806879482e-03	3.9451534159e-05	1.5166844657e-05	2.4284689502e-05
815               	-4.5373598387e-06	8.0799884795e-03	3.9305990311e-05	1.5115635317e-05	2.4190354994e-05
816               	-4.5159005317e-06	8.0792916987e-03	3.9161002957e-05	1.5064600947e-05	2.4096402010e-05
817               	-4.4945441576e-06	8.0785975988e-03	3.9016570272e-05	1.5013740978e-05	2.4002829294e-05
818               	-4.4732899195e-06	8.0779061723e-03	3.8872689349e-05	1.4963054755e-05	2.3909634594e-05
819               	-4.4521371795e-06	8.0772174099e-03	3.8729357785e-05	1.4912541713e-05	2.3816816072e-05
820               	-4.4310853308e-06	8.0765312955e-03	3.8586572930e-05	1.4862201134e-05	2.3724371796e-05
821               	-4.4101342167e-06	8.0758478120e-03	3.8444333385e-05	1.4812032476e-05	2.3632300909e-05
822               	-4.3892832699e-06	8.0751669501e-03	3.8302636771e-05	1.4762035115e-05	2.3540601655e-05
823               	-4.3685317472e-06	8.0744887072e-03	3.8161480359e-05	1.4712208432e-05	2.3449271927e-05
824               	-4.3478794857e-06	8.0738130803e-03	3.8020863299e-05	1.4662552164e-05	2.3358311135e-05
825               	-4.3273261556e-06	8.0731400602e-03	3.7880784066e-05	1.4613065877e-05	2.3267718189e-05
826               	-4.3068711098e-06	8.0724696305e-03	3.7741239852e-05	1.4563748816e-05	2.3177491036e-05
827               	-4.2865135615e-06	8.0718017763e-03	3.7602227697e-05	1.4514600287e-05	2.3087627410e-05
828               	-4.2662525152e-06	8.0711364881e-03	3.7463743896e-05	1.4465619433e-05	2.2998124463e-05
829               	-4.2460874309e-06	8.0704737593e-03	3.7325785898e-05	1.4416805518e-05	2.2908980380e-05
830               	-4.2260181519e-06	8.0698135831e-03	3.7188352169e-05	1.4368157933e-05	2.2820194236e-05
831               	-4.2060444756e-06	8.0691559500e-03	3.7051441283e-05	1.4319676166e-05	2.2731765117e-05
832               	-4.1861659431e-06	8.0685008476e-03	3.6915051278e-05	1.4271359696e-05	2.2643691582e-05
833               	-4.1663821317e-06	8.0678482625e-03	3.6779180361e-05	1.4223208049e-05	2.2555972312e-05
834               	-4.1466925023e-06	8.0671981869e-03	3.6643826478e-05	1.4175220737e-05	2.2468605742e-05
835               	-4.1270966861e-06	8.0665506145e-03	3.6508987847e-05	1.4127397238e-05	2.2381590610e-05
836               	-4.1075943974e-06	8.0659055370e-03	3.6374662625e-05	1.4079736915e-05	2.2294925710e-05
837               	-4.0881849731e-06	8.0652629437e-03	3.6240847895e-05	1.4032238974e-05	2.2208608921e-05
838               	-4.0688677458e-06	8.0646228231e-03	3.6107540976e-05	1.3984902742e-05	2.2122638234e-05
839               	-4.0496422546e-06	8.0639851649e-03	3.5974739986e-05	1.3937727738e-05	2.2037012248e-05
840               	-4.0305082233e-06	8.0633499605e-03	3.5842443468e-05	1.3890713511e-05	2.1951729957e-05
841               	-4.0114653011e-06	8.0627172018e-03	3.5710649432e-05	1.3843859415e-05	2.1866790017e-05
842               	-3.9925129208e-06	8.0620868804e-03	3.5579355188e-05	1.3797164673e-05	2.1782190515e-05
843               	-3.9736505024e-06	8.0614589872e-03	3.5448558192e-05	1.3750628594e-05	2.1697929599e-05
844               	-3.9548777806e-06	8.0608335125e-03	3.5318256976e-05	1.3704250707e-05	2.1614006268e-05
845               	-3.9361943714e-06	8.0602104464e-03	3.5188449786e-05	1.3658030522e-05	2.1530419264e-05
846               	-3.9175997967e-06	8.0595897797e-03	3.5059134559e-05	1.3611967483e-05	2.1447167076e-05
847               	-3.8990934830e-06	8.0589715035e-03	3.4930308704e-05	1.3566060869e-05	2.1364247835e-05
848               	-3.8806749194e-06	8.0583556092e-03	3.4801969820e-05	1.3520309990e-05	2.1281659829e-05
849               	-3.8623435937e-06	8.0577420878e-03	3.4674115490e-05	1.3474714152e-05	2.1199401339e-05
850               	-3.8440990077e-06	8.0571309302e-03	3.4546743441e-05	1.3429272713e-05	2.1117470728e-05
851               	-3.8259414266e-06	8.0565221275e-03	3.4419853954e-05	1.3383985550e-05	2.1035868403e-05
852               	-3.8078703267e-06	8.0559156700e-03	3.4293444593e-05	1.3338851970e-05	2.0954592623e-05
853               	-3.7898847212e-06	8.0553115487e-03	3.4167511436e-05	1.3293870997e-05	2.0873640439e-05
854               	-3.7719841752e-06	8.0547097577e-03	3.4042053126e-05	1.3249042388e-05	2.0793010738e-05
855               	-3.7541676590e-06	8.0541103119e-03	3.3917065915e-05	1.3204365299e-05	2.0712700617e-05
856               	-3.7364355234e-06	8.0535131887e-03	3.3792549148e-05	1.3159839051e-05	2.0632710097e-05
857               	-3.7187881559e-06	8.0529183408e-03	3.3668501825e-05	1.3115462757e-05	2.0553039069e-05
858               	-3.7012251975e-06	8.0523257522e-03	3.3544923399e-05	1.3071236502e-05	2.0473686897e-05
859               	-3.6837456931e-06	8.0517354384e-03	3.3421812061e-05	1.3027160337e-05	2.0394651723e-05
860               	-3.6663487037e-06	8.0511474149e-03	3.3299164243e-05	1.2983233418e-05	2.0315930825e-05
861               	-3.6490337817e-06	8.0505616774e-03	3.3176976130e-05	1.2939454283e-05	2.0237521847e-05
862               	-3.6318377640e-06	8.0499782039e-03	3.3055320285e-05	1.2895822379e-05	2.0159497907e-05
863               	-3.6148546817e-06	8.0493969671e-03	3.2934388941e-05	1.2852339789e-05	2.0082049152e-05
864               	-3.5979473589e-06	8.0488179530e-03	3.2813909316e-05	1.2809007299e-05	2.0004902017e-05
865               	-3.5809090122e-06	8.0482411629e-03	3.2693478348e-05	1.2765830162e-05	1.9927648186e-05
866               	-3.5637017203e-06	8.0476665975e-03	3.2573027024e-05	1.2722811792e-05	1.9850215232e-05
867               	-3.5464338720e-06	8.0470942466e-03	3.2452774410e-05	1.2679953333e-05	1.9772821077e-05
868               	-3.5292354016e-06	8.0465240875e-03	3.2332972106e-05	1.2637250651e-05	1.9695721455e-05
869               	-3.5121780394e-06	8.0459560918e-03	3.2213739991e-05	1.2594691956e-05	1.9619048035e-05
870               	-3.4952771057e-06	8.0453902371e-03	3.2095078270e-05	1.2552262029e-05	1.9542816241e-05
871               	-3.4785302813e-06	8.0448265117e-03	3.1976961165e-05	1.2509950301e-05	1.9467010864e-05
872               	-3.4619439789e-06	8.0442649137e-03	3.1859400024e-05	1.2467756033e-05	1.9391643991e-05
873               	-3.4455300028e-06	8.0437054477e-03	3.1742433906e-05	1.2425686950e-05	1.9316746956e-05
874               	-3.4292869026e-06	8.0431481203e-03	3.1626079449e-05	1.2383752822e-05	1.9242326627e-05
875               	-3.4131889294e-06	8.0425929363e-03	3.1510297491e-05	1.2341959816e-05	1.9168337675e-05
876               	-3.3971923025e-06	8.0420398963e-03	3.1395003542e-05	1.2300309468e-05	1.9094694073e-05
877               	-3.3812521046e-06	8.0414889966e-03	3.1280106524e-05	1.2258801157e-05	1.9021305367e-05
878               	-3.3653361266e-06	8.0409402311e-03	3.1165542357e-05	1.2217435052e-05	1.8948107305e-05
879               	-3.3494285825e-06	8.0403935922e-03	3.1051282946e-05	1.2176212890e-05	1.8875070055e-05
880               	-3.3335250682e-06	8.0398490711e-03	3.0937322688e-05	1.2135136276e-05	1.8802186412e-05
881               	-3.3176279885e-06	8.0393066574e-03	3.0823665394e-05	1.2094204708e-05	1.8729460685e-05
882               	-3.3017458620e-06	8.0387663397e-03	3.0710322130e-05	1.2053415203e-05	1.8656906927e-05
883               	-3.2858944056e-06	8.0382281062e-03	3.0597315688e-05	1.2012763439e-05	1.8584552250e-05
884               	-3.2700963870e-06	8.0376919459e-03	3.0484683635e-05	1.1972245430e-05	1.8512438204e-05
885               	-3.2543775479e-06	8.0371578494e-03	3.0372471359e-05	1.1931858132e-05	1.8440613227e-05
886               	-3.2387615723e-06	8.0366258086e-03	3.0260722441e-05	1.1891599648e-05	1.8369122793e-05
887               	-3.2232658793e-06	8.0360958165e-03	3.0149469610e-05	1.1851468926e-05	1.8298000684e-05
888               	-3.2078998737e-06	8.0355678661e-03	3.0038730838e-05	1.1811465545e-05	1.8227265293e-05
889               	-3.1926653023e-06	8.0350419507e-03	2.9928509910e-05	1.1771589653e-05	1.8156920258e-05
890               	-3.1775576359e-06	8.0345180635e-03	2.9818799449e-05	1.1731842089e-05	1.8086957360e-05
891               	-3.1625673411e-06	8.0339961979e-03	2.9709583399e-05	1.1692224358e-05	1.8017359040e-05
892               	-3.1476811843e-06	8.0334763462e-03	2.9600839005e-05	1.1652738318e-05	1.7948100687e-05
893               	-3.1328836499e-06	8.0329585006e-03	2.9492538854e-05	1.1613385777e-05	1.7879153077e-05
894               	-3.1181591673e-06	8.0324426564e-03	2.9384654764e-05	1.1574168215e-05	1.7810486549e-05
895               	-3.1035017146e-06	8.0319288000e-03	2.9277125871e-05	1.1535061221e-05	1.7742064650e-05
896               	-3.0888972852e-06	8.0314169038e-03	2.9169944532e-05	1.1496074981e-05	1.7673869551e-05
897               	-3.0743290512e-06	8.0309069751e-03	2.9063174762e-05	1.1457258330e-05	1.7605916432e-05
898               	-3.0598023027e-06	8.0303990407e-03	2.8956821809e-05	1.1418608602e-05	1.7538213207e-05
899               	-3.0453227822e-06	8.0298930960e-03	2.8850838649e-05	1.1380096542e-05	1.7470742107e-05
900               	-3.0308930472e-06	8.0293891055e-03	2.8745178293e-05	1.1341696099e-05	1.7403482194e-05
901               	-3.0165203041e-06	8.0288870401e-03	2.8639842560e-05	1.1303400976e-05	1.7336441584e-05
902               	-3.0022170484e-06	8.0283868989e-03	2.8534884081e-05	1.1265224992e-05	1.7269659089e-05
903               	-2.9879925053e-06	8.0278886935e-03	2.8430362240e-05	1.1227188615e-05	1.7203173625e-05
904               	-2.9738483180e-06	8.0273924251e-03	2.8326300031e-05	1.1189301697e-05	1.7136998333e-05
905               	-2.9597828384e-06	8.0268980793e-03	2.8222678018e-05	1.1151556170e-05	1.7071121847e-05
906               	-2.9457963853e-06	8.0264056396e-03	2.8119461102e-05	1.1113934166e-05	1.7005526936e-05
907               	-2.9318909005e-06	8.0259150977e-03	2.8016627881e-05	1.1076423040e-05	1.6940204841e-05
908               	-2.9180654668e-06	8.0254264525e-03	2.7914177991e-05	1.1039023529e-05	1.6875154462e-05
909               	-2.9043147160e-06	8.0249397029e-03	2.7812121154e-05	1.1001745861e-05	1.6810375293e-05
910               	-2.8906318906e-06	8.0244548421e-03	2.7710463761e-05	1.0964599990e-05	1.6745863771e-05
911               	-2.8770126457e-06	8.0239718601e-03	2.7609202901e-05	1.0927588805e-05	1.6681614096e-05
912               	-2.8634555553e-06	8.0234907474e-03	2.7508329097e-05	1.0890708993e-05	1.6617620104e-05
913               	-2.8499599597e-06	8.0230114963e-03	2.7407831867e-05	1.0853955974e-05	1.6553875893e-05
914               	-2.8365239780e-06	8.0225341000e-03	2.7307703437e-05	1.0817327741e-05	1.6490375697e-05
915               	-2.8231462323e-06	8.0220585453e-03	2.7207938914e-05	1.0780823225e-05	1.6427115689e-05
916               	-2.8098260232e-06	8.0215848199e-03	2.7108537718e-05	1.0744442836e-05	1.6364094882e-05
917               	-2.7965613183e-06	8.0211129078e-03	2.7009504441e-05	1.0708190902e-05	1.6301313539e-05
918               	-2.7833556100e-06	8.0206428088e-03	2.6910840874e-05	1.0672064827e-05	1.6238776047e-05
919               	-2.7702132899e-06	8.0201745222e-03	2.6812545207e-05	1.0636059314e-05	1.6176485893e-05
920               	-2.7571371064e-06	8.0197080453e-03	2.6714617656e-05	1.0600171722e-05	1.6114445934e-05
921               	-2.7441271617e-06	8.0192433736e-03	2.6617060494e-05	1.0564403086e-05	1.6052657409e-05
922               	-2.7311820392e-06	8.0187805008e-03	2.6519876396e-05	1.0528756159e-05	1.5991120237e-05
923               	-2.7182998409e-06	8.0183194198e-03	2.6423064913e-05	1.0493232615e-05	1.5929832297e-05
924               	-2.7054790212e-06	8.0178601230e-03	2.6326621955e-05	1.0457831956e-05	1.5868789999e-05
925               	-2.6927188556e-06	8.0174026028e-03	2.6230542509e-05	1.0422552399e-05	1.5807990110e-05
926               	-2.6800198772e-06	8.0169468524e-03	2.6134825068e-05	1.0387392657e-05	1.5747432411e-05
927               	-2.6673816494e-06	8.0164928647e-03	2.6039467312e-05	1.0352352006e-05	1.5687115305e-05
928               	-2.6548027934e-06	8.0160406330e-03	2.5944466605e-05	1.0317430509e-05	1.5627036096e-05
929               	-2.6422817280e-06	8.0155901507e-03	2.5849820112e-05	1.0282628328e-05	1.5567191784e-05
930               	-2.6298180378e-06	8.0151414107e-03	2.5755526850e-05	1.0247945387e-05	1.5507581463e-05
931               	-2.6174127456e-06	8.0146944062e-03	2.5661588115e-05	1.0213381312e-05	1.5448206803e-05
932               	-2.6050666284e-06	8.0142491301e-03	2.5568004061e-05	1.0178935402e-05	1.5389068659e-05
933               	-2.5927792011e-06	8.0138055767e-03	2.5474772095e-05	1.0144606847e-05	1.5330165249e-05
934               	-2.5805487605e-06	8.0133637399e-03	2.5381887122e-05	1.0110394801e-05	1.5271492322e-05
935               	-2.5683740399e-06	8.0129236133e-03	2.5289345553e-05	1.0076298736e-05	1.5213046816e-05
936               	-2.5562551121e-06	8.0124851899e-03	2.5197146909e-05	1.0042318342e-05	1.5154828567e-05
937               	-2.5441932546e-06	8.0120484613e-03	2.5105293059e-05	1.0008453275e-05	1.5096839784e-05
938               	-2.5321900573e-06	8.0116134193e-03	2.5013786179e-05	9.9747030324e-06	1.5039083147e-05
939               	-2.5202466628e-06	8.0111800583e-03	2.4922627246e-05	9.9410669602e-06	1.4981560286e-05
940               	-2.5083634938e-06	8.0107483741e-03	2.4831816081e-05	9.9075445470e-06	1.4924271534e-05
941               	-2.4965400708e-06	8.0103183628e-03	2.4741351298e-05	9.8741355781e-06	1.4867215720e-05
942               	-2.4847749261e-06	8.0098900188e-03	2.4651230029e-05	9.8408400883e-06	1.4810389940e-05
943               	-2.4730658572e-06	8.0094633345e-03	2.4561448193e-05	9.8076582393e-06	1.4753789954e-05
944               	-2.4614106097e-06	8.0090383017e-03	2.4472001200e-05	9.7745899905e-06	1.4697411210e-05
945               	-2.4498074716e-06	8.0086149126e-03	2.4382884762e-05	9.7416349093e-06	1.4641249852e-05
946               	-2.4382559145e-06	8.0081931606e-03	2.4294096206e-05	9.7087921886e-06	1.4585304018e-05
947               	-2.4267567798e-06	8.0077730401e-03	2.4205635279e-05	9.6760608595e-06	1.4529574419e-05
948               	-2.4153116867e-06	8.0073545456e-03	2.4117503532e-05	9.6434400795e-06	1.4474063453e-05
949               	-2.4039223692e-06	8.0069376717e-03	2.4029703420e-05	9.6109293411e-06	1.4418774079e-05
950               	-2.3925896921e-06	8.0065224124e-03	2.3942236047e-05	9.5785283314e-06	1.4363707716e-05
951               	-2.3813136373e-06	8.0061087614e-03	2.3855101176e-05	9.5462369508e-06	1.4308864225e-05
952               	-2.3700932711e-06	8.0056967128e-03	2.3768296802e-05	9.5140551299e-06	1.4254241672e-05
953               	-2.3589272310e-06	8.0052862605e-03	2.3681819900e-05	9.4819827187e-06	1.4199837181e-05
954               	-2.3478140580e-06	8.0048773980e-03	2.3595666934e-05	9.4500194088e-06	1.4145647525e-05
955               	-2.3367526549e-06	8.0044701190e-03	2.3509834830e-05	9.4181647601e-06	1.4091670070e-05
956               	-2.3257424391e-06	8.0040644170e-03	2.3424321654e-05	9.3864183878e-06	1.4037903266e-05
957               	-2.3147833481e-06	8.0036602855e-03	2.3339126388e-05	9.3547798461e-06	1.3984346542e-05
958               	-2.3038756093e-06	8.0032577187e-03	2.3254248487e-05	9.3232486342e-06	1.3930999853e-05
959               	-2.2930195155e-06	8.0028567107e-03	2.3169687462e-05	9.2918242157e-06	1.3877863247e-05
960               	-2.2822152429e-06	8.0024572561e-03	2.3085442889e-05	9.2605062016e-06	1.3824936687e-05
961               	-2.2714628401e-06	8.0020593492e-03	2.3001514261e-05	9.2292942904e-06	1.3772219971e-05
962               	-2.2607618981e-06	8.0016629844e-03	2.2917899980e-05	9.1981880917e-06	1.3719711888e-05
963               	-2.2501120836e-06	8.0012681557e-03	2.2834598947e-05	9.1671873901e-06	1.3667411557e-05
964               	-2.2395127444e-06	8.0008748572e-03	2.2751609261e-05	9.1362918862e-06	1.3615317375e-05
965               	-2.2289634146e-06	8.0004830829e-03	2.2668929366e-05	9.1055012685e-06	1.3563428098e-05
966               	-2.2184637263e-06	8.0000928268e-03	2.2586557911e-05	9.0748152292e-06	1.3511742682e-05
967               	-2.2080133768e-06	7.9997040830e-03	2.2504493650e-05	9.0442334484e-06	1.3460260202e-05
968               	-2.1976121715e-06	7.9993168455e-03	2.2422735545e-05	9.0137556008e-06	1.3408979944e-05
969               	-2.1872599189e-06	7.9989311085e-03	2.2341282328e-05	8.9833812449e-06	1.3357901083e-05
970               	-2.1769564386e-06	7.9985468663e-03	2.2260132781e-05	8.9531099518e-06	1.3307022829e-05
971               	-2.1667015298e-06	7.9981641136e-03	2.2179285702e-05	8.9229413210e-06	1.3256344381e-05
972               	-2.1564950297e-06	7.9977828447e-03	2.2098740015e-05	8.8928749776e-06	1.3205865037e-05
973               	-2.1463367469e-06	7.9974030540e-03	2.2018494766e-05	8.8629106360e-06	1.3155584130e-05
974               	-2.1362264405e-06	7.9970247359e-03	2.1938548865e-05	8.8330479921e-06	1.3105500873e-05
975               	-2.1261637855e-06	7.9966478847e-03	2.1858901070e-05	8.8032867495e-06	1.3055614320e-05
976               	-2.1161484243e-06	7.9962724947e-03	2.1779550078e-05	8.7736266145e-06	1.3005923463e-05
977               	-2.1061800461e-06	7.9958985603e-03	2.1700494606e-05	8.7440672570e-06	1.2956427349e-05
978               	-2.0962583183e-06	7.9955260761e-03	2.1621733166e-05	8.7146082645e-06	1.2907124901e-05
979               	-2.0863830755e-06	7.9951550363e-03	2.1543264796e-05	8.6852493224e-06	1.2858015473e-05
980               	-2.0765541231e-06	7.9947854354e-03	2.1465088384e-05	8.6559900690e-06	1.2809098315e-05
981               	-2.0667711781e-06	7.9944172678e-03	2.1387202607e-05	8.6268301254e-06	1.2760372482e-05
982               	-2.0570340581e-06	7.9940505283e-03	2.1309606374e-05	8.5977691292e-06	1.2711837245e-05
983               	-2.0473425925e-06	7.9936852113e-03	2.1232298537e-05	8.5688066761e-06	1.2663491861e-05
984               	-2.0376966386e-06	7.9933213109e-03	2.1155278055e-05	8.5399423891e-06	1.2615335666e-05
985               	-2.0280959611e-06	7.9929588221e-03	2.1078543718e-05	8.5111758979e-06	1.2567367820e-05
986               	-2.0185398113e-06	7.9925977408e-03	2.1002092865e-05	8.4825066210e-06	1.2519586244e-05
987               	-2.0090281584e-06	7.9922380620e-03	2.0925924778e-05	8.4539342308e-06	1.2471990548e-05
988               	-1.9995618210e-06	7.9918797795e-03	2.0850041246e-05	8.4254588020e-06	1.2424582444e-05
989               	-1.9901410684e-06	7.9915228874e-03	2.0774442798e-05	8.3970803304e-06	1.2377362467e-05
990               	-1.9807650883e-06	7.9911673794e-03	2.0699127117e-05	8.3687984704e-06	1.2330328647e-05
991               	-1.9714328932e-06	7.9908132504e-03	2.0624091092e-05	8.3406126527e-06	1.2283478439e-05
992               	-1.9621437660e-06	7.9904604953e-03	2.0549332022e-05	8.3125222452e-06	1.2236809777e-05
993               	-1.9528973691e-06	7.9901091096e-03	2.0474847926e-05	8.2845265938e-06	1.2190321332e-05
994               	-1.9436936660e-06	7.9897590881e-03	2.0400637901e-05	8.2566252844e-06	1.2144012616e-05
995               	-1.9345331488e-06	7.9894104255e-03	2.0326702741e-05	8.2288182217e-06	1.2097884519e-05
996               	-1.9254160760e-06	7.9890631162e-03	2.0253042895e-05	8.2011053717e-06	1.2051937524e-05
997               	-1.9163360377e-06	7.9887171493e-03	2.0179669462e-05	8.1734986932e-06	1.2006170769e-05
998               	-1.9073006812e-06	7.9883725005e-03	2.0106591986e-05	8.1459953119e-06	1.1960596674e-05
999               	-1.8983126117e-06	7.9880291639e-03	2.0033805888e-05	8.1185903325e-06	1.1915215556e-05
1000              	-1.8893665885e-06	7.9876871482e-03	1.9961281724e-05	8.0912742733e-06	1.1870007450e-05
1001              	-1.8804569537e-06	7.9873464604e-03	1.9888991563e-05	8.0640388279e-06	1.1824952735e-05
1002              	-1.8715834150e-06	7.9870070969e-03	1.9816933958e-05	8.0368835638e-06	1.1780050394e-05
1003              	-1.8627495561e-06	7.9866690469e-03	1.9745130888e-05	8.0098158879e-06	1.1735315000e-05
1004              	-1.8539584393e-06	7.9863323012e-03	1.9673606380e-05	7.9828447509e-06	1.1690761629e-05
1005              	-1.8452102072e-06	7.9859968558e-03	1.9602368469e-05	7.9559740270e-06	1.1646394441e-05
1006              	-1.8365030718e-06	7.9856627087e-03	1.9531408229e-05	7.9292010429e-06	1.1602207186e-05
1007              	-1.8278352781e-06	7.9853298611e-03	1.9460711430e-05	7.9025204369e-06	1.1558190993e-05
1008              	-1.8192062774e-06	7.9849983068e-03	1.9390269306e-05	7.8759283757e-06	1.1514340930e-05
1009              	-1.8106164702e-06	7.9846680394e-03	1.9320082216e-05	7.8494246378e-06	1.1470657578e-05
1010              	-1.8020662834e-06	7.9843390555e-03	1.9250153651e-05	7.8230105421e-06	1.1427143109e-05
1011              	-1.7935565390e-06	7.9840113507e-03	1.9180486495e-05	7.7966867086e-06	1.1383799787e-05
1012              	-1.7850881156e-06	7.9836849191e-03	1.9111080534e-05	7.7704521516e-06	1.1340628383e-05
1013              	-1.7766619692e-06	7.9833597546e-03	1.9041934966e-05	7.7443055138e-06	1.1297629452e-05
1014              	-1.7682784743e-06	7.9830358519e-03	1.8973049555e-05	7.7182463031e-06	1.1254803252e-05
1015              	-1.7599369977e-06	7.9827132064e-03	1.8904423985e-05	7.6922749949e-06	1.1212148990e-05
1016              	-1.7516363147e-06	7.9823918142e-03	1.8836057022e-05	7.6663921961e-06	1.1169664825e-05
1017              	-1.7433756751e-06	7.9820716714e-03	1.8767947038e-05	7.6405978440e-06	1.1127349194e-05
1018              	-1.7351557944e-06	7.9817527742e-03	1.8700093754e-05	7.6148910826e-06	1.1085202671e-05
1019              	-1.7269783747e-06	7.9814351177e-03	1.8632498427e-05	7.5892708387e-06	1.1043227588e-05
1020              	-1.7188448615e-06	7.9811186959e-03	1.8565162531e-05	7.5637364042e-06	1.1001426127e-05
1021              	-1.7107551232e-06	7.9808035026e-03	1.8498085925e-05	7.5382878395e-06	1.0959798086e-05
1022              	-1.7027071741e-06	7.9804895321e-03	1.8431265769e-05	7.5129257105e-06	1.0918340059e-05
1023              	-1.6946981198e-06	7.9801767804e-03	1.8364697268e-05	7.4876505139e-06	1.0877046754e-05
1024              	-1.6867414953e-06	7.9798652580e-03	1.8298346317e-05	7.4624316632e-06	1.0835914654e-05
1025              	-1.6788424336e-06	7.9795550602e-03	1.8232128417e-05	7.4372217751e-06	1.0794906642e-05
1026              	-1.6709652281e-06	7.9792462375e-03	1.8165998941e-05	7.4120342422e-06	1.0753964698e-05
1027              	-1.6631036182e-06	7.9789387310e-03	1.8100050547e-05	7.3869216551e-06	1.0713128891e-05
1028              	-1.6552873574e-06	7.9786324296e-03	1.8034497098e-05	7.3619611918e-06	1.0672535907e-05
1029              	-1.6475436746e-06	7.9783272587e-03	1.7969493628e-05	7.3372031394e-06	1.0632290489e-05
1030              	-1.6398685081e-06	7.9780232121e-03	1.7904997534e-05	7.3126302589e-06	1.0592367275e-05
1031              	-1.6322350225e-06	7.9777203191e-03	1.7840806675e-05	7.2881683150e-06	1.0552638360e-05
1032              	-1.6246205808e-06	7.9774185993e-03	1.7776717400e-05	7.2637381189e-06	1.0512979281e-05
1033              	-1.6170218301e-06	7.9771180462e-03	1.7712652626e-05	7.2393044831e-06	1.0473348143e-05
1034              	-1.6094498923e-06	7.9768186393e-03	1.7648671862e-05	7.2148860389e-06	1.0433785823e-05
1035              	-1.6019170676e-06	7.9765203629e-03	1.7584888931e-05	7.1905273982e-06	1.0394361533e-05
1036              	-1.5944285561e-06	7.9762232133e-03	1.7521384128e-05	7.1662635077e-06	1.0355120620e-05
1037              	-1.5869823539e-06	7.9759271946e-03	1.7458173195e-05	7.1421042434e-06	1.0316068951e-05
1038              	-1.5795722966e-06	7.9756323126e-03	1.7395230264e-05	7.1180428356e-06	1.0277187429e-05
1039              	-1.5721899196e-06	7.9753385714e-03	1.7332523605e-05	7.0940718827e-06	1.0238451722e-05
1040              	-1.5648259731e-06	7.9750459738e-03	1.7270033382e-05	7.0701907180e-06	1.0199842664e-05
1041              	-1.5574736063e-06	7.9747545220e-03	1.7207749818e-05	7.0464013027e-06	1.0161348515e-05
1042              	-1.5501325404e-06	7.9744642157e-03	1.7145668082e-05	7.0227015005e-06	1.0122966581e-05
1043              	-1.5428105964e-06	7.9741750488e-03	1.7083789230e-05	6.9990840184e-06	1.0084705211e-05
1044              	-1.5355185373e-06	7.9738870098e-03	1.7022119539e-05	6.9755412321e-06	1.0046578307e-05
1045              	-1.5282614433e-06	7.9736000857e-03	1.6960664631e-05	6.9520708720e-06	1.0008593759e-05
1046              	-1.5210335198e-06	7.9733142680e-03	1.6899420785e-05	6.9286768727e-06	9.9707439123e-06
1047              	-1.5138216871e-06	7.9730295570e-03	1.6838373849e-05	6.9053652375e-06	9.9330086117e-06
1048              	-1.5066162619e-06	7.9727459601e-03	1.6777509682e-05	6.8821385789e-06	9.8953711027e-06
1049              	-1.4994208174e-06	7.9724634833e-03	1.6716829155e-05	6.8589937602e-06	9.8578353949e-06
1050              	-1.4922530092e-06	7.9721821252e-03	1.6656353808e-05	6.8359238947e-06	9.8204299132e-06
1051              	-1.4851358448e-06	7.9719018734e-03	1.6596117272e-05	6.8129227912e-06	9.7831944808e-06
1052              	-1.4780854073e-06	7.9716227093e-03	1.6536148441e-05	6.7899888134e-06	9.7461596281e-06
1053              	-1.4711028887e-06	7.9713446156e-03	1.6476456644e-05	6.7671254331e-06	9.7093312105e-06
1054              	-1.4641758923e-06	7.9710675831e-03	1.6417029495e-05	6.7443388551e-06	9.6726906397e-06
1055              	-1.4572864323e-06	7.9707916113e-03	1.6357841441e-05	6.7216342881e-06	9.6362071526e-06
1056              	-1.4504202073e-06	7.9705167046e-03	1.6298866697e-05	6.6990131414e-06	9.5998535559e-06
1057              	-1.4435719081e-06	7.9702428670e-03	1.6240089421e-05	6.6764728023e-06	9.5636166185e-06
1058              	-1.4367448642e-06	7.9699700975e-03	1.6181507163e-05	6.6540087175e-06	9.5274984458e-06
1059              	-1.4299461440e-06	7.9696983892e-03	1.6123126189e-05	6.6316169507e-06	9.4915092388e-06
1060              	-1.4231814519e-06	7.9694277320e-03	1.6064955457e-05	6.6092962768e-06	9.4556591805e-06
1061              	-1.4164518343e-06	7.9691581159e-03	1.6007000089e-05	6.5870482102e-06	9.4199518787e-06
1062              	-1.4097535201e-06	7.9688895336e-03	1.5949258224e-05	6.5648755921e-06	9.3843826322e-06
1063              	-1.4030803946e-06	7.9686219813e-03	1.5891722429e-05	6.5427808199e-06	9.3489416090e-06
1064              	-1.3964269648e-06	7.9683554582e-03	1.5834383020e-05	6.5207645455e-06	9.3136184750e-06
1065              	-1.3897907465e-06	7.9680899647e-03	1.5777232621e-05	6.4988255642e-06	9.2784070572e-06
1066              	-1.3831727793e-06	7.9678255002e-03	1.5720268703e-05	6.4769615721e-06	9.2433071307e-06
1067              	-1.3765766833e-06	7.9675620625e-03	1.5663494359e-05	6.4551704963e-06	9.2083238629e-06
1068              	-1.3700065491e-06	7.9672996485e-03	1.5606915337e-05	6.4334511192e-06	9.1734642174e-06
1069              	-1.3634652695e-06	7.9670382543e-03	1.5550537070e-05	6.4118032656e-06	9.1387338046e-06
1070              	-1.3569538099e-06	7.9667778768e-03	1.5494362371e-05	6.3902273754e-06	9.1041349952e-06
1071              	-1.3504717460e-06	7.9665185136e-03	1.5438391624e-05	6.3687240659e-06	9.0696675578e-06
1072              	-1.3440183144e-06	7.9662601631e-03	1.5382623678e-05	6.3472935244e-06	9.0353301532e-06
1073              	-1.3375935242e-06	7.9660028234e-03	1.5327057585e-05	6.3259352680e-06	9.0011223165e-06
1074              	-1.3311988351e-06	7.9657464920e-03	1.5271694683e-05	6.3046485064e-06	8.9670461766e-06
1075              	-1.3248368487e-06	7.9654911649e-03	1.5216538160e-05	6.2834322315e-06	8.9331059288e-06
1076              	-1.3185105271e-06	7.9652368376e-03	1.5161592337e-05	6.2622856416e-06	8.8993066957e-06
1077              	-1.3122223808e-06	7.9649835048e-03	1.5106861533e-05	6.2412083855e-06	8.8656531471e-06
1078              	-1.3059735497e-06	7.9647311618e-03	1.5052348095e-05	6.2202004979e-06	8.8321475974e-06
1079              	-1.2997637641e-06	7.9644798042e-03	1.4998052232e-05	6.1992623518e-06	8.7987898800e-06
1080              	-1.2935913491e-06	7.9642294284e-03	1.4943971280e-05	6.1783942907e-06	8.7655769889e-06
1081              	-1.2874540084e-06	7.9639800317e-03	1.4890101228e-05	6.1575966056e-06	8.7325046224e-06
1082              	-1.2813495044e-06	7.9637316116e-03	1.4836437655e-05	6.1368693229e-06	8.6995683318e-06
1083              	-1.2752762316e-06	7.9634841655e-03	1.4782976871e-05	6.1162122039e-06	8.6667646672e-06
1084              	-1.2692335704e-06	7.9632376903e-03	1.4729716739e-05	6.0956247993e-06	8.6340919401e-06
1085              	-1.2632217331e-06	7.9629921823e-03	1.4676656696e-05	6.0751066148e-06	8.6015500810e-06
1086              	-1.2572415697e-06	7.9627476369e-03	1.4623797512e-05	6.0546571863e-06	8.5691403256e-06
1087              	-1.2512940948e-06	7.9625040489e-03	1.4571140615e-05	6.0342762128e-06	8.5368644024e-06
1088              	-1.2453801482e-06	7.9622614137e-03	1.4518687440e-05	6.0139635716e-06	8.5047238680e-06
1089              	-1.2394999512e-06	7.9620197265e-03	1.4466438333e-05	5.9937192151e-06	8.4727191176e-06
1090              	-1.2336530327e-06	7.9617789828e-03	1.4414392411e-05	5.9735431729e-06	8.4408492384e-06
1091              	-1.2278382995e-06	7.9615391785e-03	1.4362547526e-05	5.9534354634e-06	8.4091120624e-06
1092              	-1.2220544068e-06	7.9613003096e-03	1.4310900854e-05	5.9333960200e-06	8.3775048336e-06
1093              	-1.2162998681e-06	7.9610623728e-03	1.4259449279e-05	5.9134247711e-06	8.3460245074e-06
1094              	-1.2105733009e-06	7.9608253647e-03	1.4208189658e-05	5.8935215280e-06	8.3146681298e-06
1095              	-1.2048736478e-06	7.9605892820e-03	1.4157119401e-05	5.8736860526e-06	8.2834333482e-06
1096              	-1.1992001958e-06	7.9603541214e-03	1.4106236391e-05	5.8539179998e-06	8.2523183914e-06
1097              	-1.1935525359e-06	7.9601198791e-03	1.4055539207e-05	5.8342170677e-06	8.2213221395e-06
1098              	-1.1879307028e-06	7.9598865514e-03	1.4005027518e-05	5.8145830564e-06	8.1904444620e-06
1099              	-1.1823347833e-06	7.9596541344e-03	1.3954701026e-05	5.7950157296e-06	8.1596852961e-06
1100              	-1.1767648482e-06	7.9594226244e-03	1.3904559302e-05	5.7755148025e-06	8.1290444990e-06
1101              	-1.1712209225e-06	7.9591920176e-03	1.3854601769e-05	5.7560799619e-06	8.0985218068e-06
1102              	-1.1657029700e-06	7.9589623101e-03	1.3804827901e-05	5.7367109805e-06	8.0681169204e-06
1103              	-1.1602108609e-06	7.9587334982e-03	1.3755237065e-05	5.7174076717e-06	8.0378293934e-06
1104              	-1.1547443242e-06	7.9585055783e-03	1.3705828301e-05	5.6981698265e-06	8.0076584748e-06
1105              	-1.1493030659e-06	7.9582785472e-03	1.3656600580e-05	5.6789972243e-06	7.9776033561e-06
1106              	-1.1438867240e-06	7.9580524015e-03	1.3607552641e-05	5.6598895967e-06	7.9476630446e-06
1107              	-1.1384949258e-06	7.9578271380e-03	1.3558683231e-05	5.6408466897e-06	7.9178365412e-06
1108              	-1.1331274316e-06	7.9576027533e-03	1.3509991420e-05	5.6218682786e-06	7.8881231417e-06
1109              	-1.1277839875e-06	7.9573792441e-03	1.3461476344e-05	5.6029541846e-06	7.8585221596e-06
1110              	-1.1224643709e-06	7.9571566070e-03	1.3413137090e-05	5.5841041742e-06	7.8290329160e-06
1111              	-1.1171685141e-06	7.9569348386e-03	1.3364973078e-05	5.5653180252e-06	7.7996550533e-06
1112              	-1.1118963105e-06	7.9567139356e-03	1.3316983559e-05	5.5465954688e-06	7.7703880898e-06
1113              	-1.1066477522e-06	7.9564938947e-03	1.3269168107e-05	5.5279363011e-06	7.7412318054e-06
1114              	-1.1014228828e-06	7.9562747126e-03	1.3221526342e-05	5.5093402880e-06	7.7121860536e-06
1115              	-1.0962217251e-06	7.9560563858e-03	1.3174057790e-05	5.4908071697e-06	7.6832506199e-06
1116              	-1.0910442293e-06	7.9558389112e-03	1.3126761931e-05	5.4723367360e-06	7.6544251945e-06
1117              	-1.0858904490e-06	7.9556222855e-03	1.3079638529e-05	5.4539288153e-06	7.6257097134e-06
1118              	-1.0807603886e-06	7.9554065054e-03	1.3032687104e-05	5.4355831635e-06	7.5971039407e-06
1119              	-1.0756539571e-06	7.9551915677e-03	1.2985906985e-05	5.4172995352e-06	7.5686074494e-06
1120              	-1.0705710423e-06	7.9549774693e-03	1.2939297489e-05	5.3990777023e-06	7.5402197870e-06
1121              	-1.0655116099e-06	7.9547642068e-03	1.2892858194e-05	5.3809174870e-06	7.5119407067e-06
1122              	-1.0604755546e-06	7.9545517771e-03	1.2846588447e-05	5.3628186687e-06	7.4837697779e-06
1123              	-1.0554626834e-06	7.9543401769e-03	1.2800487429e-05	5.3447810312e-06	7.4557063979e-06
1124              	-1.0504729325e-06	7.9541294031e-03	1.2754554676e-05	5.3268044053e-06	7.4277502704e-06
1125              	-1.0455061538e-06	7.9539194526e-03	1.2708789463e-05	5.3088885777e-06	7.3999008852e-06
1126              	-1.0405622482e-06	7.9537103223e-03	1.2663191176e-05	5.2910333398e-06	7.3721578361e-06
1127              	-1.0356410476e-06	7.9535020089e-03	1.2617759024e-05	5.2732384645e-06	7.3445205597e-06
1128              	-1.0307425146e-06	7.9532945095e-03	1.2572492540e-05	5.2555037555e-06	7.3169887848e-06
1129              	-1.0258665434e-06	7.9530878207e-03	1.2527391165e-05	5.2378290392e-06	7.2895621260e-06
1130              	-1.0210130279e-06	7.9528819396e-03	1.2482454164e-05	5.2202140539e-06	7.2622401097e-06
1131              	-1.0161819528e-06	7.9526768632e-03	1.2437680991e-05	5.2026585429e-06	7.2350224485e-06
1132              	-1.0113732913e-06	7.9524725877e-03	1.2393071541e-05	5.1851624793e-06	7.2079090619e-06
1133              	-1.0065868906e-06	7.9522691104e-03	1.2348624972e-05	5.1677255954e-06	7.1808993766e-06
1134              	-1.0018227351e-06	7.9520664287e-03	1.2304340754e-05	5.1503476417e-06	7.1539931120e-06
1135              	-9.9708060438e-07	7.9518645397e-03	1.2260217832e-05	5.1330283118e-06	7.1271895206e-06
1136              	-9.9236055228e-07	7.9516634399e-03	1.2216256035e-05	5.1157674654e-06	7.1004885700e-06
1137              	-9.8766246703e-07	7.9514631258e-03	1.2172454788e-05	5.0985649269e-06	7.0738898609e-06
1138              	-9.8298619532e-07	7.9512635948e-03	1.2128813481e-05	5.0814205453e-06	7.0473929360e-06
1139              	-9.7833169854e-07	7.9510648439e-03	1.2085331566e-05	5.0643340842e-06	7.0209974813e-06
1140              	-9.7369882967e-07	7.9508668703e-03	1.2042008308e-05	5.0473053241e-06	6.9947029835e-06
1141              	-9.6908744913e-07	7.9506696709e-03	1.1998843025e-05	5.0303340633e-06	6.9685089615e-06
1142              	-9.6449746129e-07	7.9504732425e-03	1.1955835119e-05	5.0134200983e-06	6.9424150209e-06
1143              	-9.5992883253e-07	7.9502775821e-03	1.1912984254e-05	4.9965632944e-06	6.9164209595e-06
1144              	-9.5538135095e-07	7.9500826870e-03	1.1870289536e-05	4.9797634169e-06	6.8905261188e-06
1145              	-9.5085496371e-07	7.9498885544e-03	1.1827750455e-05	4.9630202636e-06	6.8647301910e-06
1146              	-9.4634965930e-07	7.9496951812e-03	1.1785366611e-05	4.9463336464e-06	6.8390329650e-06
1147              	-9.4186526196e-07	7.9495025644e-03	1.1743137252e-05	4.9297033642e-06	6.8134338881e-06
1148              	-9.3740176776e-07	7.9493107013e-03	1.1701061397e-05	4.9131289308e-06	6.7879324664e-06
1149              	-9.3296451172e-07	7.9491196007e-03	1.1659122128e-05	4.8965965521e-06	6.7625255755e-06
1150              	-9.2853213207e-07	7.9489292587e-03	1.1617298898e-05	4.8801173169e-06	6.7371815810e-06
1151              	-9.2414433950e-07	7.9487396606e-03	1.1575693256e-05	4.8637022885e-06	6.7119909675e-06
1152              	-9.1982581355e-07	7.9485507988e-03	1.1534388378e-05	4.8473683755e-06	6.6870200026e-06
1153              	-9.1554417161e-07	7.9483626768e-03	1.1493290082e-05	4.8311008696e-06	6.6621892128e-06
1154              	-9.1124659624e-07	7.9481752994e-03	1.1452240239e-05	4.8148735232e-06	6.6373667157e-06
1155              	-9.0692220713e-07	7.9479886639e-03	1.1411205119e-05	4.7986803525e-06	6.6125247667e-06
1156              	-9.0260067972e-07	7.9478027608e-03	1.1370272500e-05	4.7825355701e-06	6.5877369295e-06
1157              	-8.9830976285e-07	7.9476175805e-03	1.1329527520e-05	4.7664539972e-06	6.5630735229e-06
1158              	-8.9405349153e-07	7.9474331172e-03	1.1288982693e-05	4.7504378549e-06	6.5385448380e-06
1159              	-8.8982211905e-07	7.9472493709e-03	1.1248602704e-05	4.7344792331e-06	6.5141234712e-06
1160              	-8.8561052269e-07	7.9470663431e-03	1.1208360282e-05	4.7185696184e-06	6.4897906638e-06
1161              	-8.8138836656e-07	7.9468840039e-03	1.1168320188e-05	4.7027717277e-06	6.4655484608e-06
1162              	-8.7722214326e-07	7.9467023375e-03	1.1128531122e-05	4.6870434175e-06	6.4414877040e-06
1163              	-8.7311757244e-07	7.9465213661e-03	1.1088931107e-05	4.6713479811e-06	6.4175831259e-06
1164              	-8.6903391934e-07	7.9463411276e-03	1.1049358643e-05	4.6556454020e-06	6.3937132406e-06
1165              	-8.6492702443e-07	7.9461616371e-03	1.1009705315e-05	4.6399256328e-06	6.3697796817e-06
1166              	-8.6080210845e-07	7.9459828739e-03	1.0970053433e-05	4.6242246080e-06	6.3458288249e-06
1167              	-8.5670447377e-07	7.9458048056e-03	1.0930629138e-05	4.6086100952e-06	6.3220190428e-06
1168              	-8.5266293328e-07	7.9456274158e-03	1.0891586425e-05	4.5931302793e-06	6.2984561459e-06
1169              	-8.4865913957e-07	7.9454507097e-03	1.0852860288e-05	4.5777710046e-06	6.2750892837e-06
1170              	-8.4465267012e-07	7.9452747006e-03	1.0814249369e-05	4.5624720143e-06	6.2517773545e-06
1171              	-8.4062481377e-07	7.9450993950e-03	1.0775615775e-05	4.5471830739e-06	6.2284327014e-06
1172              	-8.3659158067e-07	7.9449247883e-03	1.0736982833e-05	4.5318998357e-06	6.2050829971e-06
1173              	-8.3258100964e-07	7.9447508699e-03	1.0698465738e-05	4.5166518596e-06	6.1818138789e-06
1174              	-8.2860671005e-07	7.9445776299e-03	1.0660146476e-05	4.5014665281e-06	6.1586799482e-06
1175              	-8.2466494145e-07	7.9444050632e-03	1.0622025146e-05	4.4863476317e-06	6.1356775146e-06
1176              	-8.2074907527e-07	7.9442331689e-03	1.0584061653e-05	4.4712817514e-06	6.1127799020e-06
1177              	-8.1685982942e-07	7.9440619471e-03	1.0546234392e-05	4.4562573664e-06	6.0899770252e-06
1178              	-8.1300057571e-07	7.9438913966e-03	1.0508552314e-05	4.4412755814e-06	6.0672767329e-06
1179              	-8.0916788027e-07	7.9437215152e-03	1.0471027339e-05	4.4263457891e-06	6.0446815496e-06
1180              	-8.0535167272e-07	7.9435523011e-03	1.0433652865e-05	4.4114747599e-06	6.0221781053e-06
1181              	-8.0154541886e-07	7.9433837529e-03	1.0396412043e-05	4.3966606026e-06	5.9997514404e-06
1182              	-7.9775397801e-07	7.9432158683e-03	1.0359299268e-05	4.3818956562e-06	5.9774036122e-06
1183              	-7.9398951338e-07	7.9430486427e-03	1.0322326640e-05	4.3671738065e-06	5.9551528333e-06
1184              	-7.9025861813e-07	7.9428820697e-03	1.0285507867e-05	4.3524953156e-06	5.9330125518e-06
1185              	-7.8655382338e-07	7.9427161444e-03	1.0248839449e-05	4.3378659011e-06	5.9109735478e-06
1186              	-7.8285721647e-07	7.9425508652e-03	1.0212297863e-05	4.3232917149e-06	5.8890061478e-06
1187              	-7.7915342451e-07	7.9423862340e-03	1.0175856882e-05	4.3087750166e-06	5.8670818656e-06
1188              	-7.7544028922e-07	7.9422222531e-03	1.0139506273e-05	4.2943128473e-06	5.8451934258e-06
1189              	-7.7172961207e-07	7.9420589220e-03	1.0103258098e-05	4.2798994370e-06	5.8233586612e-06
1190              	-7.6803828414e-07	7.9418962366e-03	1.0067136293e-05	4.2655298622e-06	5.8016064305e-06
1191              	-7.6437798491e-07	7.9417341907e-03	1.0031161176e-05	4.2512026029e-06	5.7799585727e-06
1192              	-7.6075006938e-07	7.9415727783e-03	9.9953397190e-06	4.2369197901e-06	5.7584199289e-06
1193              	-7.5714773305e-07	7.9414119958e-03	9.9596657463e-06	4.2226851401e-06	5.7369806062e-06
1194              	-7.5356211567e-07	7.9412518423e-03	9.9241273629e-06	4.2085015658e-06	5.7156257971e-06
1195              	-7.4998769692e-07	7.9410923180e-03	9.8887145166e-06	4.1943695614e-06	5.6943449552e-06
1196              	-7.4642407790e-07	7.9409334228e-03	9.8534228545e-06	4.1802873494e-06	5.6731355052e-06
1197              	-7.4287471978e-07	7.9407751549e-03	9.8182538565e-06	4.1662522085e-06	5.6520016480e-06
1198              	-7.3934405069e-07	7.9406175104e-03	9.7832121539e-06	4.1522620263e-06	5.6309501277e-06
1199              	-7.3583516966e-07	7.9404604862e-03	9.7483029550e-06	4.1383163078e-06	5.6099866472e-06
1200              	-7.3234865217e-07	7.9403040795e-03	9.7135291224e-06	4.1244159090e-06	5.5891132134e-06
1201              	-7.2888270582e-07	7.9401482870e-03	9.6788898365e-06	4.1105622124e-06	5.5683276241e-06
1202              	-7.2543442113e-07	7.9399931057e-03	9.6443812545e-06	4.0967562061e-06	5.5476250484e-06
1203              	-7.2200100480e-07	7.9398385332e-03	9.6099981168e-06	4.0829980536e-06	5.5270000632e-06
1204              	-7.1858111802e-07	7.9396845673e-03	9.5757365051e-06	4.0692871345e-06	5.5064493706e-06
1205              	-7.1517514168e-07	7.9395312062e-03	9.5415953664e-06	4.0556225415e-06	5.4859728249e-06
1206              	-7.1178439676e-07	7.9393784475e-03	9.5075757863e-06	4.0420034964e-06	5.4655722899e-06
1207              	-7.0841026655e-07	7.9392262888e-03	9.4736798659e-06	4.0284296664e-06	5.4452501995e-06
1208              	-7.0505316609e-07	7.9390747270e-03	9.4399084841e-06	4.0149010760e-06	5.4250074081e-06
1209              	-7.0171250846e-07	7.9389237596e-03	9.4062610133e-06	4.0014179982e-06	5.4048430151e-06
1210              	-6.9838689397e-07	7.9387733841e-03	9.3727351898e-06	3.9879807009e-06	5.3847544889e-06
1211              	-6.9507466720e-07	7.9386235987e-03	9.3393276876e-06	3.9745891766e-06	5.3647385110e-06
1212              	-6.9177466692e-07	7.9384744014e-03	9.3060357612e-06	3.9612432137e-06	5.3447925475e-06
1213              	-6.8848656163e-07	7.9383257903e-03	9.2728581682e-06	3.9479425225e-06	5.3249156458e-06
1214              	-6.8521071810e-07	7.9381777633e-03	9.2397947372e-06	3.9346866505e-06	5.3051080867e-06
1215              	-6.8194794397e-07	7.9380303179e-03	9.2068463299e-06	3.9214752210e-06	5.2853711089e-06
1216              	-6.7869919414e-07	7.9378834514e-03	9.1740142449e-06	3.9083079283e-06	5.2657063166e-06
1217              	-6.7546510813e-07	7.9377371613e-03	9.1412993639e-06	3.8951845738e-06	5.2461147901e-06
1218              	-6.7224589516e-07	7.9375914453e-03	9.1087018700e-06	3.8821050398e-06	5.2265968302e-06
1219              	-6.6904148044e-07	7.9374463011e-03	9.0762217110e-06	3.8690693751e-06	5.2071523360e-06
1220              	-6.6585135895e-07	7.9373017267e-03	9.0438577621e-06	3.8560775221e-06	5.1877802400e-06
1221              	-6.6267491740e-07	7.9371577199e-03	9.0116087096e-06	3.8431294374e-06	5.1684792722e-06
1222              	-6.5951167284e-07	7.9370142788e-03	8.9794733772e-06	3.8302250157e-06	5.1492483614e-06
1223              	-6.5636129842e-07	7.9368714015e-03	8.9474505710e-06	3.8173639871e-06	5.1300865839e-06
1224              	-6.5322385445e-07	7.9367290860e-03	8.9155399258e-06	3.8045461085e-06	5.1109938174e-06
1225              	-6.5009944576e-07	7.9365873301e-03	8.8837410590e-06	3.7917710837e-06	5.0919699752e-06
1226              	-6.4698857406e-07	7.9364461318e-03	8.8520547718e-06	3.7790388118e-06	5.0730159600e-06
1227              	-6.4389163168e-07	7.9363054888e-03	8.8204815119e-06	3.7663491243e-06	5.0541323876e-06
1228              	-6.4080876806e-07	7.9361653988e-03	8.7890212591e-06	3.7537018615e-06	5.0353193976e-06
1229              	-6.3774008236e-07	7.9360258597e-03	8.7576740597e-06	3.7410969475e-06	5.0165771122e-06
1230              	-6.3468551803e-07	7.9358868691e-03	8.7264394879e-06	3.7285342259e-06	4.9979052620e-06
1231              	-6.3164500147e-07	7.9357484244e-03	8.6953171890e-06	3.7160135930e-06	4.9793035960e-06
1232              	-6.2861848619e-07	7.9356105226e-03	8.6643068944e-06	3.7035349610e-06	4.9607719334e-06
1233              	-6.2560560138e-07	7.9354731634e-03	8.6334076226e-06	3.6910982099e-06	4.9423094127e-06
1234              	-6.2260624053e-07	7.9353363457e-03	8.6026189643e-06	3.6787032416e-06	4.9239157227e-06
1235              	-6.1962053771e-07	7.9352000671e-03	8.5719407748e-06	3.6663498497e-06	4.9055909251e-06
1236              	-6.1664872866e-07	7.9350643247e-03	8.5413731967e-06	3.6540378697e-06	4.8873353270e-06
1237              	-6.1369112513e-07	7.9349291159e-03	8.5109166061e-06	3.6417671779e-06	4.8691494282e-06
1238              	-6.1074801674e-07	7.9347944386e-03	8.4805712974e-06	3.6295376320e-06	4.8510336654e-06
1239              	-6.0781957434e-07	7.9346602911e-03	8.4503373308e-06	3.6173490910e-06	4.8329882397e-06
1240              	-6.0490596934e-07	7.9345266718e-03	8.4202146839e-06	3.6052013726e-06	4.8150133113e-06
1241              	-6.0200741821e-07	7.9343935788e-03	8.3902035640e-06	3.5930943638e-06	4.7971092002e-06
1242              	-5.9912388032e-07	7.9342610099e-03	8.3603036274e-06	3.5810279334e-06	4.7792756940e-06
1243              	-5.9625519774e-07	7.9341289628e-03	8.3305143565e-06	3.5690019805e-06	4.7615123760e-06
1244              	-5.9340127627e-07	7.9339974353e-03	8.3008355729e-06	3.5570165102e-06	4.7438190627e-06
1245              	-5.9056179218e-07	7.9338664256e-03	8.2712663014e-06	3.5450713585e-06	4.7261949429e-06
1246              	-5.8773638225e-07	7.9337359319e-03	8.2418055790e-06	3.5331664072e-06	4.7086391717e-06
1247              	-5.8492489767e-07	7.9336059525e-03	8.2124529677e-06	3.5213015862e-06	4.6911513815e-06
1248              	-5.8212704216e-07	7.9334764853e-03	8.1832076045e-06	3.5094767601e-06	4.6737308444e-06
1249              	-5.7934261771e-07	7.9333475282e-03	8.1540689990e-06	3.4976918818e-06	4.6563771172e-06
1250              	-5.7657141173e-07	7.9332190791e-03	8.1250364828e-06	3.4859468297e-06	4.6390896531e-06
1251              	-5.7381313384e-07	7.9330911360e-03	8.0961091098e-06	3.4742414211e-06	4.6218676888e-06
1252              	-5.7106772880e-07	7.9329636971e-03	8.0672865471e-06	3.4625755447e-06	4.6047110023e-06
1253              	-5.6833505557e-07	7.9328367607e-03	8.0385681974e-06	3.4509490431e-06	4.5876191543e-06
1254              	-5.6561518481e-07	7.9327103255e-03	8.0099528037e-06	3.4393612171e-06	4.5705915867e-06
1255              	-5.6290762629e-07	7.9325843968e-03	7.9814329704e-06	3.4278088589e-06	4.5536241115e-06
1256              	-5.6020926399e-07	7.9324589683e-03	7.9530043827e-06	3.4162929274e-06	4.5367114553e-06
1257              	-5.5752804914e-07	7.9323340285e-03	7.9246916459e-06	3.4048177738e-06	4.5198738721e-06
1258              	-5.5486388522e-07	7.9322095743e-03	7.8965079669e-06	3.3933900982e-06	4.5031178687e-06
1259              	-5.5221023606e-07	7.9320856079e-03	7.8684321701e-06	3.3820058490e-06	4.4864263211e-06
1260              	-5.4956311561e-07	7.9319621322e-03	7.8404393497e-06	3.3706565593e-06	4.4697827905e-06
1261              	-5.4692571866e-07	7.9318391472e-03	7.8125299630e-06	3.3593392628e-06	4.4531907002e-06
1262              	-5.4430348686e-07	7.9317166490e-03	7.7847213871e-06	3.3480572067e-06	4.4366641804e-06
1263              	-5.4169729039e-07	7.9315946328e-03	7.7570236965e-06	3.3368145579e-06	4.4202091386e-06
1264              	-5.3910328564e-07	7.9314730955e-03	7.7294317567e-06	3.3256125927e-06	4.4038191640e-06
1265              	-5.3651797516e-07	7.9313520363e-03	7.7019355058e-06	3.3144497778e-06	4.3874857281e-06
1266              	-5.3394201372e-07	7.9312314550e-03	7.6745320460e-06	3.3033240093e-06	4.3712080367e-06
1267              	-5.3137841704e-07	7.9311113504e-03	7.6472254671e-06	3.2922343165e-06	4.3549911506e-06
1268              	-5.2882874479e-07	7.9309917202e-03	7.6200199240e-06	3.2811812172e-06	4.3388387068e-06
1269              	-5.2629161717e-07	7.9308725617e-03	7.5929147662e-06	3.2701657659e-06	4.3227490002e-06
1270              	-5.2376451403e-07	7.9307538727e-03	7.5659058235e-06	3.2591883977e-06	4.3067174258e-06
1271              	-5.2124660764e-07	7.9306356519e-03	7.5389904843e-06	3.2482486345e-06	4.2907418498e-06
1272              	-5.1873945012e-07	7.9305178978e-03	7.5121699094e-06	3.2373455046e-06	4.2748244048e-06
1273              	-5.1624517714e-07	7.9304006086e-03	7.4854468936e-06	3.2264782697e-06	4.2589686239e-06
1274              	-5.1376445437e-07	7.9302837818e-03	7.4588226978e-06	3.2156468945e-06	4.2431758033e-06
1275              	-5.1129604826e-07	7.9301674152e-03	7.4322958489e-06	3.2048518762e-06	4.2274439727e-06
1276              	-5.0883926688e-07	7.9300514584e-03	7.4058233028e-06	3.1940723845e-06	4.2117509183e-06
1277              	-5.0638664491e-07	7.9299358524e-03	7.3794390572e-06	3.1833328837e-06	4.1961061735e-06
1278              	-5.0394838965e-07	7.9298206874e-03	7.3531684262e-06	3.1726358235e-06	4.1805326028e-06
1279              	-5.0153139772e-07	7.9297060722e-03	7.3270350256e-06	3.1619861151e-06	4.1650489105e-06
1280              	-4.9912962975e-07	7.9295920111e-03	7.3010352129e-06	3.1513879767e-06	4.1496472362e-06
1281              	-4.9673467930e-07	7.9294784253e-03	7.2751329692e-06	3.1408318053e-06	4.1343011639e-06
1282              	-4.9434558228e-07	7.9293652489e-03	7.2492894849e-06	3.1302991602e-06	4.1189903247e-06
1283              	-4.9196655193e-07	7.9292524804e-03	7.2234941571e-06	3.1197805266e-06	4.1037136305e-06
1284              	-4.8959950694e-07	7.9291401579e-03	7.1977664920e-06	3.1092837391e-06	4.0884827529e-06
1285              	-4.8724299585e-07	7.9290283100e-03	7.1721366496e-06	3.0988253290e-06	4.0733113207e-06
1286              	-4.8489625681e-07	7.9289169375e-03	7.1466240473e-06	3.0884157668e-06	4.0582082805e-06
1287              	-4.8256112218e-07	7.9288060251e-03	7.1212286467e-06	3.0780532012e-06	4.0431754455e-06
1288              	-4.8023976340e-07	7.9286955611e-03	7.0959370036e-06	3.0677287384e-06	4.0282082652e-06
1289              	-4.7793184636e-07	7.9285855430e-03	7.0707348366e-06	3.0574355720e-06	4.0132992647e-06
1290              	-4.7563454263e-07	7.9284759732e-03	7.0456145946e-06	3.0471727547e-06	3.9984418399e-06
1291              	-4.7334529999e-07	7.9283668529e-03	7.0205759689e-06	3.0369426845e-06	3.9836332845e-06
1292              	-4.7106386678e-07	7.9282581812e-03	6.9956211202e-06	3.0267466933e-06	3.9688744269e-06
1293              	-4.6879251349e-07	7.9281499565e-03	6.9707528865e-06	3.0165839297e-06	3.9541689567e-06
1294              	-4.6653373351e-07	7.9280421774e-03	6.9459734936e-06	3.0064530133e-06	3.9395204803e-06
1295              	-4.6428810955e-07	7.9279348424e-03	6.9212845523e-06	2.9963541666e-06	3.9249303857e-06
1296              	-4.6205346448e-07	7.9278279488e-03	6.8966852918e-06	2.9862891814e-06	3.9103961104e-06
1297              	-4.5982632304e-07	7.9277214923e-03	6.8721722812e-06	2.9762598175e-06	3.8959124636e-06
1298              	-4.5760445080e-07	7.9276154682e-03	6.8477408542e-06	2.9662659763e-06	3.8814748779e-06
1299              	-4.5538905698e-07	7.9275098720e-03	6.8233907498e-06	2.9563063179e-06	3.8670844319e-06
1300              	-4.5318379195e-07	7.9274047016e-03	6.7991258708e-06	2.9463791435e-06	3.8527467274e-06
1301              	-4.5099207129e-07	7.9272999573e-03	6.7749512500e-06	2.9364835537e-06	3.8384676963e-06
1302              	-4.4881458652e-07	7.9271956404e-03	6.7508690421e-06	2.9266199345e-06	3.8242491076e-06
1303              	-4.4664883325e-07	7.9270917507e-03	6.7268763344e-06	2.9167893339e-06	3.8100870004e-06
1304              	-4.4449099946e-07	7.9269882853e-03	6.7029672612e-06	2.9069926312e-06	3.7959746301e-06
1305              	-4.4233852201e-07	7.9268852392e-03	6.6791369926e-06	2.8972299743e-06	3.7819070183e-06
1306              	-4.4019168769e-07	7.9267826073e-03	6.6553849773e-06	2.8875008010e-06	3.7678841763e-06
1307              	-4.3805271791e-07	7.9266803863e-03	6.6317137150e-06	2.8778041396e-06	3.7539095754e-06
1308              	-4.3592429157e-07	7.9265785750e-03	6.6081270919e-06	2.8681392544e-06	3.7399878375e-06
1309              	-4.3380759996e-07	7.9264771734e-03	6.5846269230e-06	2.8585058615e-06	3.7261210615e-06
1310              	-4.3170211901e-07	7.9263761809e-03	6.5612129118e-06	2.8489043369e-06	3.7123085749e-06
1311              	-4.2960599941e-07	7.9262755962e-03	6.5378818172e-06	2.8393349092e-06	3.6985469080e-06
1312              	-4.2751759694e-07	7.9261754174e-03	6.5146305039e-06	2.8297976550e-06	3.6848328489e-06
1313              	-4.2543636488e-07	7.9260756415e-03	6.4914576043e-06	2.8202924373e-06	3.6711651670e-06
1314              	-4.2336296666e-07	7.9259762654e-03	6.4683640695e-06	2.8108190681e-06	3.6575450014e-06
1315              	-4.2129867603e-07	7.9258772870e-03	6.4453520671e-06	2.8013773575e-06	3.6439747096e-06
1316              	-4.1924465051e-07	7.9257787052e-03	6.4224238648e-06	2.7919672819e-06	3.6304565829e-06
1317              	-4.1720115866e-07	7.9256805189e-03	6.3995799633e-06	2.7825888230e-06	3.6169911403e-06
1318              	-4.1516768072e-07	7.9255827265e-03	6.3768192127e-06	2.7732419256e-06	3.6035772871e-06
1319              	-4.1314327910e-07	7.9254853258e-03	6.3541396040e-06	2.7639265229e-06	3.5902130811e-06
1320              	-4.1112700682e-07	7.9253883141e-03	6.3315389472e-06	2.7546424668e-06	3.5768964804e-06
1321              	-4.0911865366e-07	7.9252916885e-03	6.3090163862e-06	2.7453895394e-06	3.5636268468e-06
1322              	-4.0711859278e-07	7.9251954470e-03	6.2865722786e-06	2.7361675465e-06	3.5504047321e-06
1323              	-4.0512774366e-07	7.9250995881e-03	6.2642080235e-06	2.7269762681e-06	3.5372317554e-06
1324              	-4.0314707921e-07	7.9250041108e-03	6.2419252072e-06	2.7178155244e-06	3.5241096828e-06
1325              	-4.0117731493e-07	7.9249090143e-03	6.2197251550e-06	2.7086852626e-06	3.5110398924e-06
1326              	-3.9921868842e-07	7.9248142976e-03	6.1976083560e-06	2.6995854896e-06	3.4980228664e-06
1327              	-3.9727075945e-07	7.9247199594e-03	6.1755739654e-06	2.6905162232e-06	3.4850577421e-06
1328              	-3.9533292492e-07	7.9246259979e-03	6.1536209427e-06	2.6814775464e-06	3.4721433963e-06
1329              	-3.9340440913e-07	7.9245324107e-03	6.1317476433e-06	2.6724694125e-06	3.4592782308e-06
1330              	-3.9148457534e-07	7.9244391956e-03	6.1099525981e-06	2.6634917237e-06	3.4464608744e-06
1331              	-3.8957318509e-07	7.9243463502e-03	6.0882351575e-06	2.6545443937e-06	3.4336907638e-06
1332              	-3.8767038237e-07	7.9242538727e-03	6.0665952523e-06	2.6456272438e-06	3.4209680085e-06
1333              	-3.8577652100e-07	7.9241617615e-03	6.0450332058e-06	2.6367400819e-06	3.4082931239e-06
1334              	-3.8389205140e-07	7.9240700155e-03	6.0235496501e-06	2.6278827737e-06	3.3956668765e-06
1335              	-3.8201730283e-07	7.9239786343e-03	6.0021449332e-06	2.6190551637e-06	3.3830897694e-06
1336              	-3.8015253550e-07	7.9238876165e-03	5.9808193119e-06	2.6102571205e-06	3.3705621915e-06
1337              	-3.7829780396e-07	7.9237969600e-03	5.9595727296e-06	2.6014885608e-06	3.3580841688e-06
1338              	-3.7645284274e-07	7.9237066634e-03	5.9384044816e-06	2.5927493981e-06	3.3456550836e-06
1339              	-3.7461730676e-07	7.9236167259e-03	5.9173139272e-06	2.5840396569e-06	3.3332742704e-06
1340              	-3.7279096218e-07	7.9235271468e-03	5.8963005964e-06	2.5753593360e-06	3.3209412604e-06
1341              	-3.7097354911e-07	7.9234379244e-03	5.8753637875e-06	2.5667083446e-06	3.3086554429e-06
1342              	-3.6916494117e-07	7.9233490566e-03	5.8545030414e-06	2.5580865795e-06	3.2964164619e-06
1343              	-3.6736499932e-07	7.9232605414e-03	5.8337179014e-06	2.5494939514e-06	3.2842239500e-06
1344              	-3.6557368189e-07	7.9231723773e-03	5.8130081109e-06	2.5409303736e-06	3.2720777373e-06
1345              	-3.6379108078e-07	7.9230845632e-03	5.7923735912e-06	2.5323957148e-06	3.2599778764e-06
1346              	-3.6201722879e-07	7.9229970982e-03	5.7718141315e-06	2.5238898370e-06	3.2479242946e-06
1347              	-3.6025214611e-07	7.9229099823e-03	5.7513294520e-06	2.5154125799e-06	3.2359168721e-06
1348              	-3.5849586278e-07	7.9228232133e-03	5.7309193754e-06	2.5069638249e-06	3.2239555505e-06
1349              	-3.5674843530e-07	7.9227367891e-03	5.7105838849e-06	2.4985435071e-06	3.2120403777e-06
1350              	-3.5500976377e-07	7.9226507085e-03	5.6903227605e-06	2.4901516165e-06	3.2001711440e-06
1351              	-3.5327973274e-07	7.9225649706e-03	5.6701355853e-06	2.4817880599e-06	3.1883475254e-06
1352              	-3.5155823502e-07	7.9224795749e-03	5.6500219371e-06	2.4734527335e-06	3.1765692036e-06
1353              	-3.4984511049e-07	7.9223945204e-03	5.6299812595e-06	2.4651455193e-06	3.1648357402e-06
1354              	-3.4814025002e-07	7.9223098058e-03	5.6100131915e-06	2.4568663457e-06	3.1531468458e-06
1355              	-3.4644379544e-07	7.9222254286e-03	5.5901175417e-06	2.4486149754e-06	3.1415025663e-06
1356              	-3.4475520807e-07	7.9221413857e-03	5.5702933959e-06	2.4403914899e-06	3.1299019060e-06
1357              	-3.4307457325e-07	7.9220576753e-03	5.5505417462e-06	2.4321962998e-06	3.1183454463e-06
1358              	-3.4140190366e-07	7.9219742986e-03	5.5308621300e-06	2.4240291614e-06	3.1068329687e-06
1359              	-3.3973693880e-07	7.9218912575e-03	5.5112523352e-06	2.4158892288e-06	3.0953631064e-06
1360              	-3.3807956316e-07	7.9218085513e-03	5.4917113316e-06	2.4077761026e-06	3.0839352289e-06
1361              	-3.3643006854e-07	7.9217261763e-03	5.4722403163e-06	2.3996900896e-06	3.0725502267e-06
1362              	-3.3478859910e-07	7.9216441289e-03	5.4528406536e-06	2.3916317277e-06	3.0612089259e-06
1363              	-3.3315501617e-07	7.9215624073e-03	5.4335123545e-06	2.3836011611e-06	3.0499111934e-06
1364              	-3.3152895660e-07	7.9214810118e-03	5.4142539997e-06	2.3755980433e-06	3.0386559565e-06
1365              	-3.2991011701e-07	7.9213999429e-03	5.3950637215e-06	2.3676217438e-06	3.0274419778e-06
1366              	-3.2829850669e-07	7.9213191999e-03	5.3759409629e-06	2.3596719747e-06	3.0162689881e-06
1367              	-3.2669430633e-07	7.9212387807e-03	5.3568861695e-06	2.3517487784e-06	3.0051373911e-06
1368              	-3.2509769719e-07	7.9211586829e-03	5.3379001228e-06	2.3438523642e-06	2.9940477586e-06
1369              	-3.2350868885e-07	7.9210789049e-03	5.3189832221e-06	2.3359829222e-06	2.9830002999e-06
1370              	-3.2192700797e-07	7.9209994456e-03	5.3001345989e-06	2.3281402915e-06	2.9719943074e-06
1371              	-3.2035244975e-07	7.9209203056e-03	5.2813534701e-06	2.3203242853e-06	2.9610291848e-06
1372              	-3.1878491389e-07	7.9208414828e-03	5.2626388662e-06	2.3125345192e-06	2.9501043470e-06
1373              	-3.1722446629e-07	7.9207629753e-03	5.2439904912e-06	2.3047707793e-06	2.9392197119e-06
1374              	-3.1567110240e-07	7.9206847814e-03	5.2254083384e-06	2.2970330668e-06	2.9283752716e-06
1375              	-3.1412483793e-07	7.9206069002e-03	5.2068925794e-06	2.2893214518e-06	2.9175711276e-06
1376              	-3.1258571274e-07	7.9205293310e-03	5.1884433397e-06	2.2816359571e-06	2.9068073826e-06
1377              	-3.1105364146e-07	7.9204520732e-03	5.1700602881e-06	2.2739765026e-06	2.8960837855e-06
1378              	-3.0952854823e-07	7.9203751253e-03	5.1517428368e-06	2.2663428702e-06	2.8853999666e-06
1379              	-3.0801035104e-07	7.9202984858e-03	5.1334905027e-06	2.2587349003e-06	2.8747556024e-06
1380              	-3.0649909544e-07	7.9202221531e-03	5.1153031697e-06	2.2511524894e-06	2.8641506803e-06
1381              	-3.0499482736e-07	7.9201461259e-03	5.0971808280e-06	2.2435955866e-06	2.8535852414e-06
1382              	-3.0349750219e-07	7.9200704032e-03	5.0791232255e-06	2.2360641105e-06	2.8430591149e-06
1383              	-3.0200709110e-07	7.9199949840e-03	5.0611302494e-06	2.2285580336e-06	2.8325722158e-06
1384              	-3.0052357611e-07	7.9199198672e-03	5.0432017827e-06	2.2210773153e-06	2.8221244675e-06
1385              	-2.9904695759e-07	7.9198450515e-03	5.0253374934e-06	2.2136217891e-06	2.8117157043e-06
1386              	-2.9757712164e-07	7.9197705356e-03	5.0075369359e-06	2.2061913463e-06	2.8013455896e-06
1387              	-2.9611417055e-07	7.9196963181e-03	4.9898002247e-06	2.1987859418e-06	2.7910142829e-06
1388              	-2.9465797896e-07	7.9196223980e-03	4.9721268835e-06	2.1914054628e-06	2.7807214207e-06
1389              	-2.9320838774e-07	7.9195487743e-03	4.9545163759e-06	2.1840498002e-06	2.7704665757e-06
1390              	-2.9176536353e-07	7.9194754459e-03	4.9369684313e-06	2.1767188521e-06	2.7602495792e-06
1391              	-2.9032901806e-07	7.9194024117e-03	4.9194831777e-06	2.1694125708e-06	2.7500706069e-06
1392              	-2.8889945223e-07	7.9193296707e-03	4.9020606615e-06	2.1621308785e-06	2.7399297830e-06
1393              	-2.8747655263e-07	7.9192572214e-03	4.8847004211e-06	2.1548736579e-06	2.7298267632e-06
1394              	-2.8606029180e-07	7.9191850628e-03	4.8674024238e-06	2.1476409201e-06	2.7197615037e-06
1395              	-2.8465057012e-07	7.9191131937e-03	4.8501662571e-06	2.1404325584e-06	2.7097336987e-06
1396              	-2.8324739116e-07	7.9190416129e-03	4.8329916842e-06	2.1332484509e-06	2.6997432332e-06
1397              	-2.8185066336e-07	7.9189703196e-03	4.8158782915e-06	2.1260884824e-06	2.6897898091e-06
1398              	-2.8046045378e-07	7.9188993124e-03	4.7988261072e-06	2.1189525998e-06	2.6798735074e-06
1399              	-2.7907671611e-07	7.9188285902e-03	4.7818348694e-06	2.1118407186e-06	2.6699941508e-06
1400              	-2.7769945464e-07	7.9187581518e-03	4.7649044975e-06	2.1047527941e-06	2.6601517034e-06
1401              	-2.7632859743e-07	7.9186879963e-03	4.7480347140e-06	2.0976887596e-06	2.6503459544e-06
1402              	-2.7496410840e-07	7.9186181224e-03	4.7312251933e-06	2.0906484883e-06	2.6405767051e-06
1403              	-2.7360595139e-07	7.9185485293e-03	4.7144757338e-06	2.0836319155e-06	2.6308438183e-06
1404              	-2.7225414888e-07	7.9184792157e-03	4.6977862652e-06	2.0766389837e-06	2.6211472815e-06
1405              	-2.7090865597e-07	7.9184101806e-03	4.6811565251e-06	2.0696696066e-06	2.6114869185e-06
1406              	-2.6956942980e-07	7.9183414229e-03	4.6645862085e-06	2.0627236745e-06	2.6018625341e-06
1407              	-2.6823639734e-07	7.9182729414e-03	4.6480750185e-06	2.0558011119e-06	2.5922739066e-06
1408              	-2.6690960218e-07	7.9182047351e-03	4.6316229792e-06	2.0489018874e-06	2.5827210918e-06
1409              	-2.6558899719e-07	7.9181368029e-03	4.6152297813e-06	2.0420258934e-06	2.5732038878e-06
1410              	-2.6427455750e-07	7.9180691438e-03	4.5988952211e-06	2.0351730531e-06	2.5637221681e-06
1411              	-2.6296624029e-07	7.9180017566e-03	4.5826190928e-06	2.0283433061e-06	2.5542757867e-06
1412              	-2.6166397252e-07	7.9179346402e-03	4.5664010216e-06	2.0215365383e-06	2.5448644833e-06
1413              	-2.6036776810e-07	7.9178677938e-03	4.5502408911e-06	2.0147526775e-06	2.5354882137e-06
1414              	-2.5907763822e-07	7.9178012161e-03	4.5341386172e-06	2.0079916704e-06	2.5261469468e-06
1415              	-2.5779351362e-07	7.9177349061e-03	4.5180938778e-06	2.0012534253e-06	2.5168404525e-06
1416              	-2.5651539579e-07	7.9176688629e-03	4.5021065215e-06	1.9945378650e-06	2.5075686565e-06
1417              	-2.5524322773e-07	7.9176030853e-03	4.4861762672e-06	1.9878449058e-06	2.4983313613e-06
1418              	-2.5397701393e-07	7.9175375724e-03	4.4703030280e-06	1.9811745001e-06	2.4891285279e-06
1419              	-2.5271662005e-07	7.9174723230e-03	4.4544862936e-06	1.9745265268e-06	2.4799597669e-06
1420              	-2.5146213056e-07	7.9174073362e-03	4.4387261156e-06	1.9679009272e-06	2.4708251884e-06
1421              	-2.5021352077e-07	7.9173426110e-03	4.4230223169e-06	1.9612976377e-06	2.4617246792e-06
1422              	-2.4897066399e-07	7.9172781466e-03	4.4073743908e-06	1.9547165314e-06	2.4526578594e-06
1423              	-2.4773352454e-07	7.9172139438e-03	4.3917823205e-06	1.9481576357e-06	2.4436246848e-06
1424              	-2.4650206746e-07	7.9171500008e-03	4.3762457287e-06	1.9416207969e-06	2.4346249318e-06
1425              	-2.4527630971e-07	7.9170863143e-03	4.3607642746e-06	1.9351058276e-06	2.4256584470e-06
1426              	-2.4405633540e-07	7.9170228818e-03	4.3453380909e-06	1.9286127100e-06	2.4167253808e-06
1427              	-2.4284210304e-07	7.9169597027e-03	4.3299671498e-06	1.9221414719e-06	2.4078256780e-06
1428              	-2.4163354882e-07	7.9168967782e-03	4.3146512391e-06	1.9156920707e-06	2.3989591684e-06
1429              	-2.4043065450e-07	7.9168341089e-03	4.2993900233e-06	1.9092643571e-06	2.3901256662e-06
1430              	-2.3923331626e-07	7.9167716936e-03	4.2841829886e-06	1.9028581780e-06	2.3813248106e-06
1431              	-2.3804158090e-07	7.9167095302e-03	4.2690301750e-06	1.8964735066e-06	2.3725566684e-06
1432              	-2.3685539546e-07	7.9166476165e-03	4.2539312921e-06	1.8901102506e-06	2.3638210415e-06
1433              	-2.3567473004e-07	7.9165859512e-03	4.2388862882e-06	1.8837684141e-06	2.3551178742e-06
1434              	-2.3449952339e-07	7.9165245365e-03	4.2238951224e-06	1.8774480378e-06	2.3464470846e-06
1435              	-2.3332983579e-07	7.9164633730e-03	4.2089577056e-06	1.8711490170e-06	2.3378086886e-06
1436              	-2.3216573842e-07	7.9164024558e-03	4.1940736465e-06	1.8648710849e-06	2.3292025617e-06
1437              	-2.3100723454e-07	7.9163417804e-03	4.1792427584e-06	1.8586141447e-06	2.3206286137e-06
1438              	-2.2985413398e-07	7.9162813457e-03	4.1644646866e-06	1.8523782093e-06	2.3120864773e-06
1439              	-2.2870630306e-07	7.9162211541e-03	4.1497392879e-06	1.8461633409e-06	2.3035759470e-06
1440              	-2.2756369560e-07	7.9161612079e-03	4.1350661536e-06	1.8399693812e-06	2.2950967724e-06
1441              	-2.2642638479e-07	7.9161015063e-03	4.1204449219e-06	1.8337960762e-06	2.2866488458e-06
1442              	-2.2529435129e-07	7.9160420464e-03	4.1058753038e-06	1.8276433006e-06	2.2782320032e-06
1443              	-2.2416763729e-07	7.9159828252e-03	4.0913574507e-06	1.8215110880e-06	2.2698463626e-06
1444              	-2.2304616306e-07	7.9159238418e-03	4.0768913739e-06	1.8153995239e-06	2.2614918500e-06
1445              	-2.2192990121e-07	7.9158650966e-03	4.0624768729e-06	1.8093085352e-06	2.2531683376e-06
1446              	-2.2081881186e-07	7.9158065883e-03	4.0481133714e-06	1.8032378739e-06	2.2448754976e-06
1447              	-2.1971291299e-07	7.9157483157e-03	4.0338006479e-06	1.7971874110e-06	2.2366132369e-06
1448              	-2.1861214203e-07	7.9156902785e-03	4.0195386028e-06	1.7911571594e-06	2.2283814434e-06
1449              	-2.1751650235e-07	7.9156324762e-03	4.0053272685e-06	1.7851471319e-06	2.2201801366e-06
1450              	-2.1642598864e-07	7.9155749079e-03	3.9911664996e-06	1.7791572612e-06	2.2120092385e-06
1451              	-2.1534059439e-07	7.9155175723e-03	3.9770560289e-06	1.7731874201e-06	2.2038686088e-06
1452              	-2.1426030656e-07	7.9154604679e-03	3.9629955926e-06	1.7672374897e-06	2.1957581029e-06
1453              	-2.1318506867e-07	7.9154035939e-03	3.9489850468e-06	1.7613074547e-06	2.1876775921e-06
1454              	-2.1211480136e-07	7.9153469495e-03	3.9350241166e-06	1.7553972570e-06	2.1796268597e-06
1455              	-2.1104957724e-07	7.9152905344e-03	3.9211128533e-06	1.7495068494e-06	2.1716060039e-06
1456              	-2.0998936174e-07	7.9152343477e-03	3.9072509750e-06	1.7436361258e-06	2.1636148493e-06
1457              	-2.0893413240e-07	7.9151783884e-03	3.8934382898e-06	1.7377850125e-06	2.1556532773e-06
1458              	-2.0788382738e-07	7.9151226554e-03	3.8796745461e-06	1.7319534457e-06	2.1477211004e-06
1459              	-2.0683844120e-07	7.9150671478e-03	3.8659595946e-06	1.7261413561e-06	2.1398182385e-06
1460              	-2.0579792161e-07	7.9150118647e-03	3.8522932062e-06	1.7203486815e-06	2.1319445247e-06
1461              	-2.0476238220e-07	7.9149568054e-03	3.8386756170e-06	1.7145754263e-06	2.1241001907e-06
1462              	-2.0373167953e-07	7.9149019692e-03	3.8251062713e-06	1.7088214561e-06	2.1162848152e-06
1463              	-2.0270580300e-07	7.9148473551e-03	3.8115849787e-06	1.7030866864e-06	2.1084982924e-06
1464              	-2.0168473349e-07	7.9147929620e-03	3.7981116485e-06	1.6973710908e-06	2.1007405578e-06
1465              	-2.0066847264e-07	7.9147387890e-03	3.7846861474e-06	1.6916746011e-06	2.0930115463e-06
1466              	-1.9965700690e-07	7.9146848354e-03	3.7713083465e-06	1.6859971663e-06	2.0853111801e-06
1467              	-1.9865030987e-07	7.9146311004e-03	3.7579781005e-06	1.6803387404e-06	2.0776393601e-06
1468              	-1.9764836120e-07	7.9145775833e-03	3.7446952147e-06	1.6746992462e-06	2.0699959685e-06
1469              	-1.9665118950e-07	7.9145242829e-03	3.7314596623e-06	1.6690786416e-06	2.0623810206e-06
1470              	-1.9565863960e-07	7.9144711985e-03	3.7182710099e-06	1.6634768654e-06	2.0547941446e-06
1471              	-1.9467076767e-07	7.9144183291e-03	3.7051292862e-06	1.6578938754e-06	2.0472354108e-06
1472              	-1.9368746725e-07	7.9143656741e-03	3.6920340262e-06	1.6523295459e-06	2.0397044804e-06
1473              	-1.9270881517e-07	7.9143132327e-03	3.6789852947e-06	1.6467838322e-06	2.0322014625e-06
1474              	-1.9173478544e-07	7.9142610039e-03	3.6659828852e-06	1.6412566572e-06	2.0247262281e-06
1475              	-1.9076545265e-07	7.9142089867e-03	3.6530270606e-06	1.6357480776e-06	2.0172789829e-06
1476              	-1.8980066555e-07	7.9141571804e-03	3.6401173541e-06	1.6302580115e-06	2.0098593426e-06
1477              	-1.8884048321e-07	7.9141055841e-03	3.6272539499e-06	1.6247864917e-06	2.0024674582e-06
1478              	-1.8788490415e-07	7.9140541970e-03	3.6144366946e-06	1.6193334431e-06	1.9951032515e-06
1479              	-1.8693387203e-07	7.9140030185e-03	3.6016652098e-06	1.6138987329e-06	1.9877664769e-06
1480              	-1.8598728165e-07	7.9139520479e-03	3.5889391388e-06	1.6084822877e-06	1.9804568510e-06
1481              	-1.8504510932e-07	7.9139012843e-03	3.5762582549e-06	1.6030840181e-06	1.9731742368e-06
1482              	-1.8410743257e-07	7.9138507267e-03	3.5636226366e-06	1.5977038857e-06	1.9659187509e-06
1483              	-1.8317416868e-07	7.9138003741e-03	3.5510321445e-06	1.5923419036e-06	1.9586902409e-06
1484              	-1.8224534200e-07	7.9137502259e-03	3.5384867116e-06	1.5869980138e-06	1.9514886978e-06
1485              	-1.8132091869e-07	7.9137002812e-03	3.5259861645e-06	1.5816721636e-06	1.9443140009e-06
1486              	-1.8040086132e-07	7.9136505395e-03	3.5135303661e-06	1.5763643217e-06	1.9371660444e-06
1487              	-1.7948514704e-07	7.9136009998e-03	3.5011189991e-06	1.5710743525e-06	1.9300446466e-06
1488              	-1.7857379718e-07	7.9135516615e-03	3.4887519572e-06	1.5658021814e-06	1.9229497758e-06
1489              	-1.7766669092e-07	7.9135025236e-03	3.4764289120e-06	1.5605477651e-06	1.9158811469e-06
1490              	-1.7676388386e-07	7.9134535853e-03	3.4641498927e-06	1.5553110625e-06	1.9088388302e-06
1491              	-1.7586534119e-07	7.9134048460e-03	3.4519147620e-06	1.5500920398e-06	1.9018227222e-06
1492              	-1.7497107319e-07	7.9133563049e-03	3.4397233630e-06	1.5448906083e-06	1.8948327547e-06
1493              	-1.7408101041e-07	7.9133079611e-03	3.4275754823e-06	1.5397067307e-06	1.8878687516e-06
1494              	-1.7319519085e-07	7.9132598137e-03	3.4154710790e-06	1.5345403487e-06	1.8809307304e-06
1495              	-1.7231348638e-07	7.9132118616e-03	3.4034096453e-06	1.5293913363e-06	1.8740183090e-06
1496              	-1.7143597612e-07	7.9131641041e-03	3.3913913235e-06	1.5242596856e-06	1.8671316379e-06
1497              	-1.7056255115e-07	7.9131165420e-03	3.3794157985e-06	1.5191453481e-06	1.8602704504e-06
1498              	-1.6969321154e-07	7.9130691746e-03	3.3674829252e-06	1.5140482511e-06	1.8534346742e-06
1499              	-1.6882797380e-07	7.9130220000e-03	3.3555926127e-06	1.5089683325e-06	1.8466242802e-06
1500              	-1.6796679036e-07	7.9129750165e-03	3.3437444680e-06	1.5039054436e-06	1.8398390243e-06
1501              	-1.6710963142e-07	7.9129282230e-03	3.3319383547e-06	1.4988595459e-06	1.8330788088e-06
1502              	-1.6625644885e-07	7.9128816199e-03	3.3201741252e-06	1.4938306137e-06	1.8263435114e-06
1503              	-1.6540734144e-07	7.9128352065e-03	3.3084519523e-06	1.4888186347e-06	1.8196333176e-06
1504              	-1.6456218342e-07	7.9127889839e-03	3.2967714120e-06	1.4838235226e-06	1.8129478894e-06
1505              	-1.6372098749e-07	7.9127429511e-03	3.2851324784e-06	1.4788452517e-06	1.8062872267e-06
1506              	-1.6288382740e-07	7.9126971056e-03	3.2735351919e-06	1.4738837685e-06	1.7996514233e-06
1507              	-1.6205070671e-07	7.9126514453e-03	3.2619795419e-06	1.4689390642e-06	1.7930404777e-06
1508              	-1.6122150828e-07	7.9126059699e-03	3.2504650817e-06	1.4640110325e-06	1.7864540491e-06
1509              	-1.6039616471e-07	7.9125606801e-03	3.2389914493e-06	1.4590995599e-06	1.7798918893e-06
1510              	-1.5957457901e-07	7.9125155762e-03	3.2275581223e-06	1.4542044821e-06	1.7733536401e-06
1511              	-1.5875681770e-07	7.9124706573e-03	3.2161652221e-06	1.4493257934e-06	1.7668394288e-06
1512              	-1.5794299731e-07	7.9124259216e-03	3.2048131266e-06	1.4444635660e-06	1.7603495606e-06
1513              	-1.5713308880e-07	7.9123813676e-03	3.1935018090e-06	1.4396178157e-06	1.7538839933e-06
1514              	-1.5632705340e-07	7.9123369947e-03	3.1822310487e-06	1.4347884710e-06	1.7474425778e-06
1515              	-1.5552478268e-07	7.9122928028e-03	3.1710002889e-06	1.4299753618e-06	1.7410249271e-06
1516              	-1.5472621491e-07	7.9122487917e-03	3.1598092126e-06	1.4251783914e-06	1.7346308212e-06
1517              	-1.5393143744e-07	7.9122049608e-03	3.1486578738e-06	1.4203974994e-06	1.7282603743e-06
1518              	-1.5314045335e-07	7.9121613091e-03	3.1375462775e-06	1.4156326854e-06	1.7219135921e-06
1519              	-1.5235319550e-07	7.9121178354e-03	3.1264742594e-06	1.4108839342e-06	1.7155903252e-06
1520              	-1.5156968236e-07	7.9120745389e-03	3.1154417827e-06	1.4061512090e-06	1.7092905737e-06
1521              	-1.5078986062e-07	7.9120314191e-03	3.1044485787e-06	1.4014344287e-06	1.7030141499e-06
1522              	-1.5001375309e-07	7.9119884754e-03	3.0934945853e-06	1.3967335396e-06	1.6967610458e-06
1523              	-1.4924130077e-07	7.9119457075e-03	3.0825795110e-06	1.3920484547e-06	1.6905310563e-06
1524              	-1.4847245124e-07	7.9119031146e-03	3.0717030130e-06	1.3873790553e-06	1.6843239578e-06
1525              	-1.4770726998e-07	7.9118606959e-03	3.0608652793e-06	1.3827253697e-06	1.6781399096e-06
1526              	-1.4694568551e-07	7.9118184504e-03	3.0500660925e-06	1.3780873607e-06	1.6719787318e-06
1527              	-1.4618772325e-07	7.9117763775e-03	3.0393053881e-06	1.3734649708e-06	1.6658404173e-06
1528              	-1.4543333825e-07	7.9117344766e-03	3.0285829561e-06	1.3688581398e-06	1.6597248163e-06
1529              	-1.4468255207e-07	7.9116927472e-03	3.0178987261e-06	1.3642668110e-06	1.6536319151e-06
1530              	-1.4393533915e-07	7.9116511887e-03	3.0072525311e-06	1.3596909264e-06	1.6475616047e-06
1531              	-1.4319165249e-07	7.9116098003e-03	2.9966440991e-06	1.3551303971e-06	1.6415137020e-06
1532              	-1.4245142708e-07	7.9115685813e-03	2.9860732055e-06	1.3505851757e-06	1.6354880298e-06
1533              	-1.4171470947e-07	7.9115275309e-03	2.9755398997e-06	1.3460552404e-06	1.6294846593e-06
1534              	-1.4098145171e-07	7.9114866486e-03	2.9650439755e-06	1.3415405360e-06	1.6235034395e-06
1535              	-1.4025165572e-07	7.9114459337e-03	2.9545853370e-06	1.3370410128e-06	1.6175443242e-06
1536              	-1.3952534806e-07	7.9114053856e-03	2.9441639703e-06	1.3325566371e-06	1.6116073332e-06
1537              	-1.3880242953e-07	7.9113650037e-03	2.9337794238e-06	1.3280872824e-06	1.6056921414e-06
1538              	-1.3808282410e-07	7.9113247873e-03	2.9234313638e-06	1.3236328578e-06	1.5997985060e-06
1539              	-1.3736665117e-07	7.9112847357e-03	2.9131200683e-06	1.3191933830e-06	1.5939266853e-06
1540              	-1.3665384205e-07	7.9112448482e-03	2.9028453120e-06	1.3147688139e-06	1.5880764980e-06
1541              	-1.3594442458e-07	7.9112051243e-03	2.8926070753e-06	1.3103591131e-06	1.5822479622e-06
1542              	-1.3523840944e-07	7.9111655634e-03	2.8824053109e-06	1.3059642460e-06	1.5764410649e-06
1543              	-1.3453573462e-07	7.9111261647e-03	2.8722398194e-06	1.3015841751e-06	1.5706556443e-06
1544              	-1.3383635147e-07	7.9110869276e-03	2.8621102903e-06	1.2972187937e-06	1.5648914966e-06
1545              	-1.3314027624e-07	7.9110478515e-03	2.8520166351e-06	1.2928680413e-06	1.5591485938e-06
1546              	-1.3244751003e-07	7.9110089359e-03	2.8419588432e-06	1.2885319116e-06	1.5534269316e-06
1547              	-1.3175799785e-07	7.9109701800e-03	2.8319366454e-06	1.2842103248e-06	1.5477263205e-06
1548              	-1.3107173369e-07	7.9109315833e-03	2.8219499486e-06	1.2799032406e-06	1.5420467080e-06
1549              	-1.3038871603e-07	7.9108931451e-03	2.8119986673e-06	1.2756106176e-06	1.5363880497e-06
1550              	-1.2970896089e-07	7.9108548647e-03	2.8020826984e-06	1.2713323883e-06	1.5307503101e-06
1551              	-1.2903242519e-07	7.9108167416e-03	2.7922019342e-06	1.2670685419e-06	1.5251333923e-06
1552              	-1.2835905820e-07	7.9107787752e-03	2.7823561368e-06	1.2628190102e-06	1.5195371266e-06
1553              	-1.2768893049e-07	7.9107409648e-03	2.7725453699e-06	1.2585837545e-06	1.5139616155e-06
1554              	-1.2702192723e-07	7.9107033098e-03	2.7627692194e-06	1.2543626825e-06	1.5084065369e-06
1555              	-1.2635807660e-07	7.9106658096e-03	2.7530276987e-06	1.2501557728e-06	1.5028719260e-06
1556              	-1.2569743398e-07	7.9106284637e-03	2.7433209217e-06	1.2459630269e-06	1.4973578948e-06
1557              	-1.2503988762e-07	7.9105912714e-03	2.7336483717e-06	1.2417842982e-06	1.4918640734e-06
1558              	-1.2438544584e-07	7.9105542321e-03	2.7240101371e-06	1.2376196227e-06	1.4863905144e-06
1559              	-1.2373409931e-07	7.9105173451e-03	2.7144060471e-06	1.2334689243e-06	1.4809371229e-06
1560              	-1.2308586890e-07	7.9104806099e-03	2.7048360876e-06	1.2293321749e-06	1.4755039127e-06
1561              	-1.2244074755e-07	7.9104440259e-03	2.6953001618e-06	1.2252093334e-06	1.4700908285e-06
1562              	-1.2179863850e-07	7.9104075927e-03	2.6857979130e-06	1.2211003180e-06	1.4646975950e-06
1563              	-1.2115959576e-07	7.9103713094e-03	2.6763293624e-06	1.2170050854e-06	1.4593242769e-06
1564              	-1.2052356506e-07	7.9103351757e-03	2.6668943645e-06	1.2129236172e-06	1.4539707473e-06
1565              	-1.1989059028e-07	7.9102991907e-03	2.6574929378e-06	1.2088558786e-06	1.4486370592e-06
1566              	-1.1926064302e-07	7.9102633540e-03	2.6481249153e-06	1.2048018146e-06	1.4433231007e-06
1567              	-1.1863366457e-07	7.9102276650e-03	2.6387900864e-06	1.2007613786e-06	1.4380287078e-06
1568              	-1.1800967434e-07	7.9101921231e-03	2.6294883487e-06	1.1967345000e-06	1.4327538487e-06
1569              	-1.1738861905e-07	7.9101567277e-03	2.6202195364e-06	1.1927211491e-06	1.4274983872e-06
1570              	-1.1677054697e-07	7.9101214784e-03	2.6109836962e-06	1.1887213011e-06	1.4222623951e-06
1571              	-1.1615542362e-07	7.9100863744e-03	2.6017806306e-06	1.1847348917e-06	1.4170457389e-06
1572              	-1.1554338093e-07	7.9100514130e-03	2.5926104746e-06	1.1807618564e-06	1.4118486183e-06
1573              	-1.1493432904e-07	7.9100165949e-03	2.5834730568e-06	1.1768021994e-06	1.4066708575e-06
1574              	-1.1432808605e-07	7.9099819221e-03	2.5743679996e-06	1.1728559137e-06	1.4015120858e-06
1575              	-1.1372469508e-07	7.9099473945e-03	2.5652952567e-06	1.1689229333e-06	1.3963723234e-06
1576              	-1.1312422764e-07	7.9099130105e-03	2.5562548080e-06	1.1650031763e-06	1.3912516316e-06
1577              	-1.1252663011e-07	7.9098787679e-03	2.5472464766e-06	1.1610966082e-06	1.3861498684e-06
1578              	-1.1193196169e-07	7.9098446631e-03	2.5382701718e-06	1.1572031242e-06	1.3810670476e-06
1579              	-1.1133993555e-07	7.9098106971e-03	2.5293250581e-06	1.1533225935e-06	1.3760024646e-06
1580              	-1.1075035788e-07	7.9097768733e-03	2.5204105998e-06	1.1494549420e-06	1.3709556578e-06
1581              	-1.1016344393e-07	7.9097431926e-03	2.5115272192e-06	1.1456001657e-06	1.3659270536e-06
