/*---------------------------------------------------------------------------*\
  =========                 |
  \\      /  F ield         | OpenFOAM: The Open Source CFD Toolbox
   \\    /   O peration     | Website:  https://openfoam.org
    \\  /    A nd           | Version:  10
     \\/     M anipulation  |
\*---------------------------------------------------------------------------*/
Build  : 10-c4cf895ad8fa
Exec   : chtMultiRegionFoam
Date   : Sep 15 2026
Time   : 15:23:43
Host   : "d1a43442a6f0"
PID    : 25607
I/O    : uncollated
Case   : /d_runtime/harcc_s4_part2_v8_control/case
nProcs : 1
sigFpe : Enabling floating point exception trapping (FOAM_SIGFPE).
fileModificationChecking : Monitoring run-time modified files using timeStampMaster (fileModificationSkew 10)
allowSystemOperations : Allowing user-supplied system call operations

// * * * * * * * * * * * * * * * * * * * * * * * * * * * * * * * * * * * * * //
Create time

Create fluid mesh for region fluid for time = 5000

Create solid mesh for region solid for time = 5000


PIMPLE: Region fluid
PIMPLE: Convergence criteria found
        p_rgh: tolerance 0.0001
        U: tolerance 1e-05
        h: tolerance 1e-05
        k: tolerance 0.0001
        omega: tolerance 0.0001


PIMPLE: Region solid
PIMPLE: Convergence criteria found
        e: tolerance 1e-06


PIMPLE: Operating solver in steady-state mode with 1 outer corrector
PIMPLE: Operating solver in SIMPLE mode


*** Reading fluid mesh thermophysical properties for region fluid

    Adding to thermoFluid

Selecting thermodynamics package 
{
    type            heRhoThermo;
    mixture         pureMixture;
    transport       tabulated;
    thermo          hTabulated;
    equationOfState rhoTabulated;
    specie          specie;
    energy          sensibleEnthalpy;
}

    Adding to rhoFluid

    Adding to UFluid

    Adding to phiFluid

    Adding to gFluid

    Adding to hRefFluid

    Adding to pRefFluid

    Adding to ghFluid

    Adding to ghfFluid

    Adding to turbulenceFluid

Selecting turbulence model type RAS
Selecting RAS turbulence model kOmegaSST
Selecting patchDistMethod meshWave
RAS
{
    model           kOmegaSST;
    turbulence      on;
    printCoeffs     on;
    alphaK1         0.85;
    alphaK2         1;
    alphaOmega1     0.5;
    alphaOmega2     0.856;
    gamma1          0.55555556;
    gamma2          0.44;
    beta1           0.075;
    beta2           0.0828;
    betaStar        0.09;
    a1              0.31;
    b1              1;
    c1              10;
    F3              false;
}

    Adding to thermophysicalTransport

Selecting thermophysical transport type RAS
Selecting RAS thermophysical transport model eddyDiffusivity
    Adding to reactionFluid

Combustion model not active: combustionProperties not found
Selecting combustion model none
    Adding to KFluid

    Adding to dpdtFluid

    Adding to fieldsFluid

    Adding MRF

No MRF models present

    Adding fvModelsFluid

    Adding fvConstraintsFluid

*** Reading solid mesh thermophysical properties for region solid

    Adding to thermoSolid

Selecting thermodynamics package 
{
    type            heSolidThermo;
    mixture         pureMixture;
    transport       constIsoSolid;
    thermo          eConst;
    equationOfState rhoConst;
    specie          specie;
    energy          sensibleInternalEnergy;
}

    Adding to fvModelsSolid

    Adding fvConstraintsSolid

Region: fluid Courant Number mean: 6417.0441 max: 9940.8576
Region: solid Diffusion Number mean: 5397.6312 max: 53365.575
Region: fluid Courant Number mean: 6417.0441 max: 9940.8576
Region: solid Diffusion Number mean: 5397.6312 max: 53365.575
Time = 5001s


Solving for solid region solid
DICPCG:  Solving for e, Initial residual = 0.00018232837, Final residual = 2.4989467e-06, No Iterations 2
Min/max T:360.35458 538.78991

Solving for fluid region fluid
DILUPBiCGStab:  Solving for Ux, Initial residual = 9.2283672e-05, Final residual = 3.1183634e-07, No Iterations 1
DILUPBiCGStab:  Solving for Uy, Initial residual = 0.031356128, Final residual = 0.00027480968, No Iterations 1
DILUPBiCGStab:  Solving for Uz, Initial residual = 0.00039889674, Final residual = 3.8981711e-06, No Iterations 1
DILUPBiCGStab:  Solving for h, Initial residual = 6.7258019e-05, Final residual = 2.1811901e-07, No Iterations 1
Min/max T:139.8 505.08761
GAMG:  Solving for p_rgh, Initial residual = 0.02728355, Final residual = 8.0107202e-05, No Iterations 2
time step continuity errors : sum local = 0.68691403, global = -0.022917463, cumulative = -0.022917463
GAMG:  Solving for p_rgh, Initial residual = 0.0082418372, Final residual = 4.0650781e-05, No Iterations 2
time step continuity errors : sum local = 0.34554212, global = -0.016801047, cumulative = -0.03971851
DILUPBiCGStab:  Solving for omega, Initial residual = 3.7735769e-06, Final residual = 1.5623773e-08, No Iterations 1
DILUPBiCGStab:  Solving for k, Initial residual = 4.7877031e-05, Final residual = 1.2256215e-07, No Iterations 1
ExecutionTime = 3.101606 s  ClockTime = 20 s

Region: fluid Courant Number mean: 6417.2177 max: 9941.7458
Region: solid Diffusion Number mean: 5397.6312 max: 53365.575
Time = 5002s


Solving for solid region solid
DICPCG:  Solving for e, Initial residual = 0.00018230927, Final residual = 2.4986992e-06, No Iterations 2
Min/max T:360.37184 538.81059

Solving for fluid region fluid
DILUPBiCGStab:  Solving for Ux, Initial residual = 9.1407253e-05, Final residual = 3.0889314e-07, No Iterations 1
DILUPBiCGStab:  Solving for Uy, Initial residual = 0.0068609799, Final residual = 6.1280761e-05, No Iterations 1
DILUPBiCGStab:  Solving for Uz, Initial residual = 0.00015262236, Final residual = 1.4552719e-06, No Iterations 1
DILUPBiCGStab:  Solving for h, Initial residual = 6.725617e-05, Final residual = 2.1808526e-07, No Iterations 1
Min/max T:139.8 505.10814
GAMG:  Solving for p_rgh, Initial residual = 0.010116906, Final residual = 6.431564e-05, No Iterations 2
time step continuity errors : sum local = 0.54670533, global = -0.027657782, cumulative = -0.027657782
GAMG:  Solving for p_rgh, Initial residual = 0.0030200219, Final residual = 2.7286338e-05, No Iterations 20
time step continuity errors : sum local = 0.23164292, global = -0.0038670031, cumulative = -0.031524785
DILUPBiCGStab:  Solving for omega, Initial residual = 3.7714833e-06, Final residual = 1.5618428e-08, No Iterations 1
DILUPBiCGStab:  Solving for k, Initial residual = 4.7890675e-05, Final residual = 1.2257683e-07, No Iterations 1
ExecutionTime = 3.202528 s  ClockTime = 20 s

Region: fluid Courant Number mean: 6417.3937 max: 9942.7643
Region: solid Diffusion Number mean: 5397.6312 max: 53365.575
Time = 5003s


Solving for solid region solid
DICPCG:  Solving for e, Initial residual = 0.00018229027, Final residual = 2.4984476e-06, No Iterations 2
Min/max T:360.3891 538.83127

Solving for fluid region fluid
DILUPBiCGStab:  Solving for Ux, Initial residual = 9.2566415e-05, Final residual = 3.1273419e-07, No Iterations 1
DILUPBiCGStab:  Solving for Uy, Initial residual = 0.0016416769, Final residual = 1.5983728e-05, No Iterations 1
DILUPBiCGStab:  Solving for Uz, Initial residual = 0.00012198755, Final residual = 7.2000799e-07, No Iterations 1
DILUPBiCGStab:  Solving for h, Initial residual = 6.7246241e-05, Final residual = 2.1803697e-07, No Iterations 1
Min/max T:139.8 505.12867
GAMG:  Solving for p_rgh, Initial residual = 0.0026580175, Final residual = 2.6415891e-05, No Iterations 18
time step continuity errors : sum local = 0.22428036, global = -0.0035733727, cumulative = -0.0035733727
GAMG:  Solving for p_rgh, Initial residual = 0.000803244, Final residual = 7.3942428e-06, No Iterations 28
time step continuity errors : sum local = 0.062786464, global = -0.00075622299, cumulative = -0.0043295957
DILUPBiCGStab:  Solving for omega, Initial residual = 3.7688088e-06, Final residual = 1.560267e-08, No Iterations 1
DILUPBiCGStab:  Solving for k, Initial residual = 4.793909e-05, Final residual = 1.2264034e-07, No Iterations 1
ExecutionTime = 3.291289 s  ClockTime = 21 s

Region: fluid Courant Number mean: 6417.5696 max: 9943.7125
Region: solid Diffusion Number mean: 5397.6312 max: 53365.575
Time = 5004s


Solving for solid region solid
DICPCG:  Solving for e, Initial residual = 0.00018227098, Final residual = 2.4981713e-06, No Iterations 2
Min/max T:360.40636 538.85195

Solving for fluid region fluid
DILUPBiCGStab:  Solving for Ux, Initial residual = 9.3050199e-05, Final residual = 3.1426265e-07, No Iterations 1
DILUPBiCGStab:  Solving for Uy, Initial residual = 0.002606746, Final residual = 2.431225e-05, No Iterations 1
DILUPBiCGStab:  Solving for Uz, Initial residual = 0.00012530522, Final residual = 8.3105405e-07, No Iterations 1
DILUPBiCGStab:  Solving for h, Initial residual = 6.724348e-05, Final residual = 2.1803496e-07, No Iterations 1
Min/max T:139.8 505.1492
GAMG:  Solving for p_rgh, Initial residual = 0.00058979189, Final residual = 5.8606245e-06, No Iterations 34
time step continuity errors : sum local = 0.049760414, global = -0.00058842151, cumulative = -0.00058842151
GAMG:  Solving for p_rgh, Initial residual = 0.000158248, Final residual = 1.4621248e-06, No Iterations 34
time step continuity errors : sum local = 0.012415686, global = -0.00011231504, cumulative = -0.00070073655
DILUPBiCGStab:  Solving for omega, Initial residual = 3.767701e-06, Final residual = 1.5597397e-08, No Iterations 1
DILUPBiCGStab:  Solving for k, Initial residual = 4.7965212e-05, Final residual = 1.2268675e-07, No Iterations 1
ExecutionTime = 3.387449 s  ClockTime = 21 s

Region: fluid Courant Number mean: 6417.745 max: 9944.6626
Region: solid Diffusion Number mean: 5397.6312 max: 53365.575
Time = 5005s


Solving for solid region solid
DICPCG:  Solving for e, Initial residual = 0.00018225179, Final residual = 2.4979075e-06, No Iterations 2
Min/max T:360.42361 538.87262

Solving for fluid region fluid
DILUPBiCGStab:  Solving for Ux, Initial residual = 9.2650116e-05, Final residual = 3.1294254e-07, No Iterations 1
DILUPBiCGStab:  Solving for Uy, Initial residual = 0.0017166533, Final residual = 1.5340357e-05, No Iterations 1
DILUPBiCGStab:  Solving for Uz, Initial residual = 0.00011908241, Final residual = 6.6010355e-07, No Iterations 1
DILUPBiCGStab:  Solving for h, Initial residual = 6.723917e-05, Final residual = 2.1803779e-07, No Iterations 1
Min/max T:139.8 505.16973
GAMG:  Solving for p_rgh, Initial residual = 0.00057545565, Final residual = 5.7348203e-06, No Iterations 30
time step continuity errors : sum local = 0.048692898, global = -0.0006956613, cumulative = -0.0006956613
GAMG:  Solving for p_rgh, Initial residual = 0.00015583457, Final residual = 1.5083703e-06, No Iterations 30
time step continuity errors : sum local = 0.012808361, global = -0.00015575256, cumulative = -0.00085141387
DILUPBiCGStab:  Solving for omega, Initial residual = 3.7679134e-06, Final residual = 1.5600246e-08, No Iterations 1
DILUPBiCGStab:  Solving for k, Initial residual = 4.7974125e-05, Final residual = 1.2271522e-07, No Iterations 1
ExecutionTime = 3.472546 s  ClockTime = 21 s

Region: fluid Courant Number mean: 6417.9204 max: 9945.6121
Region: solid Diffusion Number mean: 5397.6312 max: 53365.575
Time = 5006s


Solving for solid region solid
DICPCG:  Solving for e, Initial residual = 0.00018223273, Final residual = 2.497651e-06, No Iterations 2
Min/max T:360.44086 538.8933

Solving for fluid region fluid
DILUPBiCGStab:  Solving for Ux, Initial residual = 9.2335068e-05, Final residual = 3.1189277e-07, No Iterations 1
DILUPBiCGStab:  Solving for Uy, Initial residual = 0.00088050455, Final residual = 7.5669513e-06, No Iterations 1
DILUPBiCGStab:  Solving for Uz, Initial residual = 0.00011598828, Final residual = 5.351053e-07, No Iterations 1
DILUPBiCGStab:  Solving for h, Initial residual = 6.7232745e-05, Final residual = 2.1802301e-07, No Iterations 1
Min/max T:139.8 505.19025
GAMG:  Solving for p_rgh, Initial residual = 0.00041726247, Final residual = 3.8328941e-06, No Iterations 44
time step continuity errors : sum local = 0.032544447, global = -0.00042183637, cumulative = -0.00042183637
GAMG:  Solving for p_rgh, Initial residual = 0.00011884986, Final residual = 1.1537629e-06, No Iterations 32
time step continuity errors : sum local = 0.0097976924, global = -0.00013186541, cumulative = -0.00055370178
DILUPBiCGStab:  Solving for omega, Initial residual = 3.7687222e-06, Final residual = 1.5604409e-08, No Iterations 1
DILUPBiCGStab:  Solving for k, Initial residual = 4.7975404e-05, Final residual = 1.2272664e-07, No Iterations 1
ExecutionTime = 3.581703 s  ClockTime = 21 s

Region: fluid Courant Number mean: 6418.0958 max: 9946.5621
Region: solid Diffusion Number mean: 5397.6312 max: 53365.575
Time = 5007s


Solving for solid region solid
DICPCG:  Solving for e, Initial residual = 0.00018221365, Final residual = 2.4973895e-06, No Iterations 2
Min/max T:360.45811 538.91397

Solving for fluid region fluid
DILUPBiCGStab:  Solving for Ux, Initial residual = 9.2275547e-05, Final residual = 3.1169291e-07, No Iterations 1
DILUPBiCGStab:  Solving for Uy, Initial residual = 0.00047441195, Final residual = 4.275836e-06, No Iterations 1
DILUPBiCGStab:  Solving for Uz, Initial residual = 0.00011537867, Final residual = 4.8552671e-07, No Iterations 1
DILUPBiCGStab:  Solving for h, Initial residual = 6.7226617e-05, Final residual = 2.1800659e-07, No Iterations 1
Min/max T:139.8 505.21077
GAMG:  Solving for p_rgh, Initial residual = 0.00024591207, Final residual = 2.3316813e-06, No Iterations 58
time step continuity errors : sum local = 0.019798727, global = -0.00021891113, cumulative = -0.00021891113
GAMG:  Solving for p_rgh, Initial residual = 7.1343702e-05, Final residual = 7.0590681e-07, No Iterations 38
time step continuity errors : sum local = 0.0059948893, global = -8.138898e-05, cumulative = -0.00030030011
DILUPBiCGStab:  Solving for omega, Initial residual = 3.7696426e-06, Final residual = 1.5608148e-08, No Iterations 1
DILUPBiCGStab:  Solving for k, Initial residual = 4.7971883e-05, Final residual = 1.2272293e-07, No Iterations 1
ExecutionTime = 3.713512 s  ClockTime = 21 s

Region: fluid Courant Number mean: 6418.2711 max: 9947.5121
Region: solid Diffusion Number mean: 5397.6312 max: 53365.575
Time = 5008s


Solving for solid region solid
DICPCG:  Solving for e, Initial residual = 0.00018219454, Final residual = 2.4971241e-06, No Iterations 2
Min/max T:360.47536 538.93464

Solving for fluid region fluid
DILUPBiCGStab:  Solving for Ux, Initial residual = 9.2270274e-05, Final residual = 3.1165524e-07, No Iterations 1
DILUPBiCGStab:  Solving for Uy, Initial residual = 0.00028800776, Final residual = 2.7238444e-06, No Iterations 1
DILUPBiCGStab:  Solving for Uz, Initial residual = 0.00011522545, Final residual = 4.6293489e-07, No Iterations 1
DILUPBiCGStab:  Solving for h, Initial residual = 6.7221295e-05, Final residual = 2.1799474e-07, No Iterations 1
Min/max T:139.8 505.23129
GAMG:  Solving for p_rgh, Initial residual = 0.00014671886, Final residual = 1.441618e-06, No Iterations 70
time step continuity errors : sum local = 0.012241731, global = -0.0001131629, cumulative = -0.0001131629
GAMG:  Solving for p_rgh, Initial residual = 4.2338181e-05, Final residual = 4.177742e-07, No Iterations 46
time step continuity errors : sum local = 0.0035481486, global = -4.3643956e-05, cumulative = -0.00015680686
DILUPBiCGStab:  Solving for omega, Initial residual = 3.7703934e-06, Final residual = 1.5611044e-08, No Iterations 1
DILUPBiCGStab:  Solving for k, Initial residual = 4.7967303e-05, Final residual = 1.2271444e-07, No Iterations 1
ExecutionTime = 3.84519 s  ClockTime = 21 s

Region: fluid Courant Number mean: 6418.4464 max: 9948.4622
Region: solid Diffusion Number mean: 5397.6312 max: 53365.575
Time = 5009s


Solving for solid region solid
DICPCG:  Solving for e, Initial residual = 0.00018217542, Final residual = 2.4968584e-06, No Iterations 2
Min/max T:360.4926 538.9553

Solving for fluid region fluid
DILUPBiCGStab:  Solving for Ux, Initial residual = 9.225514e-05, Final residual = 3.1158403e-07, No Iterations 1
DILUPBiCGStab:  Solving for Uy, Initial residual = 0.00018771101, Final residual = 1.7957126e-06, No Iterations 1
DILUPBiCGStab:  Solving for Uz, Initial residual = 0.00011509909, Final residual = 4.4995188e-07, No Iterations 1
DILUPBiCGStab:  Solving for h, Initial residual = 6.7216241e-05, Final residual = 2.1798383e-07, No Iterations 1
Min/max T:139.8 505.25181
GAMG:  Solving for p_rgh, Initial residual = 9.1113924e-05, Final residual = 8.8734114e-07, No Iterations 82
time step continuity errors : sum local = 0.007535453, global = -6.0649476e-05, cumulative = -6.0649476e-05
GAMG:  Solving for p_rgh, Initial residual = 2.63758e-05, Final residual = 2.4769754e-07, No Iterations 54
time step continuity errors : sum local = 0.0021038213, global = -2.4385327e-05, cumulative = -8.5034804e-05
DILUPBiCGStab:  Solving for omega, Initial residual = 3.7708887e-06, Final residual = 1.5612881e-08, No Iterations 1
DILUPBiCGStab:  Solving for k, Initial residual = 4.796301e-05, Final residual = 1.2270576e-07, No Iterations 1
ExecutionTime = 4.001387 s  ClockTime = 21 s

Region: fluid Courant Number mean: 6418.6217 max: 9949.4122
Region: solid Diffusion Number mean: 5397.6312 max: 53365.575
Time = 5010s


Solving for solid region solid
DICPCG:  Solving for e, Initial residual = 0.0001821563, Final residual = 2.4965933e-06, No Iterations 2
Min/max T:360.50984 538.97597

Solving for fluid region fluid
DILUPBiCGStab:  Solving for Ux, Initial residual = 9.2236295e-05, Final residual = 3.1150996e-07, No Iterations 1
DILUPBiCGStab:  Solving for Uy, Initial residual = 0.00014217341, Final residual = 1.3843521e-06, No Iterations 1
DILUPBiCGStab:  Solving for Uz, Initial residual = 0.00011501533, Final residual = 4.4235454e-07, No Iterations 1
DILUPBiCGStab:  Solving for h, Initial residual = 6.7211204e-05, Final residual = 2.179735e-07, No Iterations 1
Min/max T:139.8 505.27233
GAMG:  Solving for p_rgh, Initial residual = 6.0855479e-05, Final residual = 5.9843832e-07, No Iterations 92
time step continuity errors : sum local = 0.0050823508, global = -3.6904319e-05, cumulative = -3.6904319e-05
GAMG:  Solving for p_rgh, Initial residual = 1.7880736e-05, Final residual = 1.721315e-07, No Iterations 60
time step continuity errors : sum local = 0.0014620941, global = -1.6438639e-05, cumulative = -5.3342957e-05
DILUPBiCGStab:  Solving for omega, Initial residual = 3.7711271e-06, Final residual = 1.5613588e-08, No Iterations 1
DILUPBiCGStab:  Solving for k, Initial residual = 4.7959794e-05, Final residual = 1.2269899e-07, No Iterations 1
ExecutionTime = 4.171948 s  ClockTime = 21 s

Region: fluid Courant Number mean: 6418.7971 max: 9950.3623
Region: solid Diffusion Number mean: 5397.6312 max: 53365.575
Time = 5011s


Solving for solid region solid
DICPCG:  Solving for e, Initial residual = 0.00018213718, Final residual = 2.4963284e-06, No Iterations 2
Min/max T:360.52708 538.99663

Solving for fluid region fluid
DILUPBiCGStab:  Solving for Ux, Initial residual = 9.2228898e-05, Final residual = 3.1147944e-07, No Iterations 1
DILUPBiCGStab:  Solving for Uy, Initial residual = 0.00012476625, Final residual = 1.2312884e-06, No Iterations 1
DILUPBiCGStab:  Solving for Uz, Initial residual = 0.0001149711, Final residual = 4.3858306e-07, No Iterations 1
DILUPBiCGStab:  Solving for h, Initial residual = 6.7206164e-05, Final residual = 2.1796273e-07, No Iterations 1
Min/max T:139.8 505.29284
GAMG:  Solving for p_rgh, Initial residual = 4.7316204e-05, Final residual = 4.4035828e-07, No Iterations 100
time step continuity errors : sum local = 0.0037400612, global = -2.586167e-05, cumulative = -2.586167e-05
GAMG:  Solving for p_rgh, Initial residual = 1.4045971e-05, Final residual = 1.3809476e-07, No Iterations 64
time step continuity errors : sum local = 0.0011730585, global = -1.304353e-05, cumulative = -3.8905199e-05
DILUPBiCGStab:  Solving for omega, Initial residual = 3.7711761e-06, Final residual = 1.5613553e-08, No Iterations 1
DILUPBiCGStab:  Solving for k, Initial residual = 4.7957682e-05, Final residual = 1.2269391e-07, No Iterations 1
ExecutionTime = 4.365243 s  ClockTime = 22 s

Region: fluid Courant Number mean: 6418.9724 max: 9951.3129
Region: solid Diffusion Number mean: 5397.6312 max: 53365.575
Time = 5012s


Solving for solid region solid
DICPCG:  Solving for e, Initial residual = 0.00018211806, Final residual = 2.4960635e-06, No Iterations 2
Min/max T:360.54431 539.01729

Solving for fluid region fluid
DILUPBiCGStab:  Solving for Ux, Initial residual = 9.2228688e-05, Final residual = 3.1147076e-07, No Iterations 1
DILUPBiCGStab:  Solving for Uy, Initial residual = 0.00011703641, Final residual = 1.1613396e-06, No Iterations 1
DILUPBiCGStab:  Solving for Uz, Initial residual = 0.00011494757, Final residual = 4.3616965e-07, No Iterations 1
DILUPBiCGStab:  Solving for h, Initial residual = 6.7201165e-05, Final residual = 2.1795057e-07, No Iterations 1
Min/max T:139.8 505.31335
GAMG:  Solving for p_rgh, Initial residual = 4.1837017e-05, Final residual = 4.3883423e-07, No Iterations 100
time step continuity errors : sum local = 0.0037273533, global = -2.5611473e-05, cumulative = -2.5611473e-05
GAMG:  Solving for p_rgh, Initial residual = 1.2505743e-05, Final residual = 1.1581498e-07, No Iterations 68
time step continuity errors : sum local = 0.00098386433, global = -1.0449472e-05, cumulative = -3.6060944e-05
DILUPBiCGStab:  Solving for omega, Initial residual = 3.7711e-06, Final residual = 1.5612962e-08, No Iterations 1
DILUPBiCGStab:  Solving for k, Initial residual = 4.7955684e-05, Final residual = 1.2268874e-07, No Iterations 1
ExecutionTime = 4.589766 s  ClockTime = 22 s

Region: fluid Courant Number mean: 6419.1478 max: 9952.264
Region: solid Diffusion Number mean: 5397.6312 max: 53365.575
Time = 5013s


Solving for solid region solid
DICPCG:  Solving for e, Initial residual = 0.00018209894, Final residual = 2.4957984e-06, No Iterations 2
Min/max T:360.56155 539.03795

Solving for fluid region fluid
DILUPBiCGStab:  Solving for Ux, Initial residual = 9.2222114e-05, Final residual = 3.1144211e-07, No Iterations 1
DILUPBiCGStab:  Solving for Uy, Initial residual = 0.00011292662, Final residual = 1.127558e-06, No Iterations 1
DILUPBiCGStab:  Solving for Uz, Initial residual = 0.00011487797, Final residual = 4.3554681e-07, No Iterations 1
DILUPBiCGStab:  Solving for h, Initial residual = 6.7196208e-05, Final residual = 2.1793675e-07, No Iterations 1
Min/max T:139.8 505.33386
GAMG:  Solving for p_rgh, Initial residual = 3.9889982e-05, Final residual = 4.4189006e-07, No Iterations 100
time step continuity errors : sum local = 0.0037535459, global = -2.5241052e-05, cumulative = -2.5241052e-05
GAMG:  Solving for p_rgh, Initial residual = 1.1956112e-05, Final residual = 1.1634261e-07, No Iterations 68
time step continuity errors : sum local = 0.0009884073, global = -1.0413226e-05, cumulative = -3.5654278e-05
DILUPBiCGStab:  Solving for omega, Initial residual = 3.7709642e-06, Final residual = 1.5612107e-08, No Iterations 1
DILUPBiCGStab:  Solving for k, Initial residual = 4.7953946e-05, Final residual = 1.2268386e-07, No Iterations 1
ExecutionTime = 4.851576 s  ClockTime = 22 s

Region: fluid Courant Number mean: 6419.3232 max: 9953.2154
Region: solid Diffusion Number mean: 5397.6312 max: 53365.575
Time = 5014s


Solving for solid region solid
DICPCG:  Solving for e, Initial residual = 0.00018207982, Final residual = 2.4955335e-06, No Iterations 2
Min/max T:360.57878 539.05861

Solving for fluid region fluid
DILUPBiCGStab:  Solving for Ux, Initial residual = 9.2215554e-05, Final residual = 3.1141611e-07, No Iterations 1
DILUPBiCGStab:  Solving for Uy, Initial residual = 0.00011005732, Final residual = 1.1025017e-06, No Iterations 1
DILUPBiCGStab:  Solving for Uz, Initial residual = 0.00011484072, Final residual = 4.3574466e-07, No Iterations 1
DILUPBiCGStab:  Solving for h, Initial residual = 6.7191268e-05, Final residual = 2.1792342e-07, No Iterations 1
Min/max T:139.8 505.35437
GAMG:  Solving for p_rgh, Initial residual = 3.930951e-05, Final residual = 4.3713673e-07, No Iterations 100
time step continuity errors : sum local = 0.0037134038, global = -2.4785198e-05, cumulative = -2.4785198e-05
GAMG:  Solving for p_rgh, Initial residual = 1.1729454e-05, Final residual = 1.153302e-07, No Iterations 68
time step continuity errors : sum local = 0.00097986781, global = -1.0348567e-05, cumulative = -3.5133765e-05
DILUPBiCGStab:  Solving for omega, Initial residual = 3.7707824e-06, Final residual = 1.561112e-08, No Iterations 1
DILUPBiCGStab:  Solving for k, Initial residual = 4.7951577e-05, Final residual = 1.2267779e-07, No Iterations 1
ExecutionTime = 5.032128 s  ClockTime = 22 s

Region: fluid Courant Number mean: 6419.4986 max: 9954.168
Region: solid Diffusion Number mean: 5397.6312 max: 53365.575
Time = 5015s


Solving for solid region solid
DICPCG:  Solving for e, Initial residual = 0.00018206071, Final residual = 2.4952685e-06, No Iterations 2
Min/max T:360.59601 539.07926

Solving for fluid region fluid
DILUPBiCGStab:  Solving for Ux, Initial residual = 9.2200526e-05, Final residual = 3.113613e-07, No Iterations 1
DILUPBiCGStab:  Solving for Uy, Initial residual = 0.00010740024, Final residual = 1.0747995e-06, No Iterations 1
DILUPBiCGStab:  Solving for Uz, Initial residual = 0.00011492136, Final residual = 4.3375371e-07, No Iterations 1
DILUPBiCGStab:  Solving for h, Initial residual = 6.7186303e-05, Final residual = 2.1791265e-07, No Iterations 1
Min/max T:139.8 505.37487
GAMG:  Solving for p_rgh, Initial residual = 3.8470335e-05, Final residual = 4.4142919e-07, No Iterations 100
time step continuity errors : sum local = 0.0037501027, global = -2.5517049e-05, cumulative = -2.5517049e-05
GAMG:  Solving for p_rgh, Initial residual = 1.1544529e-05, Final residual = 1.078527e-07, No Iterations 70
time step continuity errors : sum local = 0.00091639576, global = -9.5880924e-06, cumulative = -3.5105141e-05
DILUPBiCGStab:  Solving for omega, Initial residual = 3.7705487e-06, Final residual = 1.560992e-08, No Iterations 1
DILUPBiCGStab:  Solving for k, Initial residual = 4.7949942e-05, Final residual = 1.2267291e-07, No Iterations 1
ExecutionTime = 5.202934 s  ClockTime = 23 s

Region: fluid Courant Number mean: 6419.674 max: 9955.1214
Region: solid Diffusion Number mean: 5397.6312 max: 53365.575
Time = 5016s


Solving for solid region solid
DICPCG:  Solving for e, Initial residual = 0.00018204159, Final residual = 2.4950036e-06, No Iterations 2
Min/max T:360.61323 539.09991

Solving for fluid region fluid
DILUPBiCGStab:  Solving for Ux, Initial residual = 9.219693e-05, Final residual = 3.1134397e-07, No Iterations 1
DILUPBiCGStab:  Solving for Uy, Initial residual = 0.0001066266, Final residual = 1.0688427e-06, No Iterations 1
DILUPBiCGStab:  Solving for Uz, Initial residual = 0.0001149919, Final residual = 4.3363442e-07, No Iterations 1
DILUPBiCGStab:  Solving for h, Initial residual = 6.7181301e-05, Final residual = 2.179043e-07, No Iterations 1
Min/max T:139.8 505.39538
GAMG:  Solving for p_rgh, Initial residual = 3.8334331e-05, Final residual = 4.4460183e-07, No Iterations 100
time step continuity errors : sum local = 0.0037772965, global = -2.5547362e-05, cumulative = -2.5547362e-05
GAMG:  Solving for p_rgh, Initial residual = 1.1480985e-05, Final residual = 1.0850337e-07, No Iterations 70
time step continuity errors : sum local = 0.00092198425, global = -9.5906099e-06, cumulative = -3.5137972e-05
DILUPBiCGStab:  Solving for omega, Initial residual = 3.7702841e-06, Final residual = 1.5608777e-08, No Iterations 1
DILUPBiCGStab:  Solving for k, Initial residual = 4.7949029e-05, Final residual = 1.22669e-07, No Iterations 1
ExecutionTime = 5.382172 s  ClockTime = 23 s

Region: fluid Courant Number mean: 6419.8495 max: 9956.0761
Region: solid Diffusion Number mean: 5397.6312 max: 53365.575
Time = 5017s


Solving for solid region solid
DICPCG:  Solving for e, Initial residual = 0.00018202248, Final residual = 2.4947386e-06, No Iterations 2
Min/max T:360.63046 539.12056

Solving for fluid region fluid
DILUPBiCGStab:  Solving for Ux, Initial residual = 9.2199698e-05, Final residual = 3.1134472e-07, No Iterations 1
DILUPBiCGStab:  Solving for Uy, Initial residual = 0.00010610711, Final residual = 1.0661109e-06, No Iterations 1
DILUPBiCGStab:  Solving for Uz, Initial residual = 0.00011505396, Final residual = 4.3402014e-07, No Iterations 1
DILUPBiCGStab:  Solving for h, Initial residual = 6.7176325e-05, Final residual = 2.1789429e-07, No Iterations 1
Min/max T:139.8 505.41588
GAMG:  Solving for p_rgh, Initial residual = 3.8402385e-05, Final residual = 4.384791e-07, No Iterations 100
time step continuity errors : sum local = 0.0037255189, global = -2.5283693e-05, cumulative = -2.5283693e-05
GAMG:  Solving for p_rgh, Initial residual = 1.1494794e-05, Final residual = 1.0583694e-07, No Iterations 70
time step continuity errors : sum local = 0.00089938474, global = -9.4854426e-06, cumulative = -3.4769136e-05
DILUPBiCGStab:  Solving for omega, Initial residual = 3.7700723e-06, Final residual = 1.5608134e-08, No Iterations 1
DILUPBiCGStab:  Solving for k, Initial residual = 4.7947693e-05, Final residual = 1.2266464e-07, No Iterations 1
ExecutionTime = 5.564745 s  ClockTime = 23 s

Region: fluid Courant Number mean: 6420.025 max: 9957.033
Region: solid Diffusion Number mean: 5397.6312 max: 53365.575
Time = 5018s


Solving for solid region solid
DICPCG:  Solving for e, Initial residual = 0.00018200336, Final residual = 2.4944736e-06, No Iterations 2
Min/max T:360.64768 539.14121

Solving for fluid region fluid
DILUPBiCGStab:  Solving for Ux, Initial residual = 9.2189565e-05, Final residual = 3.1130302e-07, No Iterations 1
DILUPBiCGStab:  Solving for Uy, Initial residual = 0.0001055909, Final residual = 1.0631857e-06, No Iterations 1
DILUPBiCGStab:  Solving for Uz, Initial residual = 0.00011514156, Final residual = 4.4566882e-07, No Iterations 1
DILUPBiCGStab:  Solving for h, Initial residual = 6.7171369e-05, Final residual = 2.1788341e-07, No Iterations 1
Min/max T:139.8 505.43638
GAMG:  Solving for p_rgh, Initial residual = 3.8372738e-05, Final residual = 4.4030613e-07, No Iterations 100
time step continuity errors : sum local = 0.0037412775, global = -2.5318653e-05, cumulative = -2.5318653e-05
GAMG:  Solving for p_rgh, Initial residual = 1.1507199e-05, Final residual = 1.0658585e-07, No Iterations 70
time step continuity errors : sum local = 0.00090580426, global = -9.7329838e-06, cumulative = -3.5051636e-05
DILUPBiCGStab:  Solving for omega, Initial residual = 3.7698716e-06, Final residual = 1.5607317e-08, No Iterations 1
DILUPBiCGStab:  Solving for k, Initial residual = 4.7946533e-05, Final residual = 1.2266048e-07, No Iterations 1
ExecutionTime = 5.758182 s  ClockTime = 23 s

Region: fluid Courant Number mean: 6420.2005 max: 9957.9897
Region: solid Diffusion Number mean: 5397.6312 max: 53365.575
Time = 5019s


Solving for solid region solid
DICPCG:  Solving for e, Initial residual = 0.00018198425, Final residual = 2.4942088e-06, No Iterations 2
Min/max T:360.6649 539.16186

Solving for fluid region fluid
DILUPBiCGStab:  Solving for Ux, Initial residual = 9.2181744e-05, Final residual = 3.1127609e-07, No Iterations 1
DILUPBiCGStab:  Solving for Uy, Initial residual = 0.00010543012, Final residual = 1.0584828e-06, No Iterations 1
DILUPBiCGStab:  Solving for Uz, Initial residual = 0.00011517635, Final residual = 4.5007932e-07, No Iterations 1
DILUPBiCGStab:  Solving for h, Initial residual = 6.7166346e-05, Final residual = 2.1787293e-07, No Iterations 1
Min/max T:139.8 505.45688
GAMG:  Solving for p_rgh, Initial residual = 3.8448044e-05, Final residual = 4.385603e-07, No Iterations 100
time step continuity errors : sum local = 0.0037266773, global = -2.5205119e-05, cumulative = -2.5205119e-05
GAMG:  Solving for p_rgh, Initial residual = 1.1542192e-05, Final residual = 1.0767549e-07, No Iterations 70
time step continuity errors : sum local = 0.00091512127, global = -9.5734837e-06, cumulative = -3.4778602e-05
DILUPBiCGStab:  Solving for omega, Initial residual = 3.7696664e-06, Final residual = 1.5607119e-08, No Iterations 1
DILUPBiCGStab:  Solving for k, Initial residual = 4.7944086e-05, Final residual = 1.2265525e-07, No Iterations 1
ExecutionTime = 5.962437 s  ClockTime = 23 s

Region: fluid Courant Number mean: 6420.376 max: 9958.9605
Region: solid Diffusion Number mean: 5397.6312 max: 53365.575
Time = 5020s


Solving for solid region solid
DICPCG:  Solving for e, Initial residual = 0.00018196513, Final residual = 2.4939439e-06, No Iterations 2
Min/max T:360.68211 539.1825

Solving for fluid region fluid
DILUPBiCGStab:  Solving for Ux, Initial residual = 9.2162477e-05, Final residual = 3.1121719e-07, No Iterations 1
DILUPBiCGStab:  Solving for Uy, Initial residual = 0.0001056207, Final residual = 1.0577792e-06, No Iterations 1
DILUPBiCGStab:  Solving for Uz, Initial residual = 0.00011515908, Final residual = 4.5886613e-07, No Iterations 1
DILUPBiCGStab:  Solving for h, Initial residual = 6.7161262e-05, Final residual = 2.1786198e-07, No Iterations 1
Min/max T:139.8 505.47737
GAMG:  Solving for p_rgh, Initial residual = 3.8689399e-05, Final residual = 4.4593946e-07, No Iterations 100
time step continuity errors : sum local = 0.0037896169, global = -2.5981076e-05, cumulative = -2.5981076e-05
GAMG:  Solving for p_rgh, Initial residual = 1.1582516e-05, Final residual = 1.1107165e-07, No Iterations 70
time step continuity errors : sum local = 0.00094404414, global = -9.9230275e-06, cumulative = -3.5904104e-05
DILUPBiCGStab:  Solving for omega, Initial residual = 3.7695932e-06, Final residual = 1.5606889e-08, No Iterations 1
DILUPBiCGStab:  Solving for k, Initial residual = 4.7942287e-05, Final residual = 1.2265229e-07, No Iterations 1
ExecutionTime = 6.278868 s  ClockTime = 24 s

Region: fluid Courant Number mean: 6420.5515 max: 9959.9169
Region: solid Diffusion Number mean: 5397.6312 max: 53365.575
Time = 5021s


Solving for solid region solid
DICPCG:  Solving for e, Initial residual = 0.00018194603, Final residual = 2.4936792e-06, No Iterations 2
Min/max T:360.69933 539.20315

Solving for fluid region fluid
DILUPBiCGStab:  Solving for Ux, Initial residual = 9.2156505e-05, Final residual = 3.1119771e-07, No Iterations 1
DILUPBiCGStab:  Solving for Uy, Initial residual = 0.00010601135, Final residual = 1.0670515e-06, No Iterations 1
DILUPBiCGStab:  Solving for Uz, Initial residual = 0.00011476417, Final residual = 4.6726489e-07, No Iterations 1
DILUPBiCGStab:  Solving for h, Initial residual = 6.7155818e-05, Final residual = 2.178471e-07, No Iterations 1
Min/max T:139.8 505.49787
GAMG:  Solving for p_rgh, Initial residual = 3.8935135e-05, Final residual = 4.4329032e-07, No Iterations 100
time step continuity errors : sum local = 0.0037673424, global = -2.5920263e-05, cumulative = -2.5920263e-05
GAMG:  Solving for p_rgh, Initial residual = 1.1664525e-05, Final residual = 1.098278e-07, No Iterations 70
time step continuity errors : sum local = 0.00093353247, global = -9.906803e-06, cumulative = -3.5827066e-05
DILUPBiCGStab:  Solving for omega, Initial residual = 3.7695807e-06, Final residual = 1.5606091e-08, No Iterations 1
DILUPBiCGStab:  Solving for k, Initial residual = 4.7940486e-05, Final residual = 1.2264982e-07, No Iterations 1
ExecutionTime = 6.480422 s  ClockTime = 24 s

Region: fluid Courant Number mean: 6420.7269 max: 9960.8526
Region: solid Diffusion Number mean: 5397.6312 max: 53365.575
Time = 5022s


Solving for solid region solid
DICPCG:  Solving for e, Initial residual = 0.00018192692, Final residual = 2.4934143e-06, No Iterations 2
Min/max T:360.71654 539.22379

Solving for fluid region fluid
DILUPBiCGStab:  Solving for Ux, Initial residual = 9.2148478e-05, Final residual = 3.1116452e-07, No Iterations 1
DILUPBiCGStab:  Solving for Uy, Initial residual = 0.00010710455, Final residual = 1.0766237e-06, No Iterations 1
DILUPBiCGStab:  Solving for Uz, Initial residual = 0.00011428783, Final residual = 4.6835821e-07, No Iterations 1
DILUPBiCGStab:  Solving for h, Initial residual = 6.7150113e-05, Final residual = 2.1783148e-07, No Iterations 1
Min/max T:139.8 505.51836
GAMG:  Solving for p_rgh, Initial residual = 3.8847818e-05, Final residual = 4.4130714e-07, No Iterations 100
time step continuity errors : sum local = 0.0037507267, global = -2.573572e-05, cumulative = -2.573572e-05
GAMG:  Solving for p_rgh, Initial residual = 1.1624485e-05, Final residual = 1.0809405e-07, No Iterations 70
time step continuity errors : sum local = 0.0009188533, global = -9.7945694e-06, cumulative = -3.5530289e-05
DILUPBiCGStab:  Solving for omega, Initial residual = 3.7693772e-06, Final residual = 1.5605059e-08, No Iterations 1
DILUPBiCGStab:  Solving for k, Initial residual = 4.7939064e-05, Final residual = 1.2264887e-07, No Iterations 1
ExecutionTime = 6.66414 s  ClockTime = 24 s

Region: fluid Courant Number mean: 6420.9022 max: 9961.7724
Region: solid Diffusion Number mean: 5397.6312 max: 53365.575
Time = 5023s


Solving for solid region solid
DICPCG:  Solving for e, Initial residual = 0.00018190781, Final residual = 2.4931495e-06, No Iterations 2
Min/max T:360.73375 539.24442

Solving for fluid region fluid
DILUPBiCGStab:  Solving for Ux, Initial residual = 9.2143332e-05, Final residual = 3.1113951e-07, No Iterations 1
DILUPBiCGStab:  Solving for Uy, Initial residual = 0.00010733626, Final residual = 1.0773023e-06, No Iterations 1
DILUPBiCGStab:  Solving for Uz, Initial residual = 0.00011404354, Final residual = 4.6603124e-07, No Iterations 1
DILUPBiCGStab:  Solving for h, Initial residual = 6.7144268e-05, Final residual = 2.1781687e-07, No Iterations 1
Min/max T:139.8 505.53885
GAMG:  Solving for p_rgh, Initial residual = 3.8571099e-05, Final residual = 4.4192415e-07, No Iterations 100
time step continuity errors : sum local = 0.0037562121, global = -2.5470877e-05, cumulative = -2.5470877e-05
GAMG:  Solving for p_rgh, Initial residual = 1.1548424e-05, Final residual = 1.0781059e-07, No Iterations 70
time step continuity errors : sum local = 0.00091650245, global = -9.7440453e-06, cumulative = -3.5214922e-05
DILUPBiCGStab:  Solving for omega, Initial residual = 3.769195e-06, Final residual = 1.5604257e-08, No Iterations 1
DILUPBiCGStab:  Solving for k, Initial residual = 4.7937996e-05, Final residual = 1.2264707e-07, No Iterations 1
ExecutionTime = 6.844873 s  ClockTime = 25 s

Region: fluid Courant Number mean: 6421.0777 max: 9962.7022
Region: solid Diffusion Number mean: 5397.6312 max: 53365.575
Time = 5024s


Solving for solid region solid
DICPCG:  Solving for e, Initial residual = 0.0001818887, Final residual = 2.4928847e-06, No Iterations 2
Min/max T:360.75096 539.26506

Solving for fluid region fluid
DILUPBiCGStab:  Solving for Ux, Initial residual = 9.2138995e-05, Final residual = 3.1112141e-07, No Iterations 1
DILUPBiCGStab:  Solving for Uy, Initial residual = 0.00010759498, Final residual = 1.0795943e-06, No Iterations 1
DILUPBiCGStab:  Solving for Uz, Initial residual = 0.00011415206, Final residual = 4.6642703e-07, No Iterations 1
DILUPBiCGStab:  Solving for h, Initial residual = 6.7138645e-05, Final residual = 2.1780163e-07, No Iterations 1
Min/max T:139.8 505.55934
GAMG:  Solving for p_rgh, Initial residual = 3.8490932e-05, Final residual = 4.4245563e-07, No Iterations 100
time step continuity errors : sum local = 0.0037609699, global = -2.5342954e-05, cumulative = -2.5342954e-05
GAMG:  Solving for p_rgh, Initial residual = 1.1516484e-05, Final residual = 1.0810216e-07, No Iterations 70
time step continuity errors : sum local = 0.00091904031, global = -9.7881376e-06, cumulative = -3.5131092e-05
DILUPBiCGStab:  Solving for omega, Initial residual = 3.7690304e-06, Final residual = 1.5603509e-08, No Iterations 1
DILUPBiCGStab:  Solving for k, Initial residual = 4.7937061e-05, Final residual = 1.2264486e-07, No Iterations 1
ExecutionTime = 7.029189 s  ClockTime = 25 s

Region: fluid Courant Number mean: 6421.2531 max: 9963.6315
Region: solid Diffusion Number mean: 5397.6312 max: 53365.575
Time = 5025s


Solving for solid region solid
DICPCG:  Solving for e, Initial residual = 0.0001818696, Final residual = 2.4926199e-06, No Iterations 2
Min/max T:360.76816 539.2857

Solving for fluid region fluid
DILUPBiCGStab:  Solving for Ux, Initial residual = 9.2132675e-05, Final residual = 3.1109837e-07, No Iterations 1
DILUPBiCGStab:  Solving for Uy, Initial residual = 0.00010775409, Final residual = 1.0828032e-06, No Iterations 1
DILUPBiCGStab:  Solving for Uz, Initial residual = 0.00011419378, Final residual = 4.6762153e-07, No Iterations 1
DILUPBiCGStab:  Solving for h, Initial residual = 6.7133032e-05, Final residual = 2.1778594e-07, No Iterations 1
Min/max T:139.8 505.57982
GAMG:  Solving for p_rgh, Initial residual = 3.8531789e-05, Final residual = 4.4257237e-07, No Iterations 100
time step continuity errors : sum local = 0.0037622025, global = -2.5625986e-05, cumulative = -2.5625986e-05
GAMG:  Solving for p_rgh, Initial residual = 1.1529499e-05, Final residual = 1.0859183e-07, No Iterations 70
time step continuity errors : sum local = 0.0009232628, global = -9.8460912e-06, cumulative = -3.5472077e-05
DILUPBiCGStab:  Solving for omega, Initial residual = 3.7688847e-06, Final residual = 1.5602815e-08, No Iterations 1
DILUPBiCGStab:  Solving for k, Initial residual = 4.7936176e-05, Final residual = 1.2264261e-07, No Iterations 1
ExecutionTime = 7.211175 s  ClockTime = 25 s

Region: fluid Courant Number mean: 6421.4286 max: 9964.561
Region: solid Diffusion Number mean: 5397.6312 max: 53365.575
Time = 5026s


Solving for solid region solid
DICPCG:  Solving for e, Initial residual = 0.00018185049, Final residual = 2.4923552e-06, No Iterations 2
Min/max T:360.78536 539.30633

Solving for fluid region fluid
DILUPBiCGStab:  Solving for Ux, Initial residual = 9.2126273e-05, Final residual = 3.1107577e-07, No Iterations 1
DILUPBiCGStab:  Solving for Uy, Initial residual = 0.00010803422, Final residual = 1.0849869e-06, No Iterations 1
DILUPBiCGStab:  Solving for Uz, Initial residual = 0.00011419015, Final residual = 4.6824106e-07, No Iterations 1
DILUPBiCGStab:  Solving for h, Initial residual = 6.7127426e-05, Final residual = 2.1776986e-07, No Iterations 1
Min/max T:139.8 505.60031
GAMG:  Solving for p_rgh, Initial residual = 3.8976509e-05, Final residual = 4.3957914e-07, No Iterations 100
time step continuity errors : sum local = 0.0037369946, global = -2.5271479e-05, cumulative = -2.5271479e-05
GAMG:  Solving for p_rgh, Initial residual = 1.1620127e-05, Final residual = 1.0927986e-07, No Iterations 70
time step continuity errors : sum local = 0.00092916827, global = -9.7865253e-06, cumulative = -3.5058005e-05
DILUPBiCGStab:  Solving for omega, Initial residual = 3.7688854e-06, Final residual = 1.5602019e-08, No Iterations 1
DILUPBiCGStab:  Solving for k, Initial residual = 4.7934374e-05, Final residual = 1.2263959e-07, No Iterations 1
ExecutionTime = 7.380195 s  ClockTime = 25 s

Region: fluid Courant Number mean: 6421.6041 max: 9965.5089
Region: solid Diffusion Number mean: 5397.6312 max: 53365.575
Time = 5027s


Solving for solid region solid
DICPCG:  Solving for e, Initial residual = 0.00018183139, Final residual = 2.4920905e-06, No Iterations 2
Min/max T:360.80256 539.32696

Solving for fluid region fluid
DILUPBiCGStab:  Solving for Ux, Initial residual = 9.2109283e-05, Final residual = 3.1102137e-07, No Iterations 1
DILUPBiCGStab:  Solving for Uy, Initial residual = 0.00010750105, Final residual = 1.0714659e-06, No Iterations 1
DILUPBiCGStab:  Solving for Uz, Initial residual = 0.0001140171, Final residual = 4.6682017e-07, No Iterations 1
DILUPBiCGStab:  Solving for h, Initial residual = 6.7121771e-05, Final residual = 2.1775199e-07, No Iterations 1
Min/max T:139.8 505.62079
GAMG:  Solving for p_rgh, Initial residual = 3.8558971e-05, Final residual = 4.4343599e-07, No Iterations 100
time step continuity errors : sum local = 0.0037700144, global = -2.5887519e-05, cumulative = -2.5887519e-05
GAMG:  Solving for p_rgh, Initial residual = 1.1546432e-05, Final residual = 1.0985959e-07, No Iterations 70
time step continuity errors : sum local = 0.00093415771, global = -9.975563e-06, cumulative = -3.5863082e-05
DILUPBiCGStab:  Solving for omega, Initial residual = 3.7688209e-06, Final residual = 1.5601241e-08, No Iterations 1
DILUPBiCGStab:  Solving for k, Initial residual = 4.7933406e-05, Final residual = 1.2263755e-07, No Iterations 1
ExecutionTime = 7.543607 s  ClockTime = 25 s

Region: fluid Courant Number mean: 6421.7796 max: 9966.4515
Region: solid Diffusion Number mean: 5397.6312 max: 53365.575
Time = 5028s


Solving for solid region solid
DICPCG:  Solving for e, Initial residual = 0.00018181229, Final residual = 2.4918259e-06, No Iterations 2
Min/max T:360.81976 539.34759

Solving for fluid region fluid
DILUPBiCGStab:  Solving for Ux, Initial residual = 9.2106083e-05, Final residual = 3.1101247e-07, No Iterations 1
DILUPBiCGStab:  Solving for Uy, Initial residual = 0.00010817401, Final residual = 1.0719754e-06, No Iterations 1
DILUPBiCGStab:  Solving for Uz, Initial residual = 0.00011400867, Final residual = 4.6642404e-07, No Iterations 1
DILUPBiCGStab:  Solving for h, Initial residual = 6.711603e-05, Final residual = 2.177303e-07, No Iterations 1
Min/max T:139.8 505.64127
GAMG:  Solving for p_rgh, Initial residual = 3.8603969e-05, Final residual = 4.4429464e-07, No Iterations 100
time step continuity errors : sum local = 0.0037775552, global = -2.6162649e-05, cumulative = -2.6162649e-05
GAMG:  Solving for p_rgh, Initial residual = 1.1563458e-05, Final residual = 1.1061729e-07, No Iterations 70
time step continuity errors : sum local = 0.00094066092, global = -1.0183889e-05, cumulative = -3.6346538e-05
DILUPBiCGStab:  Solving for omega, Initial residual = 3.7687193e-06, Final residual = 1.5600496e-08, No Iterations 1
DILUPBiCGStab:  Solving for k, Initial residual = 4.7932905e-05, Final residual = 1.2263542e-07, No Iterations 1
ExecutionTime = 7.710104 s  ClockTime = 26 s

Region: fluid Courant Number mean: 6421.9551 max: 9967.3949
Region: solid Diffusion Number mean: 5397.6312 max: 53365.575
Time = 5029s


Solving for solid region solid
DICPCG:  Solving for e, Initial residual = 0.00018179319, Final residual = 2.4915611e-06, No Iterations 2
Min/max T:360.83695 539.36821

Solving for fluid region fluid
DILUPBiCGStab:  Solving for Ux, Initial residual = 9.2106165e-05, Final residual = 3.1101042e-07, No Iterations 1
DILUPBiCGStab:  Solving for Uy, Initial residual = 0.00010844758, Final residual = 1.0747529e-06, No Iterations 1
DILUPBiCGStab:  Solving for Uz, Initial residual = 0.00011410639, Final residual = 4.6475594e-07, No Iterations 1
DILUPBiCGStab:  Solving for h, Initial residual = 6.7110305e-05, Final residual = 2.1770798e-07, No Iterations 1
Min/max T:139.8 505.66175
GAMG:  Solving for p_rgh, Initial residual = 3.845386e-05, Final residual = 4.4323231e-07, No Iterations 100
time step continuity errors : sum local = 0.0037687647, global = -2.5587992e-05, cumulative = -2.5587992e-05
GAMG:  Solving for p_rgh, Initial residual = 1.1523628e-05, Final residual = 1.0996956e-07, No Iterations 70
time step continuity errors : sum local = 0.00093520994, global = -9.9317288e-06, cumulative = -3.5519721e-05
DILUPBiCGStab:  Solving for omega, Initial residual = 3.7685911e-06, Final residual = 1.5599936e-08, No Iterations 1
DILUPBiCGStab:  Solving for k, Initial residual = 4.7931811e-05, Final residual = 1.2263229e-07, No Iterations 1
ExecutionTime = 7.870372 s  ClockTime = 26 s

Region: fluid Courant Number mean: 6422.1307 max: 9968.3489
Region: solid Diffusion Number mean: 5397.6312 max: 53365.575
Time = 5030s


Solving for solid region solid
DICPCG:  Solving for e, Initial residual = 0.00018177409, Final residual = 2.4912963e-06, No Iterations 2
Min/max T:360.85415 539.38884

Solving for fluid region fluid
DILUPBiCGStab:  Solving for Ux, Initial residual = 9.2096619e-05, Final residual = 3.1098164e-07, No Iterations 1
DILUPBiCGStab:  Solving for Uy, Initial residual = 0.00010816878, Final residual = 1.0786005e-06, No Iterations 1
DILUPBiCGStab:  Solving for Uz, Initial residual = 0.00011410348, Final residual = 4.6319841e-07, No Iterations 1
DILUPBiCGStab:  Solving for h, Initial residual = 6.7104566e-05, Final residual = 2.176859e-07, No Iterations 1
Min/max T:139.8 505.68222
GAMG:  Solving for p_rgh, Initial residual = 3.8777644e-05, Final residual = 4.4439596e-07, No Iterations 100
time step continuity errors : sum local = 0.0037788929, global = -2.5659123e-05, cumulative = -2.5659123e-05
GAMG:  Solving for p_rgh, Initial residual = 1.1625113e-05, Final residual = 1.1079366e-07, No Iterations 70
time step continuity errors : sum local = 0.00094227638, global = -9.5888591e-06, cumulative = -3.5247983e-05
DILUPBiCGStab:  Solving for omega, Initial residual = 3.7684208e-06, Final residual = 1.5599605e-08, No Iterations 1
DILUPBiCGStab:  Solving for k, Initial residual = 4.7929657e-05, Final residual = 1.2262783e-07, No Iterations 1
ExecutionTime = 8.053944 s  ClockTime = 26 s

Region: fluid Courant Number mean: 6422.3062 max: 9969.3204
Region: solid Diffusion Number mean: 5397.6312 max: 53365.575
Time = 5031s


Solving for solid region solid
DICPCG:  Solving for e, Initial residual = 0.00018175499, Final residual = 2.4910317e-06, No Iterations 2
Min/max T:360.87133 539.40946

Solving for fluid region fluid
DILUPBiCGStab:  Solving for Ux, Initial residual = 9.2076878e-05, Final residual = 3.1092726e-07, No Iterations 1
DILUPBiCGStab:  Solving for Uy, Initial residual = 0.00010873711, Final residual = 1.0957125e-06, No Iterations 1
DILUPBiCGStab:  Solving for Uz, Initial residual = 0.00011396413, Final residual = 4.5783322e-07, No Iterations 1
DILUPBiCGStab:  Solving for h, Initial residual = 6.7098716e-05, Final residual = 2.1766276e-07, No Iterations 1
Min/max T:139.8 505.7027
GAMG:  Solving for p_rgh, Initial residual = 3.8916605e-05, Final residual = 4.4402301e-07, No Iterations 100
time step continuity errors : sum local = 0.0037759499, global = -2.5889921e-05, cumulative = -2.5889921e-05
GAMG:  Solving for p_rgh, Initial residual = 1.1704082e-05, Final residual = 1.1174671e-07, No Iterations 70
time step continuity errors : sum local = 0.00095044192, global = -9.9046775e-06, cumulative = -3.5794599e-05
DILUPBiCGStab:  Solving for omega, Initial residual = 3.7682769e-06, Final residual = 1.5599802e-08, No Iterations 1
DILUPBiCGStab:  Solving for k, Initial residual = 4.7927972e-05, Final residual = 1.2262456e-07, No Iterations 1
ExecutionTime = 8.268946 s  ClockTime = 26 s

Region: fluid Courant Number mean: 6422.4817 max: 9970.3141
Region: solid Diffusion Number mean: 5397.6312 max: 53365.575
Time = 5032s


Solving for solid region solid
DICPCG:  Solving for e, Initial residual = 0.00018173589, Final residual = 2.4907673e-06, No Iterations 2
Min/max T:360.88852 539.43008

Solving for fluid region fluid
DILUPBiCGStab:  Solving for Ux, Initial residual = 9.2069523e-05, Final residual = 3.1090742e-07, No Iterations 1
DILUPBiCGStab:  Solving for Uy, Initial residual = 0.00010920842, Final residual = 1.0986022e-06, No Iterations 1
DILUPBiCGStab:  Solving for Uz, Initial residual = 0.00011389694, Final residual = 4.6228759e-07, No Iterations 1
DILUPBiCGStab:  Solving for h, Initial residual = 6.7092723e-05, Final residual = 2.1763678e-07, No Iterations 1
Min/max T:139.8 505.72317
GAMG:  Solving for p_rgh, Initial residual = 3.8855568e-05, Final residual = 4.4384612e-07, No Iterations 100
time step continuity errors : sum local = 0.003774681, global = -2.5868984e-05, cumulative = -2.5868984e-05
GAMG:  Solving for p_rgh, Initial residual = 1.1639467e-05, Final residual = 1.1075705e-07, No Iterations 70
time step continuity errors : sum local = 0.00094208185, global = -9.9593207e-06, cumulative = -3.5828304e-05
DILUPBiCGStab:  Solving for omega, Initial residual = 3.768316e-06, Final residual = 1.5598695e-08, No Iterations 1
DILUPBiCGStab:  Solving for k, Initial residual = 4.792599e-05, Final residual = 1.2262185e-07, No Iterations 1
ExecutionTime = 8.436922 s  ClockTime = 26 s

Region: fluid Courant Number mean: 6422.6571 max: 9971.2415
Region: solid Diffusion Number mean: 5397.6312 max: 53365.575
Time = 5033s


Solving for solid region solid
DICPCG:  Solving for e, Initial residual = 0.0001817168, Final residual = 2.4905026e-06, No Iterations 2
Min/max T:360.90571 539.4507

Solving for fluid region fluid
DILUPBiCGStab:  Solving for Ux, Initial residual = 9.20581e-05, Final residual = 3.1086187e-07, No Iterations 1
DILUPBiCGStab:  Solving for Uy, Initial residual = 0.00010921921, Final residual = 1.0955212e-06, No Iterations 1
DILUPBiCGStab:  Solving for Uz, Initial residual = 0.0001132965, Final residual = 4.6099982e-07, No Iterations 1
DILUPBiCGStab:  Solving for h, Initial residual = 6.7086253e-05, Final residual = 2.1760732e-07, No Iterations 1
Min/max T:139.8 505.74364
GAMG:  Solving for p_rgh, Initial residual = 3.870108e-05, Final residual = 4.4421454e-07, No Iterations 100
time step continuity errors : sum local = 0.0037780508, global = -2.5831677e-05, cumulative = -2.5831677e-05
GAMG:  Solving for p_rgh, Initial residual = 1.1585153e-05, Final residual = 1.0947238e-07, No Iterations 70
time step continuity errors : sum local = 0.0009312126, global = -9.9230789e-06, cumulative = -3.5754756e-05
DILUPBiCGStab:  Solving for omega, Initial residual = 3.768233e-06, Final residual = 1.5597739e-08, No Iterations 1
DILUPBiCGStab:  Solving for k, Initial residual = 4.7924237e-05, Final residual = 1.2262003e-07, No Iterations 1
ExecutionTime = 8.602482 s  ClockTime = 27 s

Region: fluid Courant Number mean: 6422.8324 max: 9972.1726
Region: solid Diffusion Number mean: 5397.6312 max: 53365.575
Time = 5034s


Solving for solid region solid
DICPCG:  Solving for e, Initial residual = 0.0001816977, Final residual = 2.490238e-06, No Iterations 2
Min/max T:360.92289 539.47131

Solving for fluid region fluid
DILUPBiCGStab:  Solving for Ux, Initial residual = 9.2050724e-05, Final residual = 3.1082686e-07, No Iterations 1
DILUPBiCGStab:  Solving for Uy, Initial residual = 0.00010889901, Final residual = 1.0958584e-06, No Iterations 1
DILUPBiCGStab:  Solving for Uz, Initial residual = 0.00011280997, Final residual = 4.5456483e-07, No Iterations 1
DILUPBiCGStab:  Solving for h, Initial residual = 6.70796e-05, Final residual = 2.1757513e-07, No Iterations 1
Min/max T:139.8 505.7641
GAMG:  Solving for p_rgh, Initial residual = 3.8315612e-05, Final residual = 4.4120376e-07, No Iterations 100
time step continuity errors : sum local = 0.0037526802, global = -2.5550581e-05, cumulative = -2.5550581e-05
GAMG:  Solving for p_rgh, Initial residual = 1.1490868e-05, Final residual = 1.0956564e-07, No Iterations 70
time step continuity errors : sum local = 0.0009320649, global = -9.8211153e-06, cumulative = -3.5371697e-05
DILUPBiCGStab:  Solving for omega, Initial residual = 3.7681595e-06, Final residual = 1.5597196e-08, No Iterations 1
DILUPBiCGStab:  Solving for k, Initial residual = 4.7922642e-05, Final residual = 1.2261726e-07, No Iterations 1
ExecutionTime = 8.829792 s  ClockTime = 27 s

Region: fluid Courant Number mean: 6423.0078 max: 9973.1141
Region: solid Diffusion Number mean: 5397.6312 max: 53365.575
Time = 5035s


Solving for solid region solid
DICPCG:  Solving for e, Initial residual = 0.00018167861, Final residual = 2.4899734e-06, No Iterations 2
Min/max T:360.94007 539.49193

Solving for fluid region fluid
DILUPBiCGStab:  Solving for Ux, Initial residual = 9.2043556e-05, Final residual = 3.1079716e-07, No Iterations 1
DILUPBiCGStab:  Solving for Uy, Initial residual = 0.00010885009, Final residual = 1.0959099e-06, No Iterations 1
DILUPBiCGStab:  Solving for Uz, Initial residual = 0.00011285252, Final residual = 4.5225875e-07, No Iterations 1
DILUPBiCGStab:  Solving for h, Initial residual = 6.7073237e-05, Final residual = 2.1754408e-07, No Iterations 1
Min/max T:139.8 505.78457
GAMG:  Solving for p_rgh, Initial residual = 3.8276681e-05, Final residual = 4.4373527e-07, No Iterations 100
time step continuity errors : sum local = 0.0037744485, global = -2.5856052e-05, cumulative = -2.5856052e-05
GAMG:  Solving for p_rgh, Initial residual = 1.1468607e-05, Final residual = 1.1000251e-07, No Iterations 70
time step continuity errors : sum local = 0.00093584084, global = -9.9065659e-06, cumulative = -3.5762618e-05
DILUPBiCGStab:  Solving for omega, Initial residual = 3.768078e-06, Final residual = 1.5596772e-08, No Iterations 1
DILUPBiCGStab:  Solving for k, Initial residual = 4.7921662e-05, Final residual = 1.226151e-07, No Iterations 1
ExecutionTime = 9.019396 s  ClockTime = 27 s

Region: fluid Courant Number mean: 6423.1831 max: 9974.0534
Region: solid Diffusion Number mean: 5397.6312 max: 53365.575
Time = 5036s


Solving for solid region solid
DICPCG:  Solving for e, Initial residual = 0.00018165952, Final residual = 2.4897088e-06, No Iterations 2
Min/max T:360.95725 539.51254

Solving for fluid region fluid
DILUPBiCGStab:  Solving for Ux, Initial residual = 9.2040315e-05, Final residual = 3.1078294e-07, No Iterations 1
DILUPBiCGStab:  Solving for Uy, Initial residual = 0.00010861108, Final residual = 1.0955984e-06, No Iterations 1
DILUPBiCGStab:  Solving for Uz, Initial residual = 0.00011289013, Final residual = 4.502603e-07, No Iterations 1
DILUPBiCGStab:  Solving for h, Initial residual = 6.706693e-05, Final residual = 2.1751399e-07, No Iterations 1
Min/max T:139.8 505.80503
GAMG:  Solving for p_rgh, Initial residual = 3.8269517e-05, Final residual = 4.4269157e-07, No Iterations 100
time step continuity errors : sum local = 0.0037658082, global = -2.571912e-05, cumulative = -2.571912e-05
GAMG:  Solving for p_rgh, Initial residual = 1.1469829e-05, Final residual = 1.1000784e-07, No Iterations 70
time step continuity errors : sum local = 0.00093594449, global = -9.8053011e-06, cumulative = -3.5524421e-05
DILUPBiCGStab:  Solving for omega, Initial residual = 3.7680202e-06, Final residual = 1.559646e-08, No Iterations 1
DILUPBiCGStab:  Solving for k, Initial residual = 4.7920345e-05, Final residual = 1.2261211e-07, No Iterations 1
ExecutionTime = 9.18105 s  ClockTime = 27 s

Region: fluid Courant Number mean: 6423.3585 max: 9974.9915
Region: solid Diffusion Number mean: 5397.6312 max: 53365.575
Time = 5037s


Solving for solid region solid
DICPCG:  Solving for e, Initial residual = 0.00018164043, Final residual = 2.4894441e-06, No Iterations 2
Min/max T:360.97442 539.53315

Solving for fluid region fluid
DILUPBiCGStab:  Solving for Ux, Initial residual = 9.2030957e-05, Final residual = 3.1075067e-07, No Iterations 1
DILUPBiCGStab:  Solving for Uy, Initial residual = 0.00010865784, Final residual = 1.0972891e-06, No Iterations 1
DILUPBiCGStab:  Solving for Uz, Initial residual = 0.00011286723, Final residual = 4.5007792e-07, No Iterations 1
DILUPBiCGStab:  Solving for h, Initial residual = 6.7060712e-05, Final residual = 2.1748713e-07, No Iterations 1
Min/max T:139.8 505.8255
GAMG:  Solving for p_rgh, Initial residual = 3.8268105e-05, Final residual = 4.4301256e-07, No Iterations 100
time step continuity errors : sum local = 0.0037687731, global = -2.5555346e-05, cumulative = -2.5555346e-05
GAMG:  Solving for p_rgh, Initial residual = 1.1480447e-05, Final residual = 1.0975813e-07, No Iterations 70
time step continuity errors : sum local = 0.00093387905, global = -9.735437e-06, cumulative = -3.5290783e-05
DILUPBiCGStab:  Solving for omega, Initial residual = 3.7679677e-06, Final residual = 1.5596141e-08, No Iterations 1
DILUPBiCGStab:  Solving for k, Initial residual = 4.7918989e-05, Final residual = 1.226093e-07, No Iterations 1
ExecutionTime = 9.366251 s  ClockTime = 27 s

Region: fluid Courant Number mean: 6423.5339 max: 9975.9288
Region: solid Diffusion Number mean: 5397.6312 max: 53365.575
Time = 5038s


Solving for solid region solid
DICPCG:  Solving for e, Initial residual = 0.00018162134, Final residual = 2.4891797e-06, No Iterations 2
Min/max T:360.99159 539.55376

Solving for fluid region fluid
DILUPBiCGStab:  Solving for Ux, Initial residual = 9.2020875e-05, Final residual = 3.1071664e-07, No Iterations 1
DILUPBiCGStab:  Solving for Uy, Initial residual = 0.00010871224, Final residual = 1.0969351e-06, No Iterations 1
DILUPBiCGStab:  Solving for Uz, Initial residual = 0.00011276113, Final residual = 4.4779521e-07, No Iterations 1
DILUPBiCGStab:  Solving for h, Initial residual = 6.7054545e-05, Final residual = 2.1746202e-07, No Iterations 1
Min/max T:139.8 505.84596
GAMG:  Solving for p_rgh, Initial residual = 3.8655605e-05, Final residual = 4.4138004e-07, No Iterations 100
time step continuity errors : sum local = 0.0037551188, global = -2.5332398e-05, cumulative = -2.5332398e-05
GAMG:  Solving for p_rgh, Initial residual = 1.1602237e-05, Final residual = 1.0845227e-07, No Iterations 70
time step continuity errors : sum local = 0.00092282331, global = -9.3496415e-06, cumulative = -3.468204e-05
DILUPBiCGStab:  Solving for omega, Initial residual = 3.7679211e-06, Final residual = 1.5595923e-08, No Iterations 1
DILUPBiCGStab:  Solving for k, Initial residual = 4.7917146e-05, Final residual = 1.2260628e-07, No Iterations 1
ExecutionTime = 9.541941 s  ClockTime = 28 s

Region: fluid Courant Number mean: 6423.7093 max: 9976.8664
Region: solid Diffusion Number mean: 5397.6312 max: 53365.575
Time = 5039s


Solving for solid region solid
DICPCG:  Solving for e, Initial residual = 0.00018160225, Final residual = 2.4889152e-06, No Iterations 2
Min/max T:361.00876 539.57436

Solving for fluid region fluid
DILUPBiCGStab:  Solving for Ux, Initial residual = 9.2006499e-05, Final residual = 3.1067133e-07, No Iterations 1
DILUPBiCGStab:  Solving for Uy, Initial residual = 0.00010820896, Final residual = 1.0882052e-06, No Iterations 1
DILUPBiCGStab:  Solving for Uz, Initial residual = 0.0001125954, Final residual = 4.4027543e-07, No Iterations 1
DILUPBiCGStab:  Solving for h, Initial residual = 6.7048435e-05, Final residual = 2.1743854e-07, No Iterations 1
Min/max T:139.8 505.86641
GAMG:  Solving for p_rgh, Initial residual = 3.8293895e-05, Final residual = 4.4327383e-07, No Iterations 100
time step continuity errors : sum local = 0.003771463, global = -2.532412e-05, cumulative = -2.532412e-05
GAMG:  Solving for p_rgh, Initial residual = 1.1518934e-05, Final residual = 1.087551e-07, No Iterations 70
time step continuity errors : sum local = 0.00092545921, global = -9.6455595e-06, cumulative = -3.496968e-05
DILUPBiCGStab:  Solving for omega, Initial residual = 3.767854e-06, Final residual = 1.5595564e-08, No Iterations 1
DILUPBiCGStab:  Solving for k, Initial residual = 4.791591e-05, Final residual = 1.2260363e-07, No Iterations 1
ExecutionTime = 9.717611 s  ClockTime = 28 s

Region: fluid Courant Number mean: 6423.8847 max: 9977.802
Region: solid Diffusion Number mean: 5397.6312 max: 53365.575
Time = 5040s


Solving for solid region solid
DICPCG:  Solving for e, Initial residual = 0.00018158317, Final residual = 2.4886508e-06, No Iterations 2
Min/max T:361.02593 539.59497

Solving for fluid region fluid
DILUPBiCGStab:  Solving for Ux, Initial residual = 9.200184e-05, Final residual = 3.106515e-07, No Iterations 1
DILUPBiCGStab:  Solving for Uy, Initial residual = 0.00010851738, Final residual = 1.0894712e-06, No Iterations 1
DILUPBiCGStab:  Solving for Uz, Initial residual = 0.00011253105, Final residual = 4.3951296e-07, No Iterations 1
DILUPBiCGStab:  Solving for h, Initial residual = 6.7042372e-05, Final residual = 2.1741663e-07, No Iterations 1
Min/max T:139.8 505.88687
GAMG:  Solving for p_rgh, Initial residual = 3.8483775e-05, Final residual = 4.4444978e-07, No Iterations 100
time step continuity errors : sum local = 0.0037817041, global = -2.5485753e-05, cumulative = -2.5485753e-05
GAMG:  Solving for p_rgh, Initial residual = 1.1571353e-05, Final residual = 1.0917806e-07, No Iterations 70
time step continuity errors : sum local = 0.00092911711, global = -9.6971944e-06, cumulative = -3.5182947e-05
DILUPBiCGStab:  Solving for omega, Initial residual = 3.7677743e-06, Final residual = 1.5595191e-08, No Iterations 1
DILUPBiCGStab:  Solving for k, Initial residual = 4.7915199e-05, Final residual = 1.2260173e-07, No Iterations 1
ExecutionTime = 10.015902 s  ClockTime = 28 s

Region: fluid Courant Number mean: 6424.0601 max: 9978.7367
Region: solid Diffusion Number mean: 5397.6312 max: 53365.575
Time = 5041s


Solving for solid region solid
DICPCG:  Solving for e, Initial residual = 0.00018156408, Final residual = 2.4883863e-06, No Iterations 2
Min/max T:361.0431 539.61557

Solving for fluid region fluid
DILUPBiCGStab:  Solving for Ux, Initial residual = 9.200128e-05, Final residual = 3.1064269e-07, No Iterations 1
DILUPBiCGStab:  Solving for Uy, Initial residual = 0.00010857945, Final residual = 1.0879465e-06, No Iterations 1
DILUPBiCGStab:  Solving for Uz, Initial residual = 0.00011245463, Final residual = 4.3938969e-07, No Iterations 1
DILUPBiCGStab:  Solving for h, Initial residual = 6.7036392e-05, Final residual = 2.1739509e-07, No Iterations 1
Min/max T:139.8 505.90732
GAMG:  Solving for p_rgh, Initial residual = 3.8664152e-05, Final residual = 4.4534427e-07, No Iterations 100
time step continuity errors : sum local = 0.003789556, global = -2.576553e-05, cumulative = -2.576553e-05
GAMG:  Solving for p_rgh, Initial residual = 1.1629488e-05, Final residual = 1.100212e-07, No Iterations 70
time step continuity errors : sum local = 0.00093635101, global = -9.7944426e-06, cumulative = -3.5559973e-05
DILUPBiCGStab:  Solving for omega, Initial residual = 3.7677308e-06, Final residual = 1.5595141e-08, No Iterations 1
DILUPBiCGStab:  Solving for k, Initial residual = 4.7914849e-05, Final residual = 1.2260094e-07, No Iterations 1
ExecutionTime = 10.190768 s  ClockTime = 28 s

Region: fluid Courant Number mean: 6424.2355 max: 9979.6706
Region: solid Diffusion Number mean: 5397.6312 max: 53365.575
Time = 5042s


Solving for solid region solid
DICPCG:  Solving for e, Initial residual = 0.000181545, Final residual = 2.4881217e-06, No Iterations 2
Min/max T:361.06026 539.63617

Solving for fluid region fluid
DILUPBiCGStab:  Solving for Ux, Initial residual = 9.1998704e-05, Final residual = 3.1063095e-07, No Iterations 1
DILUPBiCGStab:  Solving for Uy, Initial residual = 0.0001082961, Final residual = 1.0809055e-06, No Iterations 1
DILUPBiCGStab:  Solving for Uz, Initial residual = 0.00011233473, Final residual = 4.4077666e-07, No Iterations 1
DILUPBiCGStab:  Solving for h, Initial residual = 6.7030506e-05, Final residual = 2.1737539e-07, No Iterations 1
Min/max T:139.8 505.92778
GAMG:  Solving for p_rgh, Initial residual = 3.8649656e-05, Final residual = 4.385032e-07, No Iterations 100
time step continuity errors : sum local = 0.0037315788, global = -2.5205412e-05, cumulative = -2.5205412e-05
GAMG:  Solving for p_rgh, Initial residual = 1.1613246e-05, Final residual = 1.0733234e-07, No Iterations 70
time step continuity errors : sum local = 0.00091352254, global = -9.3907224e-06, cumulative = -3.4596135e-05
DILUPBiCGStab:  Solving for omega, Initial residual = 3.7677158e-06, Final residual = 1.5595564e-08, No Iterations 1
DILUPBiCGStab:  Solving for k, Initial residual = 4.7913366e-05, Final residual = 1.2259859e-07, No Iterations 1
ExecutionTime = 10.3559 s  ClockTime = 29 s

Region: fluid Courant Number mean: 6424.4109 max: 9980.6041
Region: solid Diffusion Number mean: 5397.6312 max: 53365.575
Time = 5043s


Solving for solid region solid
DICPCG:  Solving for e, Initial residual = 0.00018152591, Final residual = 2.4878573e-06, No Iterations 2
Min/max T:361.07742 539.65677

Solving for fluid region fluid
DILUPBiCGStab:  Solving for Ux, Initial residual = 9.1980698e-05, Final residual = 3.1057048e-07, No Iterations 1
DILUPBiCGStab:  Solving for Uy, Initial residual = 0.00010842045, Final residual = 1.0823934e-06, No Iterations 1
DILUPBiCGStab:  Solving for Uz, Initial residual = 0.00011225037, Final residual = 4.3957522e-07, No Iterations 1
DILUPBiCGStab:  Solving for h, Initial residual = 6.7024684e-05, Final residual = 2.1735696e-07, No Iterations 1
Min/max T:139.8 505.94823
GAMG:  Solving for p_rgh, Initial residual = 3.85272e-05, Final residual = 4.4008642e-07, No Iterations 100
time step continuity errors : sum local = 0.0037452829, global = -2.5488397e-05, cumulative = -2.5488397e-05
GAMG:  Solving for p_rgh, Initial residual = 1.1556267e-05, Final residual = 1.0813242e-07, No Iterations 70
time step continuity errors : sum local = 0.00092039033, global = -9.6305083e-06, cumulative = -3.5118906e-05
DILUPBiCGStab:  Solving for omega, Initial residual = 3.7677213e-06, Final residual = 1.5595347e-08, No Iterations 1
DILUPBiCGStab:  Solving for k, Initial residual = 4.7912696e-05, Final residual = 1.2259713e-07, No Iterations 1
ExecutionTime = 10.518779 s  ClockTime = 29 s

Region: fluid Courant Number mean: 6424.5863 max: 9981.5365
Region: solid Diffusion Number mean: 5397.6312 max: 53365.575
Time = 5044s


Solving for solid region solid
DICPCG:  Solving for e, Initial residual = 0.00018150683, Final residual = 2.487593e-06, No Iterations 2
Min/max T:361.09458 539.67736

Solving for fluid region fluid
DILUPBiCGStab:  Solving for Ux, Initial residual = 9.1976561e-05, Final residual = 3.1055016e-07, No Iterations 1
DILUPBiCGStab:  Solving for Uy, Initial residual = 0.00010870894, Final residual = 1.0816263e-06, No Iterations 1
DILUPBiCGStab:  Solving for Uz, Initial residual = 0.00011213301, Final residual = 4.3283274e-07, No Iterations 1
DILUPBiCGStab:  Solving for h, Initial residual = 6.7018866e-05, Final residual = 2.1734326e-07, No Iterations 1
Min/max T:139.8 505.96867
GAMG:  Solving for p_rgh, Initial residual = 3.8632042e-05, Final residual = 4.3657996e-07, No Iterations 100
time step continuity errors : sum local = 0.0037156751, global = -2.5376766e-05, cumulative = -2.5376766e-05
GAMG:  Solving for p_rgh, Initial residual = 1.1617472e-05, Final residual = 1.0777828e-07, No Iterations 70
time step continuity errors : sum local = 0.00091743352, global = -9.5905945e-06, cumulative = -3.496736e-05
DILUPBiCGStab:  Solving for omega, Initial residual = 3.7676923e-06, Final residual = 1.5595127e-08, No Iterations 1
DILUPBiCGStab:  Solving for k, Initial residual = 4.7911302e-05, Final residual = 1.2259337e-07, No Iterations 1
ExecutionTime = 10.683322 s  ClockTime = 29 s

Region: fluid Courant Number mean: 6424.7617 max: 9982.4677
Region: solid Diffusion Number mean: 5397.6312 max: 53365.575
Time = 5045s


Solving for solid region solid
DICPCG:  Solving for e, Initial residual = 0.00018148775, Final residual = 2.4873286e-06, No Iterations 2
Min/max T:361.11173 539.69796

Solving for fluid region fluid
DILUPBiCGStab:  Solving for Ux, Initial residual = 9.196496e-05, Final residual = 3.1050304e-07, No Iterations 1
DILUPBiCGStab:  Solving for Uy, Initial residual = 0.00010870354, Final residual = 1.0824881e-06, No Iterations 1
DILUPBiCGStab:  Solving for Uz, Initial residual = 0.00011194469, Final residual = 4.2477492e-07, No Iterations 1
DILUPBiCGStab:  Solving for h, Initial residual = 6.7013166e-05, Final residual = 2.1732869e-07, No Iterations 1
Min/max T:139.8 505.98912
GAMG:  Solving for p_rgh, Initial residual = 3.8980702e-05, Final residual = 4.3640875e-07, No Iterations 100
time step continuity errors : sum local = 0.0037144491, global = -2.4931922e-05, cumulative = -2.4931922e-05
GAMG:  Solving for p_rgh, Initial residual = 1.176097e-05, Final residual = 1.1604648e-07, No Iterations 68
time step continuity errors : sum local = 0.00098787425, global = -1.0409844e-05, cumulative = -3.5341766e-05
DILUPBiCGStab:  Solving for omega, Initial residual = 3.7676526e-06, Final residual = 1.5595131e-08, No Iterations 1
DILUPBiCGStab:  Solving for k, Initial residual = 4.7909088e-05, Final residual = 1.2258858e-07, No Iterations 1
ExecutionTime = 10.84702 s  ClockTime = 29 s

Region: fluid Courant Number mean: 6424.9371 max: 9983.3979
Region: solid Diffusion Number mean: 5397.6312 max: 53365.575
Time = 5046s


Solving for solid region solid
DICPCG:  Solving for e, Initial residual = 0.00018146868, Final residual = 2.4870643e-06, No Iterations 2
Min/max T:361.12888 539.71855

Solving for fluid region fluid
DILUPBiCGStab:  Solving for Ux, Initial residual = 9.194709e-05, Final residual = 3.1043679e-07, No Iterations 1
DILUPBiCGStab:  Solving for Uy, Initial residual = 0.00010862302, Final residual = 1.0814402e-06, No Iterations 1
DILUPBiCGStab:  Solving for Uz, Initial residual = 0.00011184875, Final residual = 4.255344e-07, No Iterations 1
DILUPBiCGStab:  Solving for h, Initial residual = 6.700756e-05, Final residual = 2.1731092e-07, No Iterations 1
Min/max T:139.8 506.00956
GAMG:  Solving for p_rgh, Initial residual = 3.8384738e-05, Final residual = 4.4255807e-07, No Iterations 100
time step continuity errors : sum local = 0.0037670168, global = -2.5505732e-05, cumulative = -2.5505732e-05
GAMG:  Solving for p_rgh, Initial residual = 1.1555548e-05, Final residual = 1.0924424e-07, No Iterations 70
time step continuity errors : sum local = 0.0009300262, global = -9.5906003e-06, cumulative = -3.5096332e-05
DILUPBiCGStab:  Solving for omega, Initial residual = 3.7676135e-06, Final residual = 1.5594919e-08, No Iterations 1
DILUPBiCGStab:  Solving for k, Initial residual = 4.7907573e-05, Final residual = 1.2258549e-07, No Iterations 1
ExecutionTime = 11.017177 s  ClockTime = 29 s

Region: fluid Courant Number mean: 6425.1124 max: 9984.3273
Region: solid Diffusion Number mean: 5397.6312 max: 53365.575
Time = 5047s


Solving for solid region solid
DICPCG:  Solving for e, Initial residual = 0.0001814496, Final residual = 2.4868001e-06, No Iterations 2
Min/max T:361.14603 539.73914

Solving for fluid region fluid
DILUPBiCGStab:  Solving for Ux, Initial residual = 9.194218e-05, Final residual = 3.1041698e-07, No Iterations 1
DILUPBiCGStab:  Solving for Uy, Initial residual = 0.000109139, Final residual = 1.0894185e-06, No Iterations 1
DILUPBiCGStab:  Solving for Uz, Initial residual = 0.0001118247, Final residual = 4.2617001e-07, No Iterations 1
DILUPBiCGStab:  Solving for h, Initial residual = 6.7002009e-05, Final residual = 2.1729352e-07, No Iterations 1
Min/max T:139.8 506.03001
GAMG:  Solving for p_rgh, Initial residual = 3.8323624e-05, Final residual = 4.4227919e-07, No Iterations 100
time step continuity errors : sum local = 0.0037648795, global = -2.5784855e-05, cumulative = -2.5784855e-05
GAMG:  Solving for p_rgh, Initial residual = 1.1550046e-05, Final residual = 1.0840282e-07, No Iterations 70
time step continuity errors : sum local = 0.00092292193, global = -9.5835742e-06, cumulative = -3.536843e-05
DILUPBiCGStab:  Solving for omega, Initial residual = 3.7675374e-06, Final residual = 1.5594834e-08, No Iterations 1
DILUPBiCGStab:  Solving for k, Initial residual = 4.7906589e-05, Final residual = 1.2258302e-07, No Iterations 1
ExecutionTime = 11.181992 s  ClockTime = 29 s

Region: fluid Courant Number mean: 6425.2878 max: 9985.2564
Region: solid Diffusion Number mean: 5397.6312 max: 53365.575
Time = 5048s


Solving for solid region solid
DICPCG:  Solving for e, Initial residual = 0.00018143053, Final residual = 2.4865358e-06, No Iterations 2
Min/max T:361.16318 539.75973

Solving for fluid region fluid
DILUPBiCGStab:  Solving for Ux, Initial residual = 9.1940931e-05, Final residual = 3.1040618e-07, No Iterations 1
DILUPBiCGStab:  Solving for Uy, Initial residual = 0.00010908791, Final residual = 1.09265e-06, No Iterations 1
DILUPBiCGStab:  Solving for Uz, Initial residual = 0.00011175539, Final residual = 4.2485473e-07, No Iterations 1
DILUPBiCGStab:  Solving for h, Initial residual = 6.6996566e-05, Final residual = 2.1727841e-07, No Iterations 1
Min/max T:139.8 506.05045
GAMG:  Solving for p_rgh, Initial residual = 3.8513707e-05, Final residual = 4.4361225e-07, No Iterations 100
time step continuity errors : sum local = 0.0037764643, global = -2.5406066e-05, cumulative = -2.5406066e-05
GAMG:  Solving for p_rgh, Initial residual = 1.1615423e-05, Final residual = 1.0814024e-07, No Iterations 70
time step continuity errors : sum local = 0.00092074327, global = -9.4791167e-06, cumulative = -3.4885183e-05
DILUPBiCGStab:  Solving for omega, Initial residual = 3.7674727e-06, Final residual = 1.559475e-08, No Iterations 1
DILUPBiCGStab:  Solving for k, Initial residual = 4.7905442e-05, Final residual = 1.2258034e-07, No Iterations 1
ExecutionTime = 11.345182 s  ClockTime = 30 s

Region: fluid Courant Number mean: 6425.4632 max: 9986.1849
Region: solid Diffusion Number mean: 5397.6312 max: 53365.575
Time = 5049s


Solving for solid region solid
DICPCG:  Solving for e, Initial residual = 0.00018141145, Final residual = 2.4862714e-06, No Iterations 2
Min/max T:361.18033 539.78031

Solving for fluid region fluid
DILUPBiCGStab:  Solving for Ux, Initial residual = 9.1931984e-05, Final residual = 3.1037094e-07, No Iterations 1
DILUPBiCGStab:  Solving for Uy, Initial residual = 0.0001092489, Final residual = 1.0954448e-06, No Iterations 1
DILUPBiCGStab:  Solving for Uz, Initial residual = 0.00011169973, Final residual = 4.2552748e-07, No Iterations 1
DILUPBiCGStab:  Solving for h, Initial residual = 6.6991223e-05, Final residual = 2.1726347e-07, No Iterations 1
Min/max T:139.8 506.07088
GAMG:  Solving for p_rgh, Initial residual = 3.8900303e-05, Final residual = 4.3698976e-07, No Iterations 100
time step continuity errors : sum local = 0.0037203208, global = -2.5167557e-05, cumulative = -2.5167557e-05
GAMG:  Solving for p_rgh, Initial residual = 1.1714458e-05, Final residual = 1.15253e-07, No Iterations 68
time step continuity errors : sum local = 0.00098136361, global = -1.0183419e-05, cumulative = -3.5350976e-05
DILUPBiCGStab:  Solving for omega, Initial residual = 3.7674769e-06, Final residual = 1.5595112e-08, No Iterations 1
DILUPBiCGStab:  Solving for k, Initial residual = 4.790377e-05, Final residual = 1.2257753e-07, No Iterations 1
ExecutionTime = 11.498944 s  ClockTime = 30 s

Region: fluid Courant Number mean: 6425.6386 max: 9987.1134
Region: solid Diffusion Number mean: 5397.6312 max: 53365.575
Time = 5050s


Solving for solid region solid
DICPCG:  Solving for e, Initial residual = 0.00018139238, Final residual = 2.4860072e-06, No Iterations 2
Min/max T:361.19747 539.8009

Solving for fluid region fluid
DILUPBiCGStab:  Solving for Ux, Initial residual = 9.19143e-05, Final residual = 3.1031174e-07, No Iterations 1
DILUPBiCGStab:  Solving for Uy, Initial residual = 0.00010974307, Final residual = 1.1019643e-06, No Iterations 1
DILUPBiCGStab:  Solving for Uz, Initial residual = 0.00011164525, Final residual = 4.310317e-07, No Iterations 1
DILUPBiCGStab:  Solving for h, Initial residual = 6.6985926e-05, Final residual = 2.1724879e-07, No Iterations 1
Min/max T:139.8 506.09132
GAMG:  Solving for p_rgh, Initial residual = 3.953094e-05, Final residual = 4.3964746e-07, No Iterations 100
time step continuity errors : sum local = 0.0037431751, global = -2.5023005e-05, cumulative = -2.5023005e-05
GAMG:  Solving for p_rgh, Initial residual = 1.1898872e-05, Final residual = 1.1476096e-07, No Iterations 68
time step continuity errors : sum local = 0.0009772332, global = -9.8614135e-06, cumulative = -3.4884419e-05
DILUPBiCGStab:  Solving for omega, Initial residual = 3.7675025e-06, Final residual = 1.559537e-08, No Iterations 1
DILUPBiCGStab:  Solving for k, Initial residual = 4.7901926e-05, Final residual = 1.2257417e-07, No Iterations 1
ExecutionTime = 11.664639 s  ClockTime = 30 s

Region: fluid Courant Number mean: 6425.814 max: 9988.0424
Region: solid Diffusion Number mean: 5397.6312 max: 53365.575
Time = 5051s


Solving for solid region solid
DICPCG:  Solving for e, Initial residual = 0.00018137331, Final residual = 2.4857431e-06, No Iterations 2
Min/max T:361.21461 539.82148

Solving for fluid region fluid
DILUPBiCGStab:  Solving for Ux, Initial residual = 9.1900323e-05, Final residual = 3.1026816e-07, No Iterations 1
DILUPBiCGStab:  Solving for Uy, Initial residual = 0.0001103059, Final residual = 1.1075583e-06, No Iterations 1
DILUPBiCGStab:  Solving for Uz, Initial residual = 0.00011157132, Final residual = 4.3574484e-07, No Iterations 1
DILUPBiCGStab:  Solving for h, Initial residual = 6.698065e-05, Final residual = 2.1723523e-07, No Iterations 1
Min/max T:139.8 506.11175
GAMG:  Solving for p_rgh, Initial residual = 3.9698368e-05, Final residual = 4.3801958e-07, No Iterations 100
time step continuity errors : sum local = 0.0037295421, global = -2.4947571e-05, cumulative = -2.4947571e-05
GAMG:  Solving for p_rgh, Initial residual = 1.1963228e-05, Final residual = 1.1468196e-07, No Iterations 68
time step continuity errors : sum local = 0.00097662196, global = -1.0058776e-05, cumulative = -3.5006347e-05
DILUPBiCGStab:  Solving for omega, Initial residual = 3.7674759e-06, Final residual = 1.5594949e-08, No Iterations 1
DILUPBiCGStab:  Solving for k, Initial residual = 4.7900172e-05, Final residual = 1.225708e-07, No Iterations 1
ExecutionTime = 11.832628 s  ClockTime = 30 s

Region: fluid Courant Number mean: 6425.9894 max: 9988.9707
Region: solid Diffusion Number mean: 5397.6312 max: 53365.575
Time = 5052s


Solving for solid region solid
DICPCG:  Solving for e, Initial residual = 0.00018135425, Final residual = 2.485479e-06, No Iterations 2
Min/max T:361.23175 539.84206

Solving for fluid region fluid
DILUPBiCGStab:  Solving for Ux, Initial residual = 9.1892449e-05, Final residual = 3.1023909e-07, No Iterations 1
DILUPBiCGStab:  Solving for Uy, Initial residual = 0.00011061508, Final residual = 1.1110422e-06, No Iterations 1
DILUPBiCGStab:  Solving for Uz, Initial residual = 0.00011156642, Final residual = 4.3536239e-07, No Iterations 1
DILUPBiCGStab:  Solving for h, Initial residual = 6.6975418e-05, Final residual = 2.1721986e-07, No Iterations 1
Min/max T:139.8 506.13218
GAMG:  Solving for p_rgh, Initial residual = 3.9532292e-05, Final residual = 4.4017757e-07, No Iterations 100
time step continuity errors : sum local = 0.0037481485, global = -2.5188274e-05, cumulative = -2.5188274e-05
GAMG:  Solving for p_rgh, Initial residual = 1.1905803e-05, Final residual = 1.152809e-07, No Iterations 68
time step continuity errors : sum local = 0.00098178303, global = -1.0232228e-05, cumulative = -3.5420502e-05
DILUPBiCGStab:  Solving for omega, Initial residual = 3.7674319e-06, Final residual = 1.5594501e-08, No Iterations 1
DILUPBiCGStab:  Solving for k, Initial residual = 4.7898533e-05, Final residual = 1.2256688e-07, No Iterations 1
ExecutionTime = 11.994128 s  ClockTime = 30 s

Region: fluid Courant Number mean: 6426.1649 max: 9989.8992
Region: solid Diffusion Number mean: 5397.6312 max: 53365.575
Time = 5053s


Solving for solid region solid
DICPCG:  Solving for e, Initial residual = 0.00018133518, Final residual = 2.4852148e-06, No Iterations 2
Min/max T:361.24888 539.86264

Solving for fluid region fluid
DILUPBiCGStab:  Solving for Ux, Initial residual = 9.1885619e-05, Final residual = 3.1021211e-07, No Iterations 1
DILUPBiCGStab:  Solving for Uy, Initial residual = 0.00011098081, Final residual = 1.114598e-06, No Iterations 1
DILUPBiCGStab:  Solving for Uz, Initial residual = 0.00011156485, Final residual = 4.374269e-07, No Iterations 1
DILUPBiCGStab:  Solving for h, Initial residual = 6.6970233e-05, Final residual = 2.1720002e-07, No Iterations 1
Min/max T:139.8 506.15261
GAMG:  Solving for p_rgh, Initial residual = 3.9623077e-05, Final residual = 4.4148461e-07, No Iterations 100
time step continuity errors : sum local = 0.0037595121, global = -2.538325e-05, cumulative = -2.538325e-05
GAMG:  Solving for p_rgh, Initial residual = 1.1929392e-05, Final residual = 1.1578518e-07, No Iterations 68
time step continuity errors : sum local = 0.00098613998, global = -1.0355844e-05, cumulative = -3.5739094e-05
DILUPBiCGStab:  Solving for omega, Initial residual = 3.7673587e-06, Final residual = 1.5593924e-08, No Iterations 1
DILUPBiCGStab:  Solving for k, Initial residual = 4.7897346e-05, Final residual = 1.2256346e-07, No Iterations 1
ExecutionTime = 12.176704 s  ClockTime = 31 s

Region: fluid Courant Number mean: 6426.3403 max: 9990.828
Region: solid Diffusion Number mean: 5397.6312 max: 53365.575
Time = 5054s


Solving for solid region solid
DICPCG:  Solving for e, Initial residual = 0.00018131611, Final residual = 2.4849506e-06, No Iterations 2
Min/max T:361.26602 539.88321

Solving for fluid region fluid
DILUPBiCGStab:  Solving for Ux, Initial residual = 9.1881877e-05, Final residual = 3.1019446e-07, No Iterations 1
DILUPBiCGStab:  Solving for Uy, Initial residual = 0.0001114323, Final residual = 1.1176518e-06, No Iterations 1
DILUPBiCGStab:  Solving for Uz, Initial residual = 0.00011156544, Final residual = 4.4046516e-07, No Iterations 1
DILUPBiCGStab:  Solving for h, Initial residual = 6.6965079e-05, Final residual = 2.1718143e-07, No Iterations 1
Min/max T:139.8 506.17304
GAMG:  Solving for p_rgh, Initial residual = 3.9733696e-05, Final residual = 4.414588e-07, No Iterations 100
time step continuity errors : sum local = 0.0037595283, global = -2.5640387e-05, cumulative = -2.5640387e-05
GAMG:  Solving for p_rgh, Initial residual = 1.1973438e-05, Final residual = 1.1609295e-07, No Iterations 68
time step continuity errors : sum local = 0.00098882388, global = -1.0398467e-05, cumulative = -3.6038854e-05
DILUPBiCGStab:  Solving for omega, Initial residual = 3.7672841e-06, Final residual = 1.559332e-08, No Iterations 1
DILUPBiCGStab:  Solving for k, Initial residual = 4.7896611e-05, Final residual = 1.2256069e-07, No Iterations 1
ExecutionTime = 12.35109 s  ClockTime = 31 s

Region: fluid Courant Number mean: 6426.5158 max: 9991.7573
Region: solid Diffusion Number mean: 5397.6312 max: 53365.575
Time = 5055s


Solving for solid region solid
DICPCG:  Solving for e, Initial residual = 0.00018129705, Final residual = 2.4846864e-06, No Iterations 2
Min/max T:361.28315 539.90379

Solving for fluid region fluid
DILUPBiCGStab:  Solving for Ux, Initial residual = 9.1878231e-05, Final residual = 3.1017681e-07, No Iterations 1
DILUPBiCGStab:  Solving for Uy, Initial residual = 0.00011182353, Final residual = 1.1193074e-06, No Iterations 1
DILUPBiCGStab:  Solving for Uz, Initial residual = 0.00011157441, Final residual = 4.4245698e-07, No Iterations 1
DILUPBiCGStab:  Solving for h, Initial residual = 6.6959943e-05, Final residual = 2.1716383e-07, No Iterations 1
Min/max T:139.8 506.19347
GAMG:  Solving for p_rgh, Initial residual = 3.9834057e-05, Final residual = 4.3763385e-07, No Iterations 100
time step continuity errors : sum local = 0.0037271893, global = -2.548294e-05, cumulative = -2.548294e-05
GAMG:  Solving for p_rgh, Initial residual = 1.2003699e-05, Final residual = 1.145835e-07, No Iterations 68
time step continuity errors : sum local = 0.00097602707, global = -1.0196431e-05, cumulative = -3.5679371e-05
DILUPBiCGStab:  Solving for omega, Initial residual = 3.7671992e-06, Final residual = 1.5592665e-08, No Iterations 1
DILUPBiCGStab:  Solving for k, Initial residual = 4.7896033e-05, Final residual = 1.2255799e-07, No Iterations 1
ExecutionTime = 12.569603 s  ClockTime = 31 s

Region: fluid Courant Number mean: 6426.6913 max: 9992.6882
Region: solid Diffusion Number mean: 5397.6312 max: 53365.575
Time = 5056s


Solving for solid region solid
DICPCG:  Solving for e, Initial residual = 0.00018127799, Final residual = 2.4844223e-06, No Iterations 2
Min/max T:361.30028 539.92436

Solving for fluid region fluid
DILUPBiCGStab:  Solving for Ux, Initial residual = 9.1872404e-05, Final residual = 3.1015258e-07, No Iterations 1
DILUPBiCGStab:  Solving for Uy, Initial residual = 0.00011187032, Final residual = 1.1180049e-06, No Iterations 1
DILUPBiCGStab:  Solving for Uz, Initial residual = 0.00011159033, Final residual = 4.4651953e-07, No Iterations 1
DILUPBiCGStab:  Solving for h, Initial residual = 6.6954803e-05, Final residual = 2.1714531e-07, No Iterations 1
Min/max T:139.8 506.21389
GAMG:  Solving for p_rgh, Initial residual = 4.0223473e-05, Final residual = 4.4208521e-07, No Iterations 100
time step continuity errors : sum local = 0.0037653343, global = -2.5486722e-05, cumulative = -2.5486722e-05
GAMG:  Solving for p_rgh, Initial residual = 1.2124137e-05, Final residual = 1.1681117e-07, No Iterations 68
time step continuity errors : sum local = 0.00099506523, global = -1.0202194e-05, cumulative = -3.5688915e-05
DILUPBiCGStab:  Solving for omega, Initial residual = 3.7670928e-06, Final residual = 1.5592516e-08, No Iterations 1
DILUPBiCGStab:  Solving for k, Initial residual = 4.7895324e-05, Final residual = 1.22557e-07, No Iterations 1
ExecutionTime = 12.742572 s  ClockTime = 31 s

Region: fluid Courant Number mean: 6426.8668 max: 9993.6399
Region: solid Diffusion Number mean: 5397.6312 max: 53365.575
Time = 5057s


Solving for solid region solid
DICPCG:  Solving for e, Initial residual = 0.00018125892, Final residual = 2.4841582e-06, No Iterations 2
Min/max T:361.3174 539.94493

Solving for fluid region fluid
DILUPBiCGStab:  Solving for Ux, Initial residual = 9.1865759e-05, Final residual = 3.1012867e-07, No Iterations 1
DILUPBiCGStab:  Solving for Uy, Initial residual = 0.00011218426, Final residual = 1.1190426e-06, No Iterations 1
DILUPBiCGStab:  Solving for Uz, Initial residual = 0.00011155483, Final residual = 4.503511e-07, No Iterations 1
DILUPBiCGStab:  Solving for h, Initial residual = 6.6949582e-05, Final residual = 2.1712556e-07, No Iterations 1
Min/max T:139.8 506.23431
GAMG:  Solving for p_rgh, Initial residual = 3.9947532e-05, Final residual = 4.3875094e-07, No Iterations 100
time step continuity errors : sum local = 0.0037371697, global = -2.5298426e-05, cumulative = -2.5298426e-05
GAMG:  Solving for p_rgh, Initial residual = 1.2024133e-05, Final residual = 1.1446309e-07, No Iterations 68
time step continuity errors : sum local = 0.00097512333, global = -9.9910397e-06, cumulative = -3.5289466e-05
DILUPBiCGStab:  Solving for omega, Initial residual = 3.7672858e-06, Final residual = 1.5591936e-08, No Iterations 1
DILUPBiCGStab:  Solving for k, Initial residual = 4.7894347e-05, Final residual = 1.2255648e-07, No Iterations 1
ExecutionTime = 12.94325 s  ClockTime = 31 s

Region: fluid Courant Number mean: 6427.0421 max: 9994.5348
Region: solid Diffusion Number mean: 5397.6312 max: 53365.575
Time = 5058s


Solving for solid region solid
DICPCG:  Solving for e, Initial residual = 0.00018123987, Final residual = 2.4838942e-06, No Iterations 2
Min/max T:361.33452 539.9655

Solving for fluid region fluid
DILUPBiCGStab:  Solving for Ux, Initial residual = 9.1853522e-05, Final residual = 3.1007862e-07, No Iterations 1
DILUPBiCGStab:  Solving for Uy, Initial residual = 0.00011174408, Final residual = 1.1108268e-06, No Iterations 1
DILUPBiCGStab:  Solving for Uz, Initial residual = 0.00011099063, Final residual = 4.4870215e-07, No Iterations 1
DILUPBiCGStab:  Solving for h, Initial residual = 6.6943869e-05, Final residual = 2.1710357e-07, No Iterations 1
Min/max T:139.8 506.25473
GAMG:  Solving for p_rgh, Initial residual = 3.9689629e-05, Final residual = 4.4066073e-07, No Iterations 100
time step continuity errors : sum local = 0.0037536732, global = -2.4922557e-05, cumulative = -2.4922557e-05
GAMG:  Solving for p_rgh, Initial residual = 1.1951811e-05, Final residual = 1.141623e-07, No Iterations 68
time step continuity errors : sum local = 0.00097262074, global = -1.0070353e-05, cumulative = -3.499291e-05
DILUPBiCGStab:  Solving for omega, Initial residual = 3.7672831e-06, Final residual = 1.5591503e-08, No Iterations 1
DILUPBiCGStab:  Solving for k, Initial residual = 4.7893174e-05, Final residual = 1.2255457e-07, No Iterations 1
ExecutionTime = 13.157015 s  ClockTime = 32 s

Region: fluid Courant Number mean: 6427.2175 max: 9995.4495
Region: solid Diffusion Number mean: 5397.6312 max: 53365.575
Time = 5059s


Solving for solid region solid
DICPCG:  Solving for e, Initial residual = 0.00018122081, Final residual = 2.4836303e-06, No Iterations 2
Min/max T:361.35164 539.98606

Solving for fluid region fluid
DILUPBiCGStab:  Solving for Ux, Initial residual = 9.1843242e-05, Final residual = 3.1003929e-07, No Iterations 1
DILUPBiCGStab:  Solving for Uy, Initial residual = 0.00011154141, Final residual = 1.1106558e-06, No Iterations 1
DILUPBiCGStab:  Solving for Uz, Initial residual = 0.00011100902, Final residual = 4.4785536e-07, No Iterations 1
DILUPBiCGStab:  Solving for h, Initial residual = 6.6938392e-05, Final residual = 2.1708222e-07, No Iterations 1
Min/max T:139.8 506.27515
GAMG:  Solving for p_rgh, Initial residual = 3.9315316e-05, Final residual = 4.3887171e-07, No Iterations 100
time step continuity errors : sum local = 0.003738667, global = -2.550478e-05, cumulative = -2.550478e-05
GAMG:  Solving for p_rgh, Initial residual = 1.1876015e-05, Final residual = 1.149541e-07, No Iterations 68
time step continuity errors : sum local = 0.00097943086, global = -1.0367094e-05, cumulative = -3.5871873e-05
DILUPBiCGStab:  Solving for omega, Initial residual = 3.7672381e-06, Final residual = 1.5591095e-08, No Iterations 1
DILUPBiCGStab:  Solving for k, Initial residual = 4.7892481e-05, Final residual = 1.2255271e-07, No Iterations 1
ExecutionTime = 13.375636 s  ClockTime = 32 s

Region: fluid Courant Number mean: 6427.393 max: 9996.3649
Region: solid Diffusion Number mean: 5397.6312 max: 53365.575
Time = 5060s


Solving for solid region solid
DICPCG:  Solving for e, Initial residual = 0.00018120175, Final residual = 2.4833663e-06, No Iterations 2
Min/max T:361.36876 540.00663

Solving for fluid region fluid
DILUPBiCGStab:  Solving for Ux, Initial residual = 9.1840349e-05, Final residual = 3.1002347e-07, No Iterations 1
DILUPBiCGStab:  Solving for Uy, Initial residual = 0.00011142317, Final residual = 1.1105749e-06, No Iterations 1
DILUPBiCGStab:  Solving for Uz, Initial residual = 0.00011107842, Final residual = 4.495663e-07, No Iterations 1
DILUPBiCGStab:  Solving for h, Initial residual = 6.6932952e-05, Final residual = 2.170634e-07, No Iterations 1
Min/max T:139.8 506.29557
GAMG:  Solving for p_rgh, Initial residual = 3.9378429e-05, Final residual = 4.3930457e-07, No Iterations 100
time step continuity errors : sum local = 0.0037425944, global = -2.5670812e-05, cumulative = -2.5670812e-05
GAMG:  Solving for p_rgh, Initial residual = 1.1897984e-05, Final residual = 1.1551592e-07, No Iterations 68
time step continuity errors : sum local = 0.00098428008, global = -1.041353e-05, cumulative = -3.6084341e-05
DILUPBiCGStab:  Solving for omega, Initial residual = 3.7671823e-06, Final residual = 1.5590669e-08, No Iterations 1
DILUPBiCGStab:  Solving for k, Initial residual = 4.7892102e-05, Final residual = 1.2255096e-07, No Iterations 1
ExecutionTime = 13.672255 s  ClockTime = 32 s

Region: fluid Courant Number mean: 6427.5684 max: 9997.2803
Region: solid Diffusion Number mean: 5397.6312 max: 53365.575
Time = 5061s


Solving for solid region solid
DICPCG:  Solving for e, Initial residual = 0.0001811827, Final residual = 2.4831022e-06, No Iterations 2
Min/max T:361.38588 540.02719

Solving for fluid region fluid
DILUPBiCGStab:  Solving for Ux, Initial residual = 9.1838868e-05, Final residual = 3.1001233e-07, No Iterations 1
DILUPBiCGStab:  Solving for Uy, Initial residual = 0.00011120044, Final residual = 1.1076076e-06, No Iterations 1
DILUPBiCGStab:  Solving for Uz, Initial residual = 0.00011110636, Final residual = 4.5228809e-07, No Iterations 1
DILUPBiCGStab:  Solving for h, Initial residual = 6.6927563e-05, Final residual = 2.1704791e-07, No Iterations 1
Min/max T:139.8 506.31598
GAMG:  Solving for p_rgh, Initial residual = 3.941143e-05, Final residual = 4.3961561e-07, No Iterations 100
time step continuity errors : sum local = 0.0037454845, global = -2.5669434e-05, cumulative = -2.5669434e-05
GAMG:  Solving for p_rgh, Initial residual = 1.1909631e-05, Final residual = 1.1628299e-07, No Iterations 68
time step continuity errors : sum local = 0.00099087976, global = -1.044148e-05, cumulative = -3.6110914e-05
DILUPBiCGStab:  Solving for omega, Initial residual = 3.7671157e-06, Final residual = 1.5590234e-08, No Iterations 1
DILUPBiCGStab:  Solving for k, Initial residual = 4.7891774e-05, Final residual = 1.2254921e-07, No Iterations 1
ExecutionTime = 13.859158 s  ClockTime = 33 s

Region: fluid Courant Number mean: 6427.7439 max: 9998.196
Region: solid Diffusion Number mean: 5397.6312 max: 53365.575
Time = 5062s


Solving for solid region solid
DICPCG:  Solving for e, Initial residual = 0.00018116365, Final residual = 2.4828382e-06, No Iterations 2
Min/max T:361.40299 540.04775

Solving for fluid region fluid
DILUPBiCGStab:  Solving for Ux, Initial residual = 9.1834924e-05, Final residual = 3.0999406e-07, No Iterations 1
DILUPBiCGStab:  Solving for Uy, Initial residual = 0.00011114931, Final residual = 1.1061398e-06, No Iterations 1
DILUPBiCGStab:  Solving for Uz, Initial residual = 0.00011110108, Final residual = 4.5488121e-07, No Iterations 1
DILUPBiCGStab:  Solving for h, Initial residual = 6.6922204e-05, Final residual = 2.1703325e-07, No Iterations 1
Min/max T:139.8 506.33639
GAMG:  Solving for p_rgh, Initial residual = 3.9453735e-05, Final residual = 4.3872881e-07, No Iterations 100
time step continuity errors : sum local = 0.0037381682, global = -2.5413711e-05, cumulative = -2.5413711e-05
GAMG:  Solving for p_rgh, Initial residual = 1.1928393e-05, Final residual = 1.1547759e-07, No Iterations 68
time step continuity errors : sum local = 0.00098407852, global = -1.0338348e-05, cumulative = -3.5752058e-05
DILUPBiCGStab:  Solving for omega, Initial residual = 3.7670677e-06, Final residual = 1.5590004e-08, No Iterations 1
DILUPBiCGStab:  Solving for k, Initial residual = 4.789148e-05, Final residual = 1.2254768e-07, No Iterations 1
ExecutionTime = 14.050749 s  ClockTime = 33 s

Region: fluid Courant Number mean: 6427.9194 max: 9999.112
Region: solid Diffusion Number mean: 5397.6312 max: 53365.575
Time = 5063s


Solving for solid region solid
DICPCG:  Solving for e, Initial residual = 0.00018114459, Final residual = 2.4825742e-06, No Iterations 2
Min/max T:361.4201 540.0683

Solving for fluid region fluid
DILUPBiCGStab:  Solving for Ux, Initial residual = 9.1828572e-05, Final residual = 3.0996919e-07, No Iterations 1
DILUPBiCGStab:  Solving for Uy, Initial residual = 0.00011100366, Final residual = 1.1044853e-06, No Iterations 1
DILUPBiCGStab:  Solving for Uz, Initial residual = 0.00011109448, Final residual = 4.502605e-07, No Iterations 1
DILUPBiCGStab:  Solving for h, Initial residual = 6.6916834e-05, Final residual = 2.1701836e-07, No Iterations 1
Min/max T:139.8 506.3568
GAMG:  Solving for p_rgh, Initial residual = 3.9726477e-05, Final residual = 4.3898351e-07, No Iterations 100
time step continuity errors : sum local = 0.0037405744, global = -2.5119106e-05, cumulative = -2.5119106e-05
GAMG:  Solving for p_rgh, Initial residual = 1.2012907e-05, Final residual = 1.1471623e-07, No Iterations 68
time step continuity errors : sum local = 0.00097765289, global = -1.0290908e-05, cumulative = -3.5410014e-05
DILUPBiCGStab:  Solving for omega, Initial residual = 3.7670442e-06, Final residual = 1.5589818e-08, No Iterations 1
DILUPBiCGStab:  Solving for k, Initial residual = 4.7891425e-05, Final residual = 1.2254594e-07, No Iterations 1
ExecutionTime = 14.268314 s  ClockTime = 33 s

Region: fluid Courant Number mean: 6428.095 max: 10000.03
Region: solid Diffusion Number mean: 5397.6312 max: 53365.575
Time = 5064s


Solving for solid region solid
DICPCG:  Solving for e, Initial residual = 0.00018112554, Final residual = 2.4823102e-06, No Iterations 2
Min/max T:361.43721 540.08886

Solving for fluid region fluid
DILUPBiCGStab:  Solving for Ux, Initial residual = 9.182391e-05, Final residual = 3.0994981e-07, No Iterations 1
DILUPBiCGStab:  Solving for Uy, Initial residual = 0.00011073877, Final residual = 1.102009e-06, No Iterations 1
DILUPBiCGStab:  Solving for Uz, Initial residual = 0.00011113562, Final residual = 4.4414063e-07, No Iterations 1
DILUPBiCGStab:  Solving for h, Initial residual = 6.6911436e-05, Final residual = 2.1700323e-07, No Iterations 1
Min/max T:139.8 506.37721
GAMG:  Solving for p_rgh, Initial residual = 3.970526e-05, Final residual = 4.416832e-07, No Iterations 100
time step continuity errors : sum local = 0.0037638187, global = -2.5980417e-05, cumulative = -2.5980417e-05
GAMG:  Solving for p_rgh, Initial residual = 1.2003027e-05, Final residual = 1.1767514e-07, No Iterations 68
time step continuity errors : sum local = 0.0010029343, global = -1.0723336e-05, cumulative = -3.6703753e-05
DILUPBiCGStab:  Solving for omega, Initial residual = 3.7669416e-06, Final residual = 1.5589909e-08, No Iterations 1
DILUPBiCGStab:  Solving for k, Initial residual = 4.7891856e-05, Final residual = 1.2254466e-07, No Iterations 1
ExecutionTime = 14.493795 s  ClockTime = 33 s

Region: fluid Courant Number mean: 6428.2706 max: 10000.946
Region: solid Diffusion Number mean: 5397.6312 max: 53365.575
Time = 5065s


Solving for solid region solid
DICPCG:  Solving for e, Initial residual = 0.00018110649, Final residual = 2.4820463e-06, No Iterations 2
Min/max T:361.45432 540.10941

Solving for fluid region fluid
DILUPBiCGStab:  Solving for Ux, Initial residual = 9.1826366e-05, Final residual = 3.0995406e-07, No Iterations 1
DILUPBiCGStab:  Solving for Uy, Initial residual = 0.00011054832, Final residual = 1.1018083e-06, No Iterations 1
DILUPBiCGStab:  Solving for Uz, Initial residual = 0.00011126537, Final residual = 4.4464056e-07, No Iterations 1
DILUPBiCGStab:  Solving for h, Initial residual = 6.6905988e-05, Final residual = 2.1698828e-07, No Iterations 1
Min/max T:139.8 506.39762
GAMG:  Solving for p_rgh, Initial residual = 3.9568722e-05, Final residual = 4.403027e-07, No Iterations 100
time step continuity errors : sum local = 0.0037522949, global = -2.5773003e-05, cumulative = -2.5773003e-05
GAMG:  Solving for p_rgh, Initial residual = 1.1959774e-05, Final residual = 1.1745039e-07, No Iterations 68
time step continuity errors : sum local = 0.0010010824, global = -1.0584631e-05, cumulative = -3.6357634e-05
DILUPBiCGStab:  Solving for omega, Initial residual = 3.7668822e-06, Final residual = 1.5589894e-08, No Iterations 1
DILUPBiCGStab:  Solving for k, Initial residual = 4.7891651e-05, Final residual = 1.2254225e-07, No Iterations 1
ExecutionTime = 14.713182 s  ClockTime = 33 s

Region: fluid Courant Number mean: 6428.4462 max: 10001.862
Region: solid Diffusion Number mean: 5397.6312 max: 53365.575
Time = 5066s


Solving for solid region solid
DICPCG:  Solving for e, Initial residual = 0.00018108744, Final residual = 2.4817822e-06, No Iterations 2
Min/max T:361.47142 540.12997

Solving for fluid region fluid
DILUPBiCGStab:  Solving for Ux, Initial residual = 9.1818413e-05, Final residual = 3.0992588e-07, No Iterations 1
DILUPBiCGStab:  Solving for Uy, Initial residual = 0.00011056484, Final residual = 1.1036031e-06, No Iterations 1
DILUPBiCGStab:  Solving for Uz, Initial residual = 0.00011130768, Final residual = 4.4591934e-07, No Iterations 1
DILUPBiCGStab:  Solving for h, Initial residual = 6.6900556e-05, Final residual = 2.1697203e-07, No Iterations 1
Min/max T:139.8 506.41802
GAMG:  Solving for p_rgh, Initial residual = 3.9617188e-05, Final residual = 4.4248027e-07, No Iterations 100
time step continuity errors : sum local = 0.0037710918, global = -2.575967e-05, cumulative = -2.575967e-05
GAMG:  Solving for p_rgh, Initial residual = 1.1978767e-05, Final residual = 1.1743945e-07, No Iterations 68
time step continuity errors : sum local = 0.001001053, global = -1.0682247e-05, cumulative = -3.6441917e-05
DILUPBiCGStab:  Solving for omega, Initial residual = 3.7668483e-06, Final residual = 1.5589825e-08, No Iterations 1
DILUPBiCGStab:  Solving for k, Initial residual = 4.7891708e-05, Final residual = 1.2254068e-07, No Iterations 1
ExecutionTime = 15.072224 s  ClockTime = 34 s

Region: fluid Courant Number mean: 6428.6218 max: 10002.78
Region: solid Diffusion Number mean: 5397.6312 max: 53365.575
Time = 5067s


Solving for solid region solid
DICPCG:  Solving for e, Initial residual = 0.00018106839, Final residual = 2.4815183e-06, No Iterations 2
Min/max T:361.48852 540.15052

Solving for fluid region fluid
DILUPBiCGStab:  Solving for Ux, Initial residual = 9.1813625e-05, Final residual = 3.0990715e-07, No Iterations 1
DILUPBiCGStab:  Solving for Uy, Initial residual = 0.00011067551, Final residual = 1.1057377e-06, No Iterations 1
DILUPBiCGStab:  Solving for Uz, Initial residual = 0.00011129173, Final residual = 4.471259e-07, No Iterations 1
DILUPBiCGStab:  Solving for h, Initial residual = 6.6895062e-05, Final residual = 2.1695607e-07, No Iterations 1
Min/max T:139.8 506.43843
GAMG:  Solving for p_rgh, Initial residual = 3.9548619e-05, Final residual = 4.4078951e-07, No Iterations 100
time step continuity errors : sum local = 0.0037569218, global = -2.552163e-05, cumulative = -2.552163e-05
GAMG:  Solving for p_rgh, Initial residual = 1.1975048e-05, Final residual = 1.1637617e-07, No Iterations 68
time step continuity errors : sum local = 0.0009920514, global = -1.05782e-05, cumulative = -3.609983e-05
DILUPBiCGStab:  Solving for omega, Initial residual = 3.7668147e-06, Final residual = 1.5589857e-08, No Iterations 1
DILUPBiCGStab:  Solving for k, Initial residual = 4.7891354e-05, Final residual = 1.225384e-07, No Iterations 1
ExecutionTime = 15.321339 s  ClockTime = 34 s

Region: fluid Courant Number mean: 6428.7974 max: 10003.698
Region: solid Diffusion Number mean: 5397.6312 max: 53365.575
Time = 5068s


Solving for solid region solid
DICPCG:  Solving for e, Initial residual = 0.00018104934, Final residual = 2.4812544e-06, No Iterations 2
Min/max T:361.50562 540.17106

Solving for fluid region fluid
DILUPBiCGStab:  Solving for Ux, Initial residual = 9.180569e-05, Final residual = 3.098778e-07, No Iterations 1
DILUPBiCGStab:  Solving for Uy, Initial residual = 0.00011090757, Final residual = 1.1077567e-06, No Iterations 1
DILUPBiCGStab:  Solving for Uz, Initial residual = 0.00011130013, Final residual = 4.474154e-07, No Iterations 1
DILUPBiCGStab:  Solving for h, Initial residual = 6.6889521e-05, Final residual = 2.1694085e-07, No Iterations 1
Min/max T:139.8 506.45883
GAMG:  Solving for p_rgh, Initial residual = 3.968966e-05, Final residual = 4.3970123e-07, No Iterations 100
time step continuity errors : sum local = 0.0037478832, global = -2.5621522e-05, cumulative = -2.5621522e-05
GAMG:  Solving for p_rgh, Initial residual = 1.2020749e-05, Final residual = 1.1678595e-07, No Iterations 68
time step continuity errors : sum local = 0.0009956087, global = -1.0648701e-05, cumulative = -3.6270223e-05
DILUPBiCGStab:  Solving for omega, Initial residual = 3.7667757e-06, Final residual = 1.5589889e-08, No Iterations 1
DILUPBiCGStab:  Solving for k, Initial residual = 4.7891053e-05, Final residual = 1.2253603e-07, No Iterations 1
ExecutionTime = 15.558726 s  ClockTime = 34 s

Region: fluid Courant Number mean: 6428.9731 max: 10004.617
Region: solid Diffusion Number mean: 5397.6312 max: 53365.575
Time = 5069s


Solving for solid region solid
DICPCG:  Solving for e, Initial residual = 0.0001810303, Final residual = 2.4809905e-06, No Iterations 2
Min/max T:361.52272 540.19161

Solving for fluid region fluid
DILUPBiCGStab:  Solving for Ux, Initial residual = 9.1800327e-05, Final residual = 3.0985725e-07, No Iterations 1
DILUPBiCGStab:  Solving for Uy, Initial residual = 0.00011120478, Final residual = 1.1102943e-06, No Iterations 1
DILUPBiCGStab:  Solving for Uz, Initial residual = 0.00011133488, Final residual = 4.4666267e-07, No Iterations 1
DILUPBiCGStab:  Solving for h, Initial residual = 6.6883918e-05, Final residual = 2.1692469e-07, No Iterations 1
Min/max T:139.8 506.47922
GAMG:  Solving for p_rgh, Initial residual = 3.9679022e-05, Final residual = 4.4260995e-07, No Iterations 100
time step continuity errors : sum local = 0.0037729168, global = -2.5521811e-05, cumulative = -2.5521811e-05
GAMG:  Solving for p_rgh, Initial residual = 1.2014064e-05, Final residual = 1.1696476e-07, No Iterations 68
time step continuity errors : sum local = 0.00099719687, global = -1.0651984e-05, cumulative = -3.6173795e-05
DILUPBiCGStab:  Solving for omega, Initial residual = 3.7667243e-06, Final residual = 1.5589837e-08, No Iterations 1
DILUPBiCGStab:  Solving for k, Initial residual = 4.7890812e-05, Final residual = 1.2253364e-07, No Iterations 1
ExecutionTime = 15.80199 s  ClockTime = 35 s

Region: fluid Courant Number mean: 6429.1488 max: 10005.537
Region: solid Diffusion Number mean: 5397.6312 max: 53365.575
Time = 5070s


Solving for solid region solid
DICPCG:  Solving for e, Initial residual = 0.00018101125, Final residual = 2.4807266e-06, No Iterations 2
Min/max T:361.53981 540.21215

Solving for fluid region fluid
DILUPBiCGStab:  Solving for Ux, Initial residual = 9.1796449e-05, Final residual = 3.0984177e-07, No Iterations 1
DILUPBiCGStab:  Solving for Uy, Initial residual = 0.00011155951, Final residual = 1.114314e-06, No Iterations 1
DILUPBiCGStab:  Solving for Uz, Initial residual = 0.00011137566, Final residual = 4.449973e-07, No Iterations 1
DILUPBiCGStab:  Solving for h, Initial residual = 6.6878263e-05, Final residual = 2.169085e-07, No Iterations 1
Min/max T:139.8 506.49962
GAMG:  Solving for p_rgh, Initial residual = 4.0034254e-05, Final residual = 4.4171567e-07, No Iterations 100
time step continuity errors : sum local = 0.0037655356, global = -2.5957263e-05, cumulative = -2.5957263e-05
GAMG:  Solving for p_rgh, Initial residual = 1.2114593e-05, Final residual = 1.1741114e-07, No Iterations 68
time step continuity errors : sum local = 0.0010010677, global = -1.0768656e-05, cumulative = -3.6725919e-05
DILUPBiCGStab:  Solving for omega, Initial residual = 3.7666503e-06, Final residual = 1.5589829e-08, No Iterations 1
DILUPBiCGStab:  Solving for k, Initial residual = 4.7890853e-05, Final residual = 1.2253158e-07, No Iterations 1
ExecutionTime = 16.142093 s  ClockTime = 35 s

Region: fluid Courant Number mean: 6429.3246 max: 10006.458
Region: solid Diffusion Number mean: 5397.6312 max: 53365.575
Time = 5071s


Solving for solid region solid
DICPCG:  Solving for e, Initial residual = 0.0001809922, Final residual = 2.4804628e-06, No Iterations 2
Min/max T:361.5569 540.23269

Solving for fluid region fluid
DILUPBiCGStab:  Solving for Ux, Initial residual = 9.1795321e-05, Final residual = 3.0983494e-07, No Iterations 1
DILUPBiCGStab:  Solving for Uy, Initial residual = 0.00011137527, Final residual = 1.1145216e-06, No Iterations 1
DILUPBiCGStab:  Solving for Uz, Initial residual = 0.00011141564, Final residual = 4.4215947e-07, No Iterations 1
DILUPBiCGStab:  Solving for h, Initial residual = 6.6872559e-05, Final residual = 2.1689283e-07, No Iterations 1
Min/max T:139.8 506.52001
GAMG:  Solving for p_rgh, Initial residual = 3.9991721e-05, Final residual = 4.399383e-07, No Iterations 100
time step continuity errors : sum local = 0.0037506252, global = -2.5516212e-05, cumulative = -2.5516212e-05
GAMG:  Solving for p_rgh, Initial residual = 1.2098161e-05, Final residual = 1.1626256e-07, No Iterations 68
time step continuity errors : sum local = 0.00099133707, global = -1.064845e-05, cumulative = -3.6164662e-05
DILUPBiCGStab:  Solving for omega, Initial residual = 3.7665781e-06, Final residual = 1.5589788e-08, No Iterations 1
DILUPBiCGStab:  Solving for k, Initial residual = 4.7890605e-05, Final residual = 1.2252895e-07, No Iterations 1
ExecutionTime = 16.477054 s  ClockTime = 36 s

Region: fluid Courant Number mean: 6429.5003 max: 10007.38
Region: solid Diffusion Number mean: 5397.6312 max: 53365.575
Time = 5072s


Solving for solid region solid
DICPCG:  Solving for e, Initial residual = 0.00018097316, Final residual = 2.4801989e-06, No Iterations 2
Min/max T:361.57399 540.25323

Solving for fluid region fluid
DILUPBiCGStab:  Solving for Ux, Initial residual = 9.1789313e-05, Final residual = 3.0981191e-07, No Iterations 1
DILUPBiCGStab:  Solving for Uy, Initial residual = 0.00011138984, Final residual = 1.1159753e-06, No Iterations 1
DILUPBiCGStab:  Solving for Uz, Initial residual = 0.0001114542, Final residual = 4.4068454e-07, No Iterations 1
DILUPBiCGStab:  Solving for h, Initial residual = 6.6866822e-05, Final residual = 2.1687861e-07, No Iterations 1
Min/max T:139.8 506.54041
GAMG:  Solving for p_rgh, Initial residual = 4.0319773e-05, Final residual = 4.4314127e-07, No Iterations 100
time step continuity errors : sum local = 0.0037781723, global = -2.5335351e-05, cumulative = -2.5335351e-05
GAMG:  Solving for p_rgh, Initial residual = 1.2185733e-05, Final residual = 1.1742708e-07, No Iterations 68
time step continuity errors : sum local = 0.0010013296, global = -1.0592334e-05, cumulative = -3.5927685e-05
DILUPBiCGStab:  Solving for omega, Initial residual = 3.766534e-06, Final residual = 1.5589178e-08, No Iterations 1
DILUPBiCGStab:  Solving for k, Initial residual = 4.7889805e-05, Final residual = 1.2252539e-07, No Iterations 1
ExecutionTime = 16.897833 s  ClockTime = 36 s

Region: fluid Courant Number mean: 6429.6761 max: 10008.314
Region: solid Diffusion Number mean: 5397.6312 max: 53365.575
Time = 5073s


Solving for solid region solid
DICPCG:  Solving for e, Initial residual = 0.00018095412, Final residual = 2.479935e-06, No Iterations 2
Min/max T:361.59108 540.27377

Solving for fluid region fluid
DILUPBiCGStab:  Solving for Ux, Initial residual = 9.1778945e-05, Final residual = 3.0978023e-07, No Iterations 1
DILUPBiCGStab:  Solving for Uy, Initial residual = 0.00011225301, Final residual = 1.1211489e-06, No Iterations 1
DILUPBiCGStab:  Solving for Uz, Initial residual = 0.00011136085, Final residual = 4.3761731e-07, No Iterations 1
DILUPBiCGStab:  Solving for h, Initial residual = 6.6861009e-05, Final residual = 2.168626e-07, No Iterations 1
Min/max T:139.8 506.5608
GAMG:  Solving for p_rgh, Initial residual = 4.0385306e-05, Final residual = 4.4324987e-07, No Iterations 100
time step continuity errors : sum local = 0.0037793341, global = -2.5739609e-05, cumulative = -2.5739609e-05
GAMG:  Solving for p_rgh, Initial residual = 1.2196429e-05, Final residual = 1.1857936e-07, No Iterations 68
time step continuity errors : sum local = 0.0010112191, global = -1.0703674e-05, cumulative = -3.6443283e-05
DILUPBiCGStab:  Solving for omega, Initial residual = 3.7663835e-06, Final residual = 1.5588657e-08, No Iterations 1
DILUPBiCGStab:  Solving for k, Initial residual = 4.7889001e-05, Final residual = 1.2252192e-07, No Iterations 1
ExecutionTime = 17.129413 s  ClockTime = 36 s

Region: fluid Courant Number mean: 6429.8519 max: 10009.247
Region: solid Diffusion Number mean: 5397.6312 max: 53365.575
Time = 5074s


Solving for solid region solid
DICPCG:  Solving for e, Initial residual = 0.00018093507, Final residual = 2.4796712e-06, No Iterations 2
Min/max T:361.60816 540.29431

Solving for fluid region fluid
DILUPBiCGStab:  Solving for Ux, Initial residual = 9.1773119e-05, Final residual = 3.0976617e-07, No Iterations 1
DILUPBiCGStab:  Solving for Uy, Initial residual = 0.00011260272, Final residual = 1.1265035e-06, No Iterations 1
DILUPBiCGStab:  Solving for Uz, Initial residual = 0.00011145338, Final residual = 4.3504492e-07, No Iterations 1
DILUPBiCGStab:  Solving for h, Initial residual = 6.6855074e-05, Final residual = 2.1684484e-07, No Iterations 1
Min/max T:139.8 506.58118
GAMG:  Solving for p_rgh, Initial residual = 4.0448095e-05, Final residual = 4.4539959e-07, No Iterations 100
time step continuity errors : sum local = 0.0037979036, global = -2.5667965e-05, cumulative = -2.5667965e-05
GAMG:  Solving for p_rgh, Initial residual = 1.2209427e-05, Final residual = 1.1931648e-07, No Iterations 68
time step continuity errors : sum local = 0.0010175693, global = -1.0755165e-05, cumulative = -3.642313e-05
DILUPBiCGStab:  Solving for omega, Initial residual = 3.7662578e-06, Final residual = 1.5588076e-08, No Iterations 1
DILUPBiCGStab:  Solving for k, Initial residual = 4.7888073e-05, Final residual = 1.2251826e-07, No Iterations 1
ExecutionTime = 17.35899 s  ClockTime = 37 s

Region: fluid Courant Number mean: 6430.0278 max: 10010.187
Region: solid Diffusion Number mean: 5397.6312 max: 53365.575
Time = 5075s


Solving for solid region solid
DICPCG:  Solving for e, Initial residual = 0.00018091603, Final residual = 2.4794074e-06, No Iterations 2
Min/max T:361.62524 540.31484

Solving for fluid region fluid
DILUPBiCGStab:  Solving for Ux, Initial residual = 9.1767339e-05, Final residual = 3.0974935e-07, No Iterations 1
DILUPBiCGStab:  Solving for Uy, Initial residual = 0.00011294299, Final residual = 1.1302767e-06, No Iterations 1
DILUPBiCGStab:  Solving for Uz, Initial residual = 0.00011156321, Final residual = 4.328669e-07, No Iterations 1
DILUPBiCGStab:  Solving for h, Initial residual = 6.6849103e-05, Final residual = 2.1682624e-07, No Iterations 1
Min/max T:139.8 506.60157
GAMG:  Solving for p_rgh, Initial residual = 4.0472194e-05, Final residual = 4.4786372e-07, No Iterations 100
time step continuity errors : sum local = 0.0038191568, global = -2.6006628e-05, cumulative = -2.6006628e-05
GAMG:  Solving for p_rgh, Initial residual = 1.220713e-05, Final residual = 1.2045997e-07, No Iterations 68
time step continuity errors : sum local = 0.001027388, global = -1.0861175e-05, cumulative = -3.6867803e-05
DILUPBiCGStab:  Solving for omega, Initial residual = 3.7661573e-06, Final residual = 1.5587371e-08, No Iterations 1
DILUPBiCGStab:  Solving for k, Initial residual = 4.7887495e-05, Final residual = 1.2251582e-07, No Iterations 1
ExecutionTime = 17.612492 s  ClockTime = 37 s

Region: fluid Courant Number mean: 6430.2036 max: 10011.117
Region: solid Diffusion Number mean: 5397.6312 max: 53365.575
Time = 5076s


Solving for solid region solid
DICPCG:  Solving for e, Initial residual = 0.00018089699, Final residual = 2.4791436e-06, No Iterations 2
Min/max T:361.64232 540.33537

Solving for fluid region fluid
DILUPBiCGStab:  Solving for Ux, Initial residual = 9.1765015e-05, Final residual = 3.0973891e-07, No Iterations 1
DILUPBiCGStab:  Solving for Uy, Initial residual = 0.00011333199, Final residual = 1.1344348e-06, No Iterations 1
DILUPBiCGStab:  Solving for Uz, Initial residual = 0.0001114256, Final residual = 4.308583e-07, No Iterations 1
DILUPBiCGStab:  Solving for h, Initial residual = 6.6842901e-05, Final residual = 2.1680669e-07, No Iterations 1
Min/max T:139.8 506.62196
GAMG:  Solving for p_rgh, Initial residual = 4.0340453e-05, Final residual = 4.4218166e-07, No Iterations 100
time step continuity errors : sum local = 0.003770948, global = -2.5843989e-05, cumulative = -2.5843989e-05
GAMG:  Solving for p_rgh, Initial residual = 1.2182795e-05, Final residual = 1.185722e-07, No Iterations 68
time step continuity errors : sum local = 0.0010113524, global = -1.0782435e-05, cumulative = -3.6626425e-05
DILUPBiCGStab:  Solving for omega, Initial residual = 3.7660414e-06, Final residual = 1.5586758e-08, No Iterations 1
DILUPBiCGStab:  Solving for k, Initial residual = 4.7886782e-05, Final residual = 1.2251369e-07, No Iterations 1
ExecutionTime = 17.867397 s  ClockTime = 37 s

Region: fluid Courant Number mean: 6430.3794 max: 10012.042
Region: solid Diffusion Number mean: 5397.6312 max: 53365.575
Time = 5077s


Solving for solid region solid
DICPCG:  Solving for e, Initial residual = 0.00018087795, Final residual = 2.4788798e-06, No Iterations 2
Min/max T:361.6594 540.3559

Solving for fluid region fluid
DILUPBiCGStab:  Solving for Ux, Initial residual = 9.1758069e-05, Final residual = 3.0971056e-07, No Iterations 1
DILUPBiCGStab:  Solving for Uy, Initial residual = 0.00011320289, Final residual = 1.1349777e-06, No Iterations 1
DILUPBiCGStab:  Solving for Uz, Initial residual = 0.00011130224, Final residual = 4.3163303e-07, No Iterations 1
DILUPBiCGStab:  Solving for h, Initial residual = 6.6836615e-05, Final residual = 2.1678756e-07, No Iterations 1
Min/max T:139.8 506.64234
GAMG:  Solving for p_rgh, Initial residual = 4.0113139e-05, Final residual = 4.4056751e-07, No Iterations 100
time step continuity errors : sum local = 0.0037574238, global = -2.5714541e-05, cumulative = -2.5714541e-05
GAMG:  Solving for p_rgh, Initial residual = 1.2114923e-05, Final residual = 1.1801692e-07, No Iterations 68
time step continuity errors : sum local = 0.0010066802, global = -1.069105e-05, cumulative = -3.6405591e-05
DILUPBiCGStab:  Solving for omega, Initial residual = 3.7659458e-06, Final residual = 1.5586222e-08, No Iterations 1
DILUPBiCGStab:  Solving for k, Initial residual = 4.7885911e-05, Final residual = 1.2251129e-07, No Iterations 1
ExecutionTime = 18.082242 s  ClockTime = 37 s

Region: fluid Courant Number mean: 6430.5552 max: 10012.97
Region: solid Diffusion Number mean: 5397.6312 max: 53365.575
Time = 5078s


Solving for solid region solid
DICPCG:  Solving for e, Initial residual = 0.00018085891, Final residual = 2.4786161e-06, No Iterations 2
Min/max T:361.67647 540.37643

Solving for fluid region fluid
DILUPBiCGStab:  Solving for Ux, Initial residual = 9.1749735e-05, Final residual = 3.0967969e-07, No Iterations 1
DILUPBiCGStab:  Solving for Uy, Initial residual = 0.00011323341, Final residual = 1.1347692e-06, No Iterations 1
DILUPBiCGStab:  Solving for Uz, Initial residual = 0.00011130858, Final residual = 4.2973497e-07, No Iterations 1
DILUPBiCGStab:  Solving for h, Initial residual = 6.683041e-05, Final residual = 2.1676641e-07, No Iterations 1
Min/max T:139.8 506.66272
GAMG:  Solving for p_rgh, Initial residual = 3.971854e-05, Final residual = 4.3972383e-07, No Iterations 100
time step continuity errors : sum local = 0.0037504683, global = -2.5282914e-05, cumulative = -2.5282914e-05
GAMG:  Solving for p_rgh, Initial residual = 1.1958585e-05, Final residual = 1.1725276e-07, No Iterations 68
time step continuity errors : sum local = 0.0010002257, global = -1.0398448e-05, cumulative = -3.5681362e-05
DILUPBiCGStab:  Solving for omega, Initial residual = 3.7658804e-06, Final residual = 1.5586009e-08, No Iterations 1
DILUPBiCGStab:  Solving for k, Initial residual = 4.788453e-05, Final residual = 1.2250825e-07, No Iterations 1
ExecutionTime = 18.314718 s  ClockTime = 38 s

Region: fluid Courant Number mean: 6430.731 max: 10013.898
Region: solid Diffusion Number mean: 5397.6312 max: 53365.575
Time = 5079s


Solving for solid region solid
DICPCG:  Solving for e, Initial residual = 0.00018083988, Final residual = 2.4783524e-06, No Iterations 2
Min/max T:361.69354 540.39696

Solving for fluid region fluid
DILUPBiCGStab:  Solving for Ux, Initial residual = 9.1737281e-05, Final residual = 3.0963933e-07, No Iterations 1
DILUPBiCGStab:  Solving for Uy, Initial residual = 0.00011279928, Final residual = 1.1278663e-06, No Iterations 1
DILUPBiCGStab:  Solving for Uz, Initial residual = 0.00011127711, Final residual = 4.2952279e-07, No Iterations 1
DILUPBiCGStab:  Solving for h, Initial residual = 6.6824196e-05, Final residual = 2.1674511e-07, No Iterations 1
Min/max T:139.8 506.6831
GAMG:  Solving for p_rgh, Initial residual = 3.953645e-05, Final residual = 4.4142064e-07, No Iterations 100
time step continuity errors : sum local = 0.0037651779, global = -2.4739393e-05, cumulative = -2.4739393e-05
GAMG:  Solving for p_rgh, Initial residual = 1.1890778e-05, Final residual = 1.1626274e-07, No Iterations 68
time step continuity errors : sum local = 0.00099184142, global = -1.0069243e-05, cumulative = -3.4808636e-05
DILUPBiCGStab:  Solving for omega, Initial residual = 3.7658683e-06, Final residual = 1.5585548e-08, No Iterations 1
DILUPBiCGStab:  Solving for k, Initial residual = 4.7882288e-05, Final residual = 1.2250358e-07, No Iterations 1
ExecutionTime = 18.498903 s  ClockTime = 38 s

Region: fluid Courant Number mean: 6430.9067 max: 10014.823
Region: solid Diffusion Number mean: 5397.6312 max: 53365.575
Time = 5080s


Solving for solid region solid
DICPCG:  Solving for e, Initial residual = 0.00018082084, Final residual = 2.4780888e-06, No Iterations 2
Min/max T:361.71061 540.41748

Solving for fluid region fluid
DILUPBiCGStab:  Solving for Ux, Initial residual = 9.1717168e-05, Final residual = 3.0957561e-07, No Iterations 1
DILUPBiCGStab:  Solving for Uy, Initial residual = 0.000112021, Final residual = 1.1203592e-06, No Iterations 1
DILUPBiCGStab:  Solving for Uz, Initial residual = 0.00011106512, Final residual = 4.2624613e-07, No Iterations 1
DILUPBiCGStab:  Solving for h, Initial residual = 6.6817928e-05, Final residual = 2.1672197e-07, No Iterations 1
Min/max T:139.8 506.70347
GAMG:  Solving for p_rgh, Initial residual = 3.921745e-05, Final residual = 4.4213266e-07, No Iterations 100
time step continuity errors : sum local = 0.003771486, global = -2.5528807e-05, cumulative = -2.5528807e-05
GAMG:  Solving for p_rgh, Initial residual = 1.1799693e-05, Final residual = 1.1726013e-07, No Iterations 68
time step continuity errors : sum local = 0.0010004147, global = -1.055623e-05, cumulative = -3.6085037e-05
DILUPBiCGStab:  Solving for omega, Initial residual = 3.7655718e-06, Final residual = 1.5585984e-08, No Iterations 1
DILUPBiCGStab:  Solving for k, Initial residual = 4.7880576e-05, Final residual = 1.2249995e-07, No Iterations 1
ExecutionTime = 18.834602 s  ClockTime = 38 s

Region: fluid Courant Number mean: 6431.0825 max: 10015.752
Region: solid Diffusion Number mean: 5397.6312 max: 53365.575
Time = 5081s


Solving for solid region solid
DICPCG:  Solving for e, Initial residual = 0.00018080181, Final residual = 2.4778253e-06, No Iterations 2
Min/max T:361.72768 540.438

Solving for fluid region fluid
DILUPBiCGStab:  Solving for Ux, Initial residual = 9.1711076e-05, Final residual = 3.0954603e-07, No Iterations 1
DILUPBiCGStab:  Solving for Uy, Initial residual = 0.00011087158, Final residual = 1.1207957e-06, No Iterations 1
DILUPBiCGStab:  Solving for Uz, Initial residual = 0.00011069424, Final residual = 4.2508605e-07, No Iterations 1
DILUPBiCGStab:  Solving for h, Initial residual = 6.6811508e-05, Final residual = 2.1669787e-07, No Iterations 1
Min/max T:139.8 506.72385
GAMG:  Solving for p_rgh, Initial residual = 3.9194262e-05, Final residual = 4.4319207e-07, No Iterations 100
time step continuity errors : sum local = 0.0037807699, global = -2.5327438e-05, cumulative = -2.5327438e-05
GAMG:  Solving for p_rgh, Initial residual = 1.1775193e-05, Final residual = 1.1586531e-07, No Iterations 68
time step continuity errors : sum local = 0.00098857867, global = -1.0207514e-05, cumulative = -3.5534952e-05
DILUPBiCGStab:  Solving for omega, Initial residual = 3.7653784e-06, Final residual = 1.558634e-08, No Iterations 1
DILUPBiCGStab:  Solving for k, Initial residual = 4.7878487e-05, Final residual = 1.2249625e-07, No Iterations 1
ExecutionTime = 19.040506 s  ClockTime = 39 s

Region: fluid Courant Number mean: 6431.2582 max: 10016.683
Region: solid Diffusion Number mean: 5397.6312 max: 53365.575
Time = 5082s


Solving for solid region solid
DICPCG:  Solving for e, Initial residual = 0.00018078278, Final residual = 2.4775616e-06, No Iterations 2
Min/max T:361.74474 540.45852

Solving for fluid region fluid
DILUPBiCGStab:  Solving for Ux, Initial residual = 9.1701168e-05, Final residual = 3.095078e-07, No Iterations 1
DILUPBiCGStab:  Solving for Uy, Initial residual = 0.00011001643, Final residual = 1.1151244e-06, No Iterations 1
DILUPBiCGStab:  Solving for Uz, Initial residual = 0.00011052712, Final residual = 4.2512578e-07, No Iterations 1
DILUPBiCGStab:  Solving for h, Initial residual = 6.680521e-05, Final residual = 2.1667729e-07, No Iterations 1
Min/max T:139.8 506.74422
GAMG:  Solving for p_rgh, Initial residual = 3.91974e-05, Final residual = 4.3738823e-07, No Iterations 100
time step continuity errors : sum local = 0.0037314987, global = -2.5435254e-05, cumulative = -2.5435254e-05
GAMG:  Solving for p_rgh, Initial residual = 1.1741552e-05, Final residual = 1.1537837e-07, No Iterations 68
time step continuity errors : sum local = 0.00098448866, global = -1.0558567e-05, cumulative = -3.5993822e-05
DILUPBiCGStab:  Solving for omega, Initial residual = 3.7652073e-06, Final residual = 1.5585854e-08, No Iterations 1
DILUPBiCGStab:  Solving for k, Initial residual = 4.7877134e-05, Final residual = 1.2249288e-07, No Iterations 1
ExecutionTime = 19.262192 s  ClockTime = 39 s

Region: fluid Courant Number mean: 6431.434 max: 10017.612
Region: solid Diffusion Number mean: 5397.6312 max: 53365.575
Time = 5083s


Solving for solid region solid
DICPCG:  Solving for e, Initial residual = 0.00018076375, Final residual = 2.4772979e-06, No Iterations 2
Min/max T:361.7618 540.47904

Solving for fluid region fluid
DILUPBiCGStab:  Solving for Ux, Initial residual = 9.1696763e-05, Final residual = 3.0948435e-07, No Iterations 1
DILUPBiCGStab:  Solving for Uy, Initial residual = 0.00011024547, Final residual = 1.1147424e-06, No Iterations 1
DILUPBiCGStab:  Solving for Uz, Initial residual = 0.00011057521, Final residual = 4.255649e-07, No Iterations 1
DILUPBiCGStab:  Solving for h, Initial residual = 6.6798928e-05, Final residual = 2.1665343e-07, No Iterations 1
Min/max T:139.8 506.76459
GAMG:  Solving for p_rgh, Initial residual = 3.8496459e-05, Final residual = 4.3827356e-07, No Iterations 100
time step continuity errors : sum local = 0.003739293, global = -2.5336892e-05, cumulative = -2.5336892e-05
GAMG:  Solving for p_rgh, Initial residual = 1.157656e-05, Final residual = 1.075326e-07, No Iterations 70
time step continuity errors : sum local = 0.00091760123, global = -9.3305887e-06, cumulative = -3.466748e-05
DILUPBiCGStab:  Solving for omega, Initial residual = 3.7649123e-06, Final residual = 1.5585415e-08, No Iterations 1
DILUPBiCGStab:  Solving for k, Initial residual = 4.7875111e-05, Final residual = 1.22488e-07, No Iterations 1
ExecutionTime = 19.515792 s  ClockTime = 39 s

Region: fluid Courant Number mean: 6431.6096 max: 10018.531
Region: solid Diffusion Number mean: 5397.6312 max: 53365.575
Time = 5084s


Solving for solid region solid
DICPCG:  Solving for e, Initial residual = 0.00018074471, Final residual = 2.4770343e-06, No Iterations 2
Min/max T:361.77886 540.49955

Solving for fluid region fluid
DILUPBiCGStab:  Solving for Ux, Initial residual = 9.1681395e-05, Final residual = 3.0942628e-07, No Iterations 1
DILUPBiCGStab:  Solving for Uy, Initial residual = 0.00011029726, Final residual = 1.1182273e-06, No Iterations 1
DILUPBiCGStab:  Solving for Uz, Initial residual = 0.00011027904, Final residual = 4.2335343e-07, No Iterations 1
DILUPBiCGStab:  Solving for h, Initial residual = 6.6792511e-05, Final residual = 2.1662691e-07, No Iterations 1
Min/max T:139.8 506.78496
GAMG:  Solving for p_rgh, Initial residual = 3.8518907e-05, Final residual = 4.3985077e-07, No Iterations 100
time step continuity errors : sum local = 0.0037529897, global = -2.5658138e-05, cumulative = -2.5658138e-05
GAMG:  Solving for p_rgh, Initial residual = 1.1575522e-05, Final residual = 1.0685486e-07, No Iterations 70
time step continuity errors : sum local = 0.00091187635, global = -9.3567167e-06, cumulative = -3.5014855e-05
DILUPBiCGStab:  Solving for omega, Initial residual = 3.7644176e-06, Final residual = 1.5585406e-08, No Iterations 1
DILUPBiCGStab:  Solving for k, Initial residual = 4.7873384e-05, Final residual = 1.2248461e-07, No Iterations 1
ExecutionTime = 19.913956 s  ClockTime = 40 s

Region: fluid Courant Number mean: 6431.7852 max: 10019.459
Region: solid Diffusion Number mean: 5397.6312 max: 53365.575
Time = 5085s


Solving for solid region solid
DICPCG:  Solving for e, Initial residual = 0.00018072569, Final residual = 2.4767709e-06, No Iterations 2
Min/max T:361.79592 540.52007

Solving for fluid region fluid
DILUPBiCGStab:  Solving for Ux, Initial residual = 9.1672151e-05, Final residual = 3.0938436e-07, No Iterations 1
DILUPBiCGStab:  Solving for Uy, Initial residual = 0.00010948562, Final residual = 1.1170398e-06, No Iterations 1
DILUPBiCGStab:  Solving for Uz, Initial residual = 0.00010981723, Final residual = 4.227391e-07, No Iterations 1
DILUPBiCGStab:  Solving for h, Initial residual = 6.6785931e-05, Final residual = 2.166002e-07, No Iterations 1
Min/max T:139.8 506.80533
GAMG:  Solving for p_rgh, Initial residual = 3.8253598e-05, Final residual = 4.4158855e-07, No Iterations 100
time step continuity errors : sum local = 0.0037680621, global = -2.5281968e-05, cumulative = -2.5281968e-05
GAMG:  Solving for p_rgh, Initial residual = 1.151561e-05, Final residual = 1.0618522e-07, No Iterations 70
time step continuity errors : sum local = 0.00090622108, global = -9.3202903e-06, cumulative = -3.4602258e-05
DILUPBiCGStab:  Solving for omega, Initial residual = 3.7640992e-06, Final residual = 1.5585179e-08, No Iterations 1
DILUPBiCGStab:  Solving for k, Initial residual = 4.7872025e-05, Final residual = 1.2248172e-07, No Iterations 1
ExecutionTime = 20.275664 s  ClockTime = 40 s

Region: fluid Courant Number mean: 6431.9609 max: 10020.386
Region: solid Diffusion Number mean: 5397.6312 max: 53365.575
Time = 5086s


Solving for solid region solid
DICPCG:  Solving for e, Initial residual = 0.00018070666, Final residual = 2.4765074e-06, No Iterations 2
Min/max T:361.81297 540.54058

Solving for fluid region fluid
DILUPBiCGStab:  Solving for Ux, Initial residual = 9.1666947e-05, Final residual = 3.0936032e-07, No Iterations 1
DILUPBiCGStab:  Solving for Uy, Initial residual = 0.00010936754, Final residual = 1.1125758e-06, No Iterations 1
DILUPBiCGStab:  Solving for Uz, Initial residual = 0.00010980636, Final residual = 4.2049766e-07, No Iterations 1
DILUPBiCGStab:  Solving for h, Initial residual = 6.6779573e-05, Final residual = 2.165761e-07, No Iterations 1
Min/max T:139.8 506.82569
GAMG:  Solving for p_rgh, Initial residual = 3.8341909e-05, Final residual = 4.3704184e-07, No Iterations 100
time step continuity errors : sum local = 0.0037295088, global = -2.5144267e-05, cumulative = -2.5144267e-05
GAMG:  Solving for p_rgh, Initial residual = 1.1566525e-05, Final residual = 1.1454208e-07, No Iterations 68
time step continuity errors : sum local = 0.00097760459, global = -1.004543e-05, cumulative = -3.5189697e-05
DILUPBiCGStab:  Solving for omega, Initial residual = 3.7638149e-06, Final residual = 1.5585077e-08, No Iterations 1
DILUPBiCGStab:  Solving for k, Initial residual = 4.7869829e-05, Final residual = 1.2247684e-07, No Iterations 1
ExecutionTime = 20.561488 s  ClockTime = 40 s

Region: fluid Courant Number mean: 6432.1365 max: 10021.313
Region: solid Diffusion Number mean: 5397.6312 max: 53365.575
Time = 5087s


Solving for solid region solid
DICPCG:  Solving for e, Initial residual = 0.00018068763, Final residual = 2.4762438e-06, No Iterations 2
Min/max T:361.83002 540.56109

Solving for fluid region fluid
DILUPBiCGStab:  Solving for Ux, Initial residual = 9.16514e-05, Final residual = 3.0930552e-07, No Iterations 1
DILUPBiCGStab:  Solving for Uy, Initial residual = 0.0001084766, Final residual = 1.100354e-06, No Iterations 1
DILUPBiCGStab:  Solving for Uz, Initial residual = 0.00010981038, Final residual = 4.155548e-07, No Iterations 1
DILUPBiCGStab:  Solving for h, Initial residual = 6.6773299e-05, Final residual = 2.1655468e-07, No Iterations 1
Min/max T:139.8 506.84605
GAMG:  Solving for p_rgh, Initial residual = 3.8201462e-05, Final residual = 4.3817283e-07, No Iterations 100
time step continuity errors : sum local = 0.0037394015, global = -2.5657692e-05, cumulative = -2.5657692e-05
GAMG:  Solving for p_rgh, Initial residual = 1.1530973e-05, Final residual = 1.0652888e-07, No Iterations 70
time step continuity errors : sum local = 0.00090927131, global = -9.361377e-06, cumulative = -3.5019069e-05
DILUPBiCGStab:  Solving for omega, Initial residual = 3.7635562e-06, Final residual = 1.5584916e-08, No Iterations 1
DILUPBiCGStab:  Solving for k, Initial residual = 4.7868219e-05, Final residual = 1.2247313e-07, No Iterations 1
ExecutionTime = 20.775015 s  ClockTime = 40 s

Region: fluid Courant Number mean: 6432.3122 max: 10022.241
Region: solid Diffusion Number mean: 5397.6312 max: 53365.575
Time = 5088s


Solving for solid region solid
DICPCG:  Solving for e, Initial residual = 0.00018066861, Final residual = 2.4759804e-06, No Iterations 2
Min/max T:361.84707 540.5816

Solving for fluid region fluid
DILUPBiCGStab:  Solving for Ux, Initial residual = 9.164542e-05, Final residual = 3.0928088e-07, No Iterations 1
DILUPBiCGStab:  Solving for Uy, Initial residual = 0.00010849396, Final residual = 1.0989854e-06, No Iterations 1
DILUPBiCGStab:  Solving for Uz, Initial residual = 0.00010979542, Final residual = 4.1492277e-07, No Iterations 1
DILUPBiCGStab:  Solving for h, Initial residual = 6.6767058e-05, Final residual = 2.1653292e-07, No Iterations 1
Min/max T:139.8 506.86641
GAMG:  Solving for p_rgh, Initial residual = 3.8123185e-05, Final residual = 4.4171626e-07, No Iterations 100
time step continuity errors : sum local = 0.0037698863, global = -2.540205e-05, cumulative = -2.540205e-05
GAMG:  Solving for p_rgh, Initial residual = 1.149514e-05, Final residual = 1.0683934e-07, No Iterations 70
time step continuity errors : sum local = 0.00091198143, global = -9.3866864e-06, cumulative = -3.4788737e-05
DILUPBiCGStab:  Solving for omega, Initial residual = 3.7633263e-06, Final residual = 1.5584687e-08, No Iterations 1
DILUPBiCGStab:  Solving for k, Initial residual = 4.7866779e-05, Final residual = 1.2246961e-07, No Iterations 1
ExecutionTime = 20.993531 s  ClockTime = 41 s

Region: fluid Courant Number mean: 6432.4879 max: 10023.169
Region: solid Diffusion Number mean: 5397.6312 max: 53365.575
Time = 5089s


Solving for solid region solid
DICPCG:  Solving for e, Initial residual = 0.00018064958, Final residual = 2.4757168e-06, No Iterations 2
Min/max T:361.86412 540.6021

Solving for fluid region fluid
DILUPBiCGStab:  Solving for Ux, Initial residual = 9.1640111e-05, Final residual = 3.0925794e-07, No Iterations 1
DILUPBiCGStab:  Solving for Uy, Initial residual = 0.00010858181, Final residual = 1.098715e-06, No Iterations 1
DILUPBiCGStab:  Solving for Uz, Initial residual = 0.00010974266, Final residual = 4.15062e-07, No Iterations 1
DILUPBiCGStab:  Solving for h, Initial residual = 6.6760904e-05, Final residual = 2.165114e-07, No Iterations 1
Min/max T:139.8 506.88677
GAMG:  Solving for p_rgh, Initial residual = 3.8009704e-05, Final residual = 4.3999732e-07, No Iterations 100
time step continuity errors : sum local = 0.0037554616, global = -2.5309276e-05, cumulative = -2.5309276e-05
GAMG:  Solving for p_rgh, Initial residual = 1.1443322e-05, Final residual = 1.0655224e-07, No Iterations 70
time step continuity errors : sum local = 0.00090958965, global = -9.2617879e-06, cumulative = -3.4571064e-05
DILUPBiCGStab:  Solving for omega, Initial residual = 3.7631299e-06, Final residual = 1.558445e-08, No Iterations 1
DILUPBiCGStab:  Solving for k, Initial residual = 4.7865616e-05, Final residual = 1.2246687e-07, No Iterations 1
ExecutionTime = 21.174683 s  ClockTime = 41 s

Region: fluid Courant Number mean: 6432.6636 max: 10024.097
Region: solid Diffusion Number mean: 5397.6312 max: 53365.575
Time = 5090s


Solving for solid region solid
DICPCG:  Solving for e, Initial residual = 0.00018063056, Final residual = 2.4754534e-06, No Iterations 2
Min/max T:361.88116 540.62261

Solving for fluid region fluid
DILUPBiCGStab:  Solving for Ux, Initial residual = 9.1633599e-05, Final residual = 3.0923127e-07, No Iterations 1
DILUPBiCGStab:  Solving for Uy, Initial residual = 0.0001083185, Final residual = 1.0953222e-06, No Iterations 1
DILUPBiCGStab:  Solving for Uz, Initial residual = 0.00010967458, Final residual = 4.1623182e-07, No Iterations 1
DILUPBiCGStab:  Solving for h, Initial residual = 6.6754799e-05, Final residual = 2.1648997e-07, No Iterations 1
Min/max T:139.8 506.90713
GAMG:  Solving for p_rgh, Initial residual = 3.8139085e-05, Final residual = 4.3328477e-07, No Iterations 100
time step continuity errors : sum local = 0.0036984071, global = -2.4555068e-05, cumulative = -2.4555068e-05
GAMG:  Solving for p_rgh, Initial residual = 1.1445467e-05, Final residual = 1.1242098e-07, No Iterations 68
time step continuity errors : sum local = 0.00095974789, global = -9.8155669e-06, cumulative = -3.4370635e-05
DILUPBiCGStab:  Solving for omega, Initial residual = 3.7630146e-06, Final residual = 1.5584427e-08, No Iterations 1
DILUPBiCGStab:  Solving for k, Initial residual = 4.7863429e-05, Final residual = 1.2246294e-07, No Iterations 1
ExecutionTime = 21.355172 s  ClockTime = 41 s

Region: fluid Courant Number mean: 6432.8392 max: 10025.025
Region: solid Diffusion Number mean: 5397.6312 max: 53365.575
Time = 5091s


Solving for solid region solid
DICPCG:  Solving for e, Initial residual = 0.00018061154, Final residual = 2.4751899e-06, No Iterations 2
Min/max T:361.8982 540.64311

Solving for fluid region fluid
DILUPBiCGStab:  Solving for Ux, Initial residual = 9.1612751e-05, Final residual = 3.0916053e-07, No Iterations 1
DILUPBiCGStab:  Solving for Uy, Initial residual = 0.000107537, Final residual = 1.0828553e-06, No Iterations 1
DILUPBiCGStab:  Solving for Uz, Initial residual = 0.00010963782, Final residual = 4.1540186e-07, No Iterations 1
DILUPBiCGStab:  Solving for h, Initial residual = 6.6748742e-05, Final residual = 2.1646984e-07, No Iterations 1
Min/max T:139.8 506.92748
GAMG:  Solving for p_rgh, Initial residual = 3.738223e-05, Final residual = 4.4238275e-07, No Iterations 100
time step continuity errors : sum local = 0.0037763013, global = -2.5451537e-05, cumulative = -2.5451537e-05
GAMG:  Solving for p_rgh, Initial residual = 1.1262234e-05, Final residual = 1.06753e-07, No Iterations 70
time step continuity errors : sum local = 0.00091141912, global = -9.3893015e-06, cumulative = -3.4840838e-05
DILUPBiCGStab:  Solving for omega, Initial residual = 3.7628578e-06, Final residual = 1.5584082e-08, No Iterations 1
DILUPBiCGStab:  Solving for k, Initial residual = 4.7862145e-05, Final residual = 1.2245991e-07, No Iterations 1
ExecutionTime = 21.523206 s  ClockTime = 41 s

Region: fluid Courant Number mean: 6433.0149 max: 10025.953
Region: solid Diffusion Number mean: 5397.6312 max: 53365.575
Time = 5092s


Solving for solid region solid
DICPCG:  Solving for e, Initial residual = 0.00018059252, Final residual = 2.4749267e-06, No Iterations 2
Min/max T:361.91524 540.66361

Solving for fluid region fluid
DILUPBiCGStab:  Solving for Ux, Initial residual = 9.160899e-05, Final residual = 3.091444e-07, No Iterations 1
DILUPBiCGStab:  Solving for Uy, Initial residual = 0.00010720972, Final residual = 1.0782674e-06, No Iterations 1
DILUPBiCGStab:  Solving for Uz, Initial residual = 0.00010960012, Final residual = 4.1745723e-07, No Iterations 1
DILUPBiCGStab:  Solving for h, Initial residual = 6.6742678e-05, Final residual = 2.1645063e-07, No Iterations 1
Min/max T:139.8 506.94784
GAMG:  Solving for p_rgh, Initial residual = 3.7488769e-05, Final residual = 4.4359335e-07, No Iterations 100
time step continuity errors : sum local = 0.0037868811, global = -2.5540333e-05, cumulative = -2.5540333e-05
GAMG:  Solving for p_rgh, Initial residual = 1.1309381e-05, Final residual = 1.0754711e-07, No Iterations 70
time step continuity errors : sum local = 0.00091825843, global = -9.4859235e-06, cumulative = -3.5026257e-05
DILUPBiCGStab:  Solving for omega, Initial residual = 3.7627149e-06, Final residual = 1.5583732e-08, No Iterations 1
DILUPBiCGStab:  Solving for k, Initial residual = 4.7860457e-05, Final residual = 1.2245571e-07, No Iterations 1
ExecutionTime = 21.69764 s  ClockTime = 41 s

Region: fluid Courant Number mean: 6433.1906 max: 10026.882
Region: solid Diffusion Number mean: 5397.6312 max: 53365.575
Time = 5093s


Solving for solid region solid
DICPCG:  Solving for e, Initial residual = 0.0001805735, Final residual = 2.4746633e-06, No Iterations 2
Min/max T:361.93228 540.6841

Solving for fluid region fluid
DILUPBiCGStab:  Solving for Ux, Initial residual = 9.1599631e-05, Final residual = 3.0910984e-07, No Iterations 1
DILUPBiCGStab:  Solving for Uy, Initial residual = 0.00010704884, Final residual = 1.0771051e-06, No Iterations 1
DILUPBiCGStab:  Solving for Uz, Initial residual = 0.00010956846, Final residual = 4.1988277e-07, No Iterations 1
DILUPBiCGStab:  Solving for h, Initial residual = 6.6736708e-05, Final residual = 2.1643273e-07, No Iterations 1
Min/max T:139.8 506.96819
GAMG:  Solving for p_rgh, Initial residual = 3.7532133e-05, Final residual = 4.4410756e-07, No Iterations 100
time step continuity errors : sum local = 0.003791515, global = -2.5393711e-05, cumulative = -2.5393711e-05
GAMG:  Solving for p_rgh, Initial residual = 1.1323872e-05, Final residual = 1.0746484e-07, No Iterations 70
time step continuity errors : sum local = 0.00091761573, global = -9.4726649e-06, cumulative = -3.4866376e-05
DILUPBiCGStab:  Solving for omega, Initial residual = 3.7625535e-06, Final residual = 1.5583256e-08, No Iterations 1
DILUPBiCGStab:  Solving for k, Initial residual = 4.7859566e-05, Final residual = 1.2245318e-07, No Iterations 1
ExecutionTime = 21.906219 s  ClockTime = 42 s

Region: fluid Courant Number mean: 6433.3663 max: 10027.81
Region: solid Diffusion Number mean: 5397.6312 max: 53365.575
Time = 5094s


Solving for solid region solid
DICPCG:  Solving for e, Initial residual = 0.00018055448, Final residual = 2.4743999e-06, No Iterations 2
Min/max T:361.94931 540.7046

Solving for fluid region fluid
DILUPBiCGStab:  Solving for Ux, Initial residual = 9.1598061e-05, Final residual = 3.0910115e-07, No Iterations 1
DILUPBiCGStab:  Solving for Uy, Initial residual = 0.00010690434, Final residual = 1.0760358e-06, No Iterations 1
DILUPBiCGStab:  Solving for Uz, Initial residual = 0.00010954346, Final residual = 4.2455581e-07, No Iterations 1
DILUPBiCGStab:  Solving for h, Initial residual = 6.6730775e-05, Final residual = 2.1641453e-07, No Iterations 1
Min/max T:139.8 506.98854
GAMG:  Solving for p_rgh, Initial residual = 3.7265976e-05, Final residual = 4.4277034e-07, No Iterations 100
time step continuity errors : sum local = 0.0037803461, global = -2.4878844e-05, cumulative = -2.4878844e-05
GAMG:  Solving for p_rgh, Initial residual = 1.1230529e-05, Final residual = 1.061873e-07, No Iterations 70
time step continuity errors : sum local = 0.00090676567, global = -9.2863394e-06, cumulative = -3.4165183e-05
DILUPBiCGStab:  Solving for omega, Initial residual = 3.7624174e-06, Final residual = 1.5582879e-08, No Iterations 1
DILUPBiCGStab:  Solving for k, Initial residual = 4.7858898e-05, Final residual = 1.224511e-07, No Iterations 1
ExecutionTime = 22.102898 s  ClockTime = 42 s

Region: fluid Courant Number mean: 6433.5421 max: 10028.739
Region: solid Diffusion Number mean: 5397.6312 max: 53365.575
Time = 5095s


Solving for solid region solid
DICPCG:  Solving for e, Initial residual = 0.00018053546, Final residual = 2.4741365e-06, No Iterations 2
Min/max T:361.96635 540.72509

Solving for fluid region fluid
DILUPBiCGStab:  Solving for Ux, Initial residual = 9.159236e-05, Final residual = 3.0907905e-07, No Iterations 1
DILUPBiCGStab:  Solving for Uy, Initial residual = 0.00010665748, Final residual = 1.0751795e-06, No Iterations 1
DILUPBiCGStab:  Solving for Uz, Initial residual = 0.00010952059, Final residual = 4.2702641e-07, No Iterations 1
DILUPBiCGStab:  Solving for h, Initial residual = 6.6724894e-05, Final residual = 2.163959e-07, No Iterations 1
Min/max T:139.8 507.00888
GAMG:  Solving for p_rgh, Initial residual = 3.7066377e-05, Final residual = 4.4061196e-07, No Iterations 100
time step continuity errors : sum local = 0.0037621612, global = -2.5212615e-05, cumulative = -2.5212615e-05
GAMG:  Solving for p_rgh, Initial residual = 1.1171283e-05, Final residual = 1.0591771e-07, No Iterations 70
time step continuity errors : sum local = 0.00090452246, global = -9.2872038e-06, cumulative = -3.4499819e-05
DILUPBiCGStab:  Solving for omega, Initial residual = 3.7623013e-06, Final residual = 1.558255e-08, No Iterations 1
DILUPBiCGStab:  Solving for k, Initial residual = 4.7858347e-05, Final residual = 1.2244938e-07, No Iterations 1
ExecutionTime = 22.293852 s  ClockTime = 42 s

Region: fluid Courant Number mean: 6433.7178 max: 10029.668
Region: solid Diffusion Number mean: 5397.6312 max: 53365.575
Time = 5096s


Solving for solid region solid
DICPCG:  Solving for e, Initial residual = 0.00018051645, Final residual = 2.4738732e-06, No Iterations 2
Min/max T:361.98337 540.74559

Solving for fluid region fluid
DILUPBiCGStab:  Solving for Ux, Initial residual = 9.1585051e-05, Final residual = 3.090519e-07, No Iterations 1
DILUPBiCGStab:  Solving for Uy, Initial residual = 0.00010657864, Final residual = 1.0742774e-06, No Iterations 1
DILUPBiCGStab:  Solving for Uz, Initial residual = 0.00010949467, Final residual = 4.2611346e-07, No Iterations 1
DILUPBiCGStab:  Solving for h, Initial residual = 6.6719032e-05, Final residual = 2.1637625e-07, No Iterations 1
Min/max T:139.8 507.02923
GAMG:  Solving for p_rgh, Initial residual = 3.7200836e-05, Final residual = 4.4209927e-07, No Iterations 100
time step continuity errors : sum local = 0.0037751046, global = -2.5736195e-05, cumulative = -2.5736195e-05
GAMG:  Solving for p_rgh, Initial residual = 1.1209784e-05, Final residual = 1.0729371e-07, No Iterations 70
time step continuity errors : sum local = 0.00091633263, global = -9.5419349e-06, cumulative = -3.5278129e-05
DILUPBiCGStab:  Solving for omega, Initial residual = 3.7621809e-06, Final residual = 1.5582127e-08, No Iterations 1
DILUPBiCGStab:  Solving for k, Initial residual = 4.7858093e-05, Final residual = 1.2244802e-07, No Iterations 1
ExecutionTime = 22.487817 s  ClockTime = 42 s

Region: fluid Courant Number mean: 6433.8936 max: 10030.597
Region: solid Diffusion Number mean: 5397.6312 max: 53365.575
Time = 5097s


Solving for solid region solid
DICPCG:  Solving for e, Initial residual = 0.00018049744, Final residual = 2.47361e-06, No Iterations 2
Min/max T:362.0004 540.76608

Solving for fluid region fluid
DILUPBiCGStab:  Solving for Ux, Initial residual = 9.1581273e-05, Final residual = 3.0903724e-07, No Iterations 1
DILUPBiCGStab:  Solving for Uy, Initial residual = 0.00010642694, Final residual = 1.0726e-06, No Iterations 1
DILUPBiCGStab:  Solving for Uz, Initial residual = 0.00010947454, Final residual = 4.2656463e-07, No Iterations 1
DILUPBiCGStab:  Solving for h, Initial residual = 6.6713195e-05, Final residual = 2.1635635e-07, No Iterations 1
Min/max T:139.8 507.04957
GAMG:  Solving for p_rgh, Initial residual = 3.7233388e-05, Final residual = 4.4410529e-07, No Iterations 100
time step continuity errors : sum local = 0.0037924815, global = -2.5499713e-05, cumulative = -2.5499713e-05
GAMG:  Solving for p_rgh, Initial residual = 1.1215366e-05, Final residual = 1.0764868e-07, No Iterations 70
time step continuity errors : sum local = 0.00091942373, global = -9.4116764e-06, cumulative = -3.4911389e-05
DILUPBiCGStab:  Solving for omega, Initial residual = 3.7620709e-06, Final residual = 1.5581721e-08, No Iterations 1
DILUPBiCGStab:  Solving for k, Initial residual = 4.7857982e-05, Final residual = 1.2244714e-07, No Iterations 1
ExecutionTime = 22.663542 s  ClockTime = 43 s

Region: fluid Courant Number mean: 6434.0693 max: 10031.526
Region: solid Diffusion Number mean: 5397.6312 max: 53365.575
Time = 5098s


Solving for solid region solid
DICPCG:  Solving for e, Initial residual = 0.00018047843, Final residual = 2.4733466e-06, No Iterations 2
Min/max T:362.01743 540.78656

Solving for fluid region fluid
DILUPBiCGStab:  Solving for Ux, Initial residual = 9.1578308e-05, Final residual = 3.0902553e-07, No Iterations 1
DILUPBiCGStab:  Solving for Uy, Initial residual = 0.00010645747, Final residual = 1.0740894e-06, No Iterations 1
DILUPBiCGStab:  Solving for Uz, Initial residual = 0.00010945784, Final residual = 4.291672e-07, No Iterations 1
DILUPBiCGStab:  Solving for h, Initial residual = 6.6707402e-05, Final residual = 2.1633983e-07, No Iterations 1
Min/max T:139.8 507.06991
GAMG:  Solving for p_rgh, Initial residual = 3.7471725e-05, Final residual = 4.3777944e-07, No Iterations 100
time step continuity errors : sum local = 0.0037387045, global = -2.5262601e-05, cumulative = -2.5262601e-05
GAMG:  Solving for p_rgh, Initial residual = 1.1302054e-05, Final residual = 1.0519947e-07, No Iterations 70
time step continuity errors : sum local = 0.00089856301, global = -9.1955987e-06, cumulative = -3.44582e-05
DILUPBiCGStab:  Solving for omega, Initial residual = 3.7619869e-06, Final residual = 1.5581418e-08, No Iterations 1
DILUPBiCGStab:  Solving for k, Initial residual = 4.7857341e-05, Final residual = 1.2244532e-07, No Iterations 1
ExecutionTime = 22.83006 s  ClockTime = 43 s

Region: fluid Courant Number mean: 6434.2451 max: 10032.454
Region: solid Diffusion Number mean: 5397.6312 max: 53365.575
Time = 5099s


Solving for solid region solid
DICPCG:  Solving for e, Initial residual = 0.00018045941, Final residual = 2.4730833e-06, No Iterations 2
Min/max T:362.03445 540.80705

Solving for fluid region fluid
DILUPBiCGStab:  Solving for Ux, Initial residual = 9.1567028e-05, Final residual = 3.0898681e-07, No Iterations 1
DILUPBiCGStab:  Solving for Uy, Initial residual = 0.00010649271, Final residual = 1.0717696e-06, No Iterations 1
DILUPBiCGStab:  Solving for Uz, Initial residual = 0.00010944456, Final residual = 4.2977663e-07, No Iterations 1
DILUPBiCGStab:  Solving for h, Initial residual = 6.670164e-05, Final residual = 2.1632277e-07, No Iterations 1
Min/max T:139.8 507.09025
GAMG:  Solving for p_rgh, Initial residual = 3.78973e-05, Final residual = 4.4098575e-07, No Iterations 100
time step continuity errors : sum local = 0.0037663268, global = -2.5410381e-05, cumulative = -2.5410381e-05
GAMG:  Solving for p_rgh, Initial residual = 1.1393735e-05, Final residual = 1.0808522e-07, No Iterations 70
time step continuity errors : sum local = 0.00092326926, global = -9.2485507e-06, cumulative = -3.4658931e-05
DILUPBiCGStab:  Solving for omega, Initial residual = 3.7617915e-06, Final residual = 1.5581567e-08, No Iterations 1
DILUPBiCGStab:  Solving for k, Initial residual = 4.7855731e-05, Final residual = 1.2244292e-07, No Iterations 1
ExecutionTime = 23.004843 s  ClockTime = 43 s

Region: fluid Courant Number mean: 6434.4208 max: 10033.408
Region: solid Diffusion Number mean: 5397.6312 max: 53365.575
Time = 5100s


Solving for solid region solid
DICPCG:  Solving for e, Initial residual = 0.0001804404, Final residual = 2.4728201e-06, No Iterations 2
Min/max T:362.05147 540.82753

Solving for fluid region fluid
DILUPBiCGStab:  Solving for Ux, Initial residual = 9.1551517e-05, Final residual = 3.0894194e-07, No Iterations 1
DILUPBiCGStab:  Solving for Uy, Initial residual = 0.00010542229, Final residual = 1.0692199e-06, No Iterations 1
DILUPBiCGStab:  Solving for Uz, Initial residual = 0.00010910259, Final residual = 4.242568e-07, No Iterations 1
DILUPBiCGStab:  Solving for h, Initial residual = 6.6695754e-05, Final residual = 2.163041e-07, No Iterations 1
Min/max T:139.8 507.11059
GAMG:  Solving for p_rgh, Initial residual = 3.7620698e-05, Final residual = 4.4148735e-07, No Iterations 100
time step continuity errors : sum local = 0.0037708471, global = -2.5382197e-05, cumulative = -2.5382197e-05
GAMG:  Solving for p_rgh, Initial residual = 1.1317399e-05, Final residual = 1.0752111e-07, No Iterations 70
time step continuity errors : sum local = 0.00091850855, global = -9.3269624e-06, cumulative = -3.470916e-05
DILUPBiCGStab:  Solving for omega, Initial residual = 3.7617811e-06, Final residual = 1.5581488e-08, No Iterations 1
DILUPBiCGStab:  Solving for k, Initial residual = 4.7854299e-05, Final residual = 1.2244132e-07, No Iterations 1
ExecutionTime = 23.273384 s  ClockTime = 43 s

Region: fluid Courant Number mean: 6434.5966 max: 10034.36
Region: solid Diffusion Number mean: 5397.6312 max: 53365.575
Time = 5101s


Solving for solid region solid
DICPCG:  Solving for e, Initial residual = 0.0001804214, Final residual = 2.4725569e-06, No Iterations 2
Min/max T:362.06848 540.84801

Solving for fluid region fluid
DILUPBiCGStab:  Solving for Ux, Initial residual = 9.1541621e-05, Final residual = 3.0890916e-07, No Iterations 1
DILUPBiCGStab:  Solving for Uy, Initial residual = 0.00010542351, Final residual = 1.0715837e-06, No Iterations 1
DILUPBiCGStab:  Solving for Uz, Initial residual = 0.00010892393, Final residual = 4.2367692e-07, No Iterations 1
DILUPBiCGStab:  Solving for h, Initial residual = 6.6689898e-05, Final residual = 2.1628332e-07, No Iterations 1
Min/max T:139.8 507.13092
GAMG:  Solving for p_rgh, Initial residual = 3.7435069e-05, Final residual = 4.4098358e-07, No Iterations 100
time step continuity errors : sum local = 0.0037667833, global = -2.5489973e-05, cumulative = -2.5489973e-05
GAMG:  Solving for p_rgh, Initial residual = 1.1257596e-05, Final residual = 1.068856e-07, No Iterations 70
time step continuity errors : sum local = 0.00091313942, global = -9.3179231e-06, cumulative = -3.4807896e-05
DILUPBiCGStab:  Solving for omega, Initial residual = 3.7617462e-06, Final residual = 1.5581299e-08, No Iterations 1
DILUPBiCGStab:  Solving for k, Initial residual = 4.7853161e-05, Final residual = 1.224396e-07, No Iterations 1
ExecutionTime = 23.486309 s  ClockTime = 44 s

Region: fluid Courant Number mean: 6434.7723 max: 10035.31
Region: solid Diffusion Number mean: 5397.6312 max: 53365.575
Time = 5102s


Solving for solid region solid
DICPCG:  Solving for e, Initial residual = 0.00018040239, Final residual = 2.4722936e-06, No Iterations 2
Min/max T:362.0855 540.86849

Solving for fluid region fluid
DILUPBiCGStab:  Solving for Ux, Initial residual = 9.15372e-05, Final residual = 3.0888984e-07, No Iterations 1
DILUPBiCGStab:  Solving for Uy, Initial residual = 0.00010564594, Final residual = 1.073733e-06, No Iterations 1
DILUPBiCGStab:  Solving for Uz, Initial residual = 0.00010893595, Final residual = 4.2528835e-07, No Iterations 1
DILUPBiCGStab:  Solving for h, Initial residual = 6.6684082e-05, Final residual = 2.162631e-07, No Iterations 1
Min/max T:139.8 507.15126
GAMG:  Solving for p_rgh, Initial residual = 3.7409863e-05, Final residual = 4.4059635e-07, No Iterations 100
time step continuity errors : sum local = 0.0037637172, global = -2.5435329e-05, cumulative = -2.5435329e-05
GAMG:  Solving for p_rgh, Initial residual = 1.1251544e-05, Final residual = 1.0659014e-07, No Iterations 70
time step continuity errors : sum local = 0.00091067453, global = -9.3501254e-06, cumulative = -3.4785455e-05
DILUPBiCGStab:  Solving for omega, Initial residual = 3.7616616e-06, Final residual = 1.5581058e-08, No Iterations 1
DILUPBiCGStab:  Solving for k, Initial residual = 4.7852011e-05, Final residual = 1.2243725e-07, No Iterations 1
ExecutionTime = 23.689292 s  ClockTime = 44 s

Region: fluid Courant Number mean: 6434.9481 max: 10036.26
Region: solid Diffusion Number mean: 5397.6312 max: 53365.575
Time = 5103s


Solving for solid region solid
DICPCG:  Solving for e, Initial residual = 0.00018038338, Final residual = 2.4720303e-06, No Iterations 2
Min/max T:362.10251 540.88897

Solving for fluid region fluid
DILUPBiCGStab:  Solving for Ux, Initial residual = 9.1531872e-05, Final residual = 3.0886784e-07, No Iterations 1
DILUPBiCGStab:  Solving for Uy, Initial residual = 0.00010584586, Final residual = 1.0758106e-06, No Iterations 1
DILUPBiCGStab:  Solving for Uz, Initial residual = 0.00010897938, Final residual = 4.2636537e-07, No Iterations 1
DILUPBiCGStab:  Solving for h, Initial residual = 6.6678314e-05, Final residual = 2.1624423e-07, No Iterations 1
Min/max T:139.8 507.17159
GAMG:  Solving for p_rgh, Initial residual = 3.734893e-05, Final residual = 4.3851841e-07, No Iterations 100
time step continuity errors : sum local = 0.0037462077, global = -2.5424257e-05, cumulative = -2.5424257e-05
GAMG:  Solving for p_rgh, Initial residual = 1.123319e-05, Final residual = 1.0593432e-07, No Iterations 70
time step continuity errors : sum local = 0.00090512894, global = -9.2644715e-06, cumulative = -3.4688728e-05
DILUPBiCGStab:  Solving for omega, Initial residual = 3.7615624e-06, Final residual = 1.5580803e-08, No Iterations 1
DILUPBiCGStab:  Solving for k, Initial residual = 4.7850933e-05, Final residual = 1.2243485e-07, No Iterations 1
ExecutionTime = 23.882213 s  ClockTime = 44 s

Region: fluid Courant Number mean: 6435.1239 max: 10037.211
Region: solid Diffusion Number mean: 5397.6312 max: 53365.575
Time = 5104s


Solving for solid region solid
DICPCG:  Solving for e, Initial residual = 0.00018036438, Final residual = 2.4717671e-06, No Iterations 2
Min/max T:362.11952 540.90945

Solving for fluid region fluid
DILUPBiCGStab:  Solving for Ux, Initial residual = 9.1524172e-05, Final residual = 3.0883928e-07, No Iterations 1
DILUPBiCGStab:  Solving for Uy, Initial residual = 0.00010600439, Final residual = 1.0777599e-06, No Iterations 1
DILUPBiCGStab:  Solving for Uz, Initial residual = 0.00010898834, Final residual = 4.2628317e-07, No Iterations 1
DILUPBiCGStab:  Solving for h, Initial residual = 6.6672562e-05, Final residual = 2.1622583e-07, No Iterations 1
Min/max T:139.8 507.19192
GAMG:  Solving for p_rgh, Initial residual = 3.7369416e-05, Final residual = 4.3904075e-07, No Iterations 100
time step continuity errors : sum local = 0.0037509105, global = -2.5393055e-05, cumulative = -2.5393055e-05
GAMG:  Solving for p_rgh, Initial residual = 1.1236463e-05, Final residual = 1.0602519e-07, No Iterations 70
time step continuity errors : sum local = 0.0009059633, global = -9.2430564e-06, cumulative = -3.4636111e-05
DILUPBiCGStab:  Solving for omega, Initial residual = 3.761459e-06, Final residual = 1.5580503e-08, No Iterations 1
DILUPBiCGStab:  Solving for k, Initial residual = 4.7849987e-05, Final residual = 1.2243267e-07, No Iterations 1
ExecutionTime = 24.138262 s  ClockTime = 44 s

Region: fluid Courant Number mean: 6435.2997 max: 10038.161
Region: solid Diffusion Number mean: 5397.6312 max: 53365.575
Time = 5105s


Solving for solid region solid
DICPCG:  Solving for e, Initial residual = 0.00018034537, Final residual = 2.4715039e-06, No Iterations 2
Min/max T:362.13653 540.92992

Solving for fluid region fluid
DILUPBiCGStab:  Solving for Ux, Initial residual = 9.1517947e-05, Final residual = 3.0881617e-07, No Iterations 1
DILUPBiCGStab:  Solving for Uy, Initial residual = 0.00010624722, Final residual = 1.0805424e-06, No Iterations 1
DILUPBiCGStab:  Solving for Uz, Initial residual = 0.00010897358, Final residual = 4.2599068e-07, No Iterations 1
DILUPBiCGStab:  Solving for h, Initial residual = 6.6666839e-05, Final residual = 2.1620754e-07, No Iterations 1
Min/max T:139.8 507.21224
GAMG:  Solving for p_rgh, Initial residual = 3.7549193e-05, Final residual = 4.4176044e-07, No Iterations 100
time step continuity errors : sum local = 0.0037743865, global = -2.561622e-05, cumulative = -2.561622e-05
GAMG:  Solving for p_rgh, Initial residual = 1.1290391e-05, Final residual = 1.0746772e-07, No Iterations 70
time step continuity errors : sum local = 0.00091834793, global = -9.4626074e-06, cumulative = -3.5078828e-05
DILUPBiCGStab:  Solving for omega, Initial residual = 3.7613422e-06, Final residual = 1.5580022e-08, No Iterations 1
DILUPBiCGStab:  Solving for k, Initial residual = 4.7849427e-05, Final residual = 1.2243105e-07, No Iterations 1
ExecutionTime = 24.394215 s  ClockTime = 45 s

Region: fluid Courant Number mean: 6435.4755 max: 10039.113
Region: solid Diffusion Number mean: 5397.6312 max: 53365.575
Time = 5106s


Solving for solid region solid
DICPCG:  Solving for e, Initial residual = 0.00018032636, Final residual = 2.4712407e-06, No Iterations 2
Min/max T:362.15353 540.95039

Solving for fluid region fluid
DILUPBiCGStab:  Solving for Ux, Initial residual = 9.1516417e-05, Final residual = 3.0880697e-07, No Iterations 1
DILUPBiCGStab:  Solving for Uy, Initial residual = 0.00010629648, Final residual = 1.0819315e-06, No Iterations 1
DILUPBiCGStab:  Solving for Uz, Initial residual = 0.00010890178, Final residual = 4.2286408e-07, No Iterations 1
DILUPBiCGStab:  Solving for h, Initial residual = 6.6661169e-05, Final residual = 2.1618943e-07, No Iterations 1
Min/max T:139.8 507.23257
GAMG:  Solving for p_rgh, Initial residual = 3.7777222e-05, Final residual = 4.3821588e-07, No Iterations 100
time step continuity errors : sum local = 0.00374434, global = -2.5010757e-05, cumulative = -2.5010757e-05
GAMG:  Solving for p_rgh, Initial residual = 1.1309076e-05, Final residual = 1.0616886e-07, No Iterations 70
time step continuity errors : sum local = 0.00090730413, global = -9.0632315e-06, cumulative = -3.4073989e-05
DILUPBiCGStab:  Solving for omega, Initial residual = 3.761236e-06, Final residual = 1.5579717e-08, No Iterations 1
DILUPBiCGStab:  Solving for k, Initial residual = 4.784806e-05, Final residual = 1.2242865e-07, No Iterations 1
ExecutionTime = 24.571748 s  ClockTime = 45 s

Region: fluid Courant Number mean: 6435.6514 max: 10040.064
Region: solid Diffusion Number mean: 5397.6312 max: 53365.575
Time = 5107s


Solving for solid region solid
DICPCG:  Solving for e, Initial residual = 0.00018030736, Final residual = 2.4709774e-06, No Iterations 2
Min/max T:362.17053 540.97086

Solving for fluid region fluid
DILUPBiCGStab:  Solving for Ux, Initial residual = 9.1502882e-05, Final residual = 3.0875874e-07, No Iterations 1
DILUPBiCGStab:  Solving for Uy, Initial residual = 0.0001062667, Final residual = 1.0803941e-06, No Iterations 1
DILUPBiCGStab:  Solving for Uz, Initial residual = 0.00010888541, Final residual = 4.2040396e-07, No Iterations 1
DILUPBiCGStab:  Solving for h, Initial residual = 6.6655555e-05, Final residual = 2.1617228e-07, No Iterations 1
Min/max T:139.8 507.25289
GAMG:  Solving for p_rgh, Initial residual = 3.7749517e-05, Final residual = 4.3979833e-07, No Iterations 100
time step continuity errors : sum local = 0.0037580951, global = -2.5139326e-05, cumulative = -2.5139326e-05
GAMG:  Solving for p_rgh, Initial residual = 1.1279218e-05, Final residual = 1.0611385e-07, No Iterations 70
time step continuity errors : sum local = 0.00090689144, global = -9.1753694e-06, cumulative = -3.4314696e-05
DILUPBiCGStab:  Solving for omega, Initial residual = 3.7611134e-06, Final residual = 1.5579319e-08, No Iterations 1
DILUPBiCGStab:  Solving for k, Initial residual = 4.7846951e-05, Final residual = 1.2242696e-07, No Iterations 1
ExecutionTime = 24.755373 s  ClockTime = 45 s

Region: fluid Courant Number mean: 6435.8272 max: 10041.015
Region: solid Diffusion Number mean: 5397.6312 max: 53365.575
Time = 5108s


Solving for solid region solid
DICPCG:  Solving for e, Initial residual = 0.00018028836, Final residual = 2.4707143e-06, No Iterations 2
Min/max T:362.18753 540.99133

Solving for fluid region fluid
DILUPBiCGStab:  Solving for Ux, Initial residual = 9.149522e-05, Final residual = 3.0873047e-07, No Iterations 1
DILUPBiCGStab:  Solving for Uy, Initial residual = 0.00010594277, Final residual = 1.0797116e-06, No Iterations 1
DILUPBiCGStab:  Solving for Uz, Initial residual = 0.00010895512, Final residual = 4.213123e-07, No Iterations 1
DILUPBiCGStab:  Solving for h, Initial residual = 6.6649953e-05, Final residual = 2.161527e-07, No Iterations 1
Min/max T:139.8 507.27321
GAMG:  Solving for p_rgh, Initial residual = 3.7478393e-05, Final residual = 4.3971415e-07, No Iterations 100
time step continuity errors : sum local = 0.0037576111, global = -2.5495629e-05, cumulative = -2.5495629e-05
GAMG:  Solving for p_rgh, Initial residual = 1.1214643e-05, Final residual = 1.0636056e-07, No Iterations 70
time step continuity errors : sum local = 0.00090905823, global = -9.3534657e-06, cumulative = -3.4849095e-05
DILUPBiCGStab:  Solving for omega, Initial residual = 3.7609879e-06, Final residual = 1.5578778e-08, No Iterations 1
DILUPBiCGStab:  Solving for k, Initial residual = 4.7846089e-05, Final residual = 1.2242514e-07, No Iterations 1
ExecutionTime = 24.966013 s  ClockTime = 45 s

Region: fluid Courant Number mean: 6436.0031 max: 10041.967
Region: solid Diffusion Number mean: 5397.6312 max: 53365.575
Time = 5109s


Solving for solid region solid
DICPCG:  Solving for e, Initial residual = 0.00018026935, Final residual = 2.4704512e-06, No Iterations 2
Min/max T:362.20453 541.0118

Solving for fluid region fluid
DILUPBiCGStab:  Solving for Ux, Initial residual = 9.1491682e-05, Final residual = 3.0871344e-07, No Iterations 1
DILUPBiCGStab:  Solving for Uy, Initial residual = 0.00010569622, Final residual = 1.0791895e-06, No Iterations 1
DILUPBiCGStab:  Solving for Uz, Initial residual = 0.00010897933, Final residual = 4.2153182e-07, No Iterations 1
DILUPBiCGStab:  Solving for h, Initial residual = 6.6644406e-05, Final residual = 2.1613186e-07, No Iterations 1
Min/max T:139.8 507.29353
GAMG:  Solving for p_rgh, Initial residual = 3.7379943e-05, Final residual = 4.4170692e-07, No Iterations 100
time step continuity errors : sum local = 0.0037748794, global = -2.5463593e-05, cumulative = -2.5463593e-05
GAMG:  Solving for p_rgh, Initial residual = 1.1192382e-05, Final residual = 1.0630205e-07, No Iterations 70
time step continuity errors : sum local = 0.00090861556, global = -9.411317e-06, cumulative = -3.487491e-05
DILUPBiCGStab:  Solving for omega, Initial residual = 3.7608422e-06, Final residual = 1.5578226e-08, No Iterations 1
DILUPBiCGStab:  Solving for k, Initial residual = 4.7845389e-05, Final residual = 1.2242276e-07, No Iterations 1
ExecutionTime = 25.170332 s  ClockTime = 45 s

Region: fluid Courant Number mean: 6436.179 max: 10042.917
Region: solid Diffusion Number mean: 5397.6312 max: 53365.575
Time = 5110s


Solving for solid region solid
DICPCG:  Solving for e, Initial residual = 0.00018025035, Final residual = 2.470188e-06, No Iterations 2
Min/max T:362.22152 541.03226

Solving for fluid region fluid
DILUPBiCGStab:  Solving for Ux, Initial residual = 9.1488549e-05, Final residual = 3.0869862e-07, No Iterations 1
DILUPBiCGStab:  Solving for Uy, Initial residual = 0.00010552801, Final residual = 1.0766849e-06, No Iterations 1
DILUPBiCGStab:  Solving for Uz, Initial residual = 0.00010899833, Final residual = 4.2141501e-07, No Iterations 1
DILUPBiCGStab:  Solving for h, Initial residual = 6.6638938e-05, Final residual = 2.1611171e-07, No Iterations 1
Min/max T:139.8 507.31385
GAMG:  Solving for p_rgh, Initial residual = 3.755747e-05, Final residual = 4.4130928e-07, No Iterations 100
time step continuity errors : sum local = 0.0037717189, global = -2.5402405e-05, cumulative = -2.5402405e-05
GAMG:  Solving for p_rgh, Initial residual = 1.1243851e-05, Final residual = 1.0721029e-07, No Iterations 70
time step continuity errors : sum local = 0.0009164356, global = -9.3979569e-06, cumulative = -3.4800362e-05
DILUPBiCGStab:  Solving for omega, Initial residual = 3.7606752e-06, Final residual = 1.5577829e-08, No Iterations 1
DILUPBiCGStab:  Solving for k, Initial residual = 4.7844552e-05, Final residual = 1.2242163e-07, No Iterations 1
ExecutionTime = 25.352149 s  ClockTime = 46 s

Region: fluid Courant Number mean: 6436.3549 max: 10043.865
Region: solid Diffusion Number mean: 5397.6312 max: 53365.575
Time = 5111s


Solving for solid region solid
DICPCG:  Solving for e, Initial residual = 0.00018023135, Final residual = 2.4699247e-06, No Iterations 2
Min/max T:362.23851 541.05272

Solving for fluid region fluid
DILUPBiCGStab:  Solving for Ux, Initial residual = 9.1483433e-05, Final residual = 3.0867835e-07, No Iterations 1
DILUPBiCGStab:  Solving for Uy, Initial residual = 0.00010542912, Final residual = 1.0745971e-06, No Iterations 1
DILUPBiCGStab:  Solving for Uz, Initial residual = 0.00010898504, Final residual = 4.1922187e-07, No Iterations 1
DILUPBiCGStab:  Solving for h, Initial residual = 6.6633531e-05, Final residual = 2.1609239e-07, No Iterations 1
Min/max T:139.8 507.33417
GAMG:  Solving for p_rgh, Initial residual = 3.7484621e-05, Final residual = 4.3931809e-07, No Iterations 100
time step continuity errors : sum local = 0.0037549373, global = -2.545294e-05, cumulative = -2.545294e-05
GAMG:  Solving for p_rgh, Initial residual = 1.1212915e-05, Final residual = 1.0656324e-07, No Iterations 70
time step continuity errors : sum local = 0.00091096181, global = -9.3135834e-06, cumulative = -3.4766524e-05
DILUPBiCGStab:  Solving for omega, Initial residual = 3.7605763e-06, Final residual = 1.5577305e-08, No Iterations 1
DILUPBiCGStab:  Solving for k, Initial residual = 4.7843781e-05, Final residual = 1.2241954e-07, No Iterations 1
ExecutionTime = 25.538952 s  ClockTime = 46 s

Region: fluid Courant Number mean: 6436.5308 max: 10044.815
Region: solid Diffusion Number mean: 5397.6312 max: 53365.575
Time = 5112s


Solving for solid region solid
DICPCG:  Solving for e, Initial residual = 0.00018021235, Final residual = 2.4696616e-06, No Iterations 2
Min/max T:362.2555 541.07318

Solving for fluid region fluid
DILUPBiCGStab:  Solving for Ux, Initial residual = 9.147528e-05, Final residual = 3.0864644e-07, No Iterations 1
DILUPBiCGStab:  Solving for Uy, Initial residual = 0.00010546246, Final residual = 1.0736049e-06, No Iterations 1
DILUPBiCGStab:  Solving for Uz, Initial residual = 0.00010885445, Final residual = 4.1806513e-07, No Iterations 1
DILUPBiCGStab:  Solving for h, Initial residual = 6.6628165e-05, Final residual = 2.160734e-07, No Iterations 1
Min/max T:139.8 507.35448
GAMG:  Solving for p_rgh, Initial residual = 3.7648468e-05, Final residual = 4.4015986e-07, No Iterations 100
time step continuity errors : sum local = 0.0037623671, global = -2.5354392e-05, cumulative = -2.5354392e-05
GAMG:  Solving for p_rgh, Initial residual = 1.1266162e-05, Final residual = 1.0644518e-07, No Iterations 70
time step continuity errors : sum local = 0.0009100102, global = -9.3329635e-06, cumulative = -3.4687356e-05
DILUPBiCGStab:  Solving for omega, Initial residual = 3.7604576e-06, Final residual = 1.5576788e-08, No Iterations 1
DILUPBiCGStab:  Solving for k, Initial residual = 4.7843442e-05, Final residual = 1.2241848e-07, No Iterations 1
ExecutionTime = 25.709788 s  ClockTime = 46 s

Region: fluid Courant Number mean: 6436.7067 max: 10045.765
Region: solid Diffusion Number mean: 5397.6312 max: 53365.575
Time = 5113s


Solving for solid region solid
DICPCG:  Solving for e, Initial residual = 0.00018019335, Final residual = 2.4693985e-06, No Iterations 2
Min/max T:362.27249 541.09364

Solving for fluid region fluid
DILUPBiCGStab:  Solving for Ux, Initial residual = 9.1472575e-05, Final residual = 3.0863215e-07, No Iterations 1
DILUPBiCGStab:  Solving for Uy, Initial residual = 0.00010557789, Final residual = 1.07331e-06, No Iterations 1
DILUPBiCGStab:  Solving for Uz, Initial residual = 0.00010877168, Final residual = 4.1748723e-07, No Iterations 1
DILUPBiCGStab:  Solving for h, Initial residual = 6.6622822e-05, Final residual = 2.1605465e-07, No Iterations 1
Min/max T:139.8 507.37479
GAMG:  Solving for p_rgh, Initial residual = 3.7628457e-05, Final residual = 4.4091715e-07, No Iterations 100
time step continuity errors : sum local = 0.0037690782, global = -2.5486765e-05, cumulative = -2.5486765e-05
GAMG:  Solving for p_rgh, Initial residual = 1.126443e-05, Final residual = 1.0658616e-07, No Iterations 70
time step continuity errors : sum local = 0.00091127241, global = -9.3596408e-06, cumulative = -3.4846406e-05
DILUPBiCGStab:  Solving for omega, Initial residual = 3.7603439e-06, Final residual = 1.5576285e-08, No Iterations 1
DILUPBiCGStab:  Solving for k, Initial residual = 4.7843427e-05, Final residual = 1.2241776e-07, No Iterations 1
ExecutionTime = 25.898591 s  ClockTime = 46 s

Region: fluid Courant Number mean: 6436.8827 max: 10046.714
Region: solid Diffusion Number mean: 5397.6312 max: 53365.575
Time = 5114s


Solving for solid region solid
DICPCG:  Solving for e, Initial residual = 0.00018017435, Final residual = 2.4691354e-06, No Iterations 2
Min/max T:362.28948 541.1141

Solving for fluid region fluid
DILUPBiCGStab:  Solving for Ux, Initial residual = 9.1470624e-05, Final residual = 3.086181e-07, No Iterations 1
DILUPBiCGStab:  Solving for Uy, Initial residual = 0.00010574381, Final residual = 1.0740152e-06, No Iterations 1
DILUPBiCGStab:  Solving for Uz, Initial residual = 0.00010872218, Final residual = 4.1692659e-07, No Iterations 1
DILUPBiCGStab:  Solving for h, Initial residual = 6.6617527e-05, Final residual = 2.160364e-07, No Iterations 1
Min/max T:139.8 507.3951
GAMG:  Solving for p_rgh, Initial residual = 3.7470005e-05, Final residual = 4.4321579e-07, No Iterations 100
time step continuity errors : sum local = 0.0037889671, global = -2.5160537e-05, cumulative = -2.5160537e-05
GAMG:  Solving for p_rgh, Initial residual = 1.1230075e-05, Final residual = 1.0633371e-07, No Iterations 70
time step continuity errors : sum local = 0.00090917139, global = -9.3062742e-06, cumulative = -3.4466811e-05
DILUPBiCGStab:  Solving for omega, Initial residual = 3.7602464e-06, Final residual = 1.5575963e-08, No Iterations 1
DILUPBiCGStab:  Solving for k, Initial residual = 4.7842994e-05, Final residual = 1.2241624e-07, No Iterations 1
ExecutionTime = 26.073474 s  ClockTime = 46 s

Region: fluid Courant Number mean: 6437.0586 max: 10047.663
Region: solid Diffusion Number mean: 5397.6312 max: 53365.575
Time = 5115s


Solving for solid region solid
DICPCG:  Solving for e, Initial residual = 0.00018015535, Final residual = 2.4688723e-06, No Iterations 2
Min/max T:362.30646 541.13455

Solving for fluid region fluid
DILUPBiCGStab:  Solving for Ux, Initial residual = 9.146338e-05, Final residual = 3.0858844e-07, No Iterations 1
DILUPBiCGStab:  Solving for Uy, Initial residual = 0.00010580893, Final residual = 1.0743871e-06, No Iterations 1
DILUPBiCGStab:  Solving for Uz, Initial residual = 0.00010871398, Final residual = 4.1678569e-07, No Iterations 1
DILUPBiCGStab:  Solving for h, Initial residual = 6.6612302e-05, Final residual = 2.1601868e-07, No Iterations 1
Min/max T:139.8 507.41541
GAMG:  Solving for p_rgh, Initial residual = 3.767537e-05, Final residual = 4.4075076e-07, No Iterations 100
time step continuity errors : sum local = 0.0037681308, global = -2.514768e-05, cumulative = -2.514768e-05
GAMG:  Solving for p_rgh, Initial residual = 1.1270288e-05, Final residual = 1.0572147e-07, No Iterations 70
time step continuity errors : sum local = 0.00090399335, global = -9.2888875e-06, cumulative = -3.4436567e-05
DILUPBiCGStab:  Solving for omega, Initial residual = 3.7601528e-06, Final residual = 1.5575965e-08, No Iterations 1
DILUPBiCGStab:  Solving for k, Initial residual = 4.7842832e-05, Final residual = 1.2241527e-07, No Iterations 1
ExecutionTime = 26.290059 s  ClockTime = 47 s

Region: fluid Courant Number mean: 6437.2346 max: 10048.613
Region: solid Diffusion Number mean: 5397.6312 max: 53365.575
Time = 5116s


Solving for solid region solid
DICPCG:  Solving for e, Initial residual = 0.00018013635, Final residual = 2.4686092e-06, No Iterations 2
Min/max T:362.32344 541.155

Solving for fluid region fluid
DILUPBiCGStab:  Solving for Ux, Initial residual = 9.1460297e-05, Final residual = 3.0857165e-07, No Iterations 1
DILUPBiCGStab:  Solving for Uy, Initial residual = 0.00010550462, Final residual = 1.072005e-06, No Iterations 1
DILUPBiCGStab:  Solving for Uz, Initial residual = 0.00010873969, Final residual = 4.1591081e-07, No Iterations 1
DILUPBiCGStab:  Solving for h, Initial residual = 6.6607131e-05, Final residual = 2.1600172e-07, No Iterations 1
Min/max T:139.8 507.43572
GAMG:  Solving for p_rgh, Initial residual = 3.7899918e-05, Final residual = 4.4040969e-07, No Iterations 100
time step continuity errors : sum local = 0.0037654528, global = -2.4773877e-05, cumulative = -2.4773877e-05
GAMG:  Solving for p_rgh, Initial residual = 1.1339836e-05, Final residual = 1.0509091e-07, No Iterations 70
time step continuity errors : sum local = 0.00089865821, global = -9.2255252e-06, cumulative = -3.3999402e-05
DILUPBiCGStab:  Solving for omega, Initial residual = 3.7601182e-06, Final residual = 1.5575946e-08, No Iterations 1
DILUPBiCGStab:  Solving for k, Initial residual = 4.7842145e-05, Final residual = 1.2241373e-07, No Iterations 1
ExecutionTime = 26.489183 s  ClockTime = 47 s

Region: fluid Courant Number mean: 6437.4106 max: 10049.562
Region: solid Diffusion Number mean: 5397.6312 max: 53365.575
Time = 5117s


Solving for solid region solid
DICPCG:  Solving for e, Initial residual = 0.00018011735, Final residual = 2.4683461e-06, No Iterations 2
Min/max T:362.34041 541.17545

Solving for fluid region fluid
DILUPBiCGStab:  Solving for Ux, Initial residual = 9.1450132e-05, Final residual = 3.0853553e-07, No Iterations 1
DILUPBiCGStab:  Solving for Uy, Initial residual = 0.0001046261, Final residual = 1.0602408e-06, No Iterations 1
DILUPBiCGStab:  Solving for Uz, Initial residual = 0.00010871597, Final residual = 4.139165e-07, No Iterations 1
DILUPBiCGStab:  Solving for h, Initial residual = 6.660201e-05, Final residual = 2.1598522e-07, No Iterations 1
Min/max T:139.8 507.45602
GAMG:  Solving for p_rgh, Initial residual = 3.7715378e-05, Final residual = 4.4298981e-07, No Iterations 100
time step continuity errors : sum local = 0.0037877477, global = -2.5724892e-05, cumulative = -2.5724892e-05
GAMG:  Solving for p_rgh, Initial residual = 1.1295349e-05, Final residual = 1.0779506e-07, No Iterations 70
time step continuity errors : sum local = 0.00092184, global = -9.491462e-06, cumulative = -3.5216354e-05
DILUPBiCGStab:  Solving for omega, Initial residual = 3.7600371e-06, Final residual = 1.5575751e-08, No Iterations 1
DILUPBiCGStab:  Solving for k, Initial residual = 4.7841702e-05, Final residual = 1.2241239e-07, No Iterations 1
ExecutionTime = 26.696733 s  ClockTime = 47 s

Region: fluid Courant Number mean: 6437.5866 max: 10050.51
Region: solid Diffusion Number mean: 5397.6312 max: 53365.575
Time = 5118s


Solving for solid region solid
DICPCG:  Solving for e, Initial residual = 0.00018009835, Final residual = 2.468083e-06, No Iterations 2
Min/max T:362.35739 541.1959

Solving for fluid region fluid
DILUPBiCGStab:  Solving for Ux, Initial residual = 9.144742e-05, Final residual = 3.0852418e-07, No Iterations 1
DILUPBiCGStab:  Solving for Uy, Initial residual = 0.000104735, Final residual = 1.0600546e-06, No Iterations 1
DILUPBiCGStab:  Solving for Uz, Initial residual = 0.00010868836, Final residual = 4.1276112e-07, No Iterations 1
DILUPBiCGStab:  Solving for h, Initial residual = 6.6596922e-05, Final residual = 2.1597023e-07, No Iterations 1
Min/max T:139.8 507.47632
GAMG:  Solving for p_rgh, Initial residual = 3.779617e-05, Final residual = 4.4438164e-07, No Iterations 100
time step continuity errors : sum local = 0.003799888, global = -2.5834319e-05, cumulative = -2.5834319e-05
GAMG:  Solving for p_rgh, Initial residual = 1.1304105e-05, Final residual = 1.098713e-07, No Iterations 70
time step continuity errors : sum local = 0.00093965406, global = -9.5790467e-06, cumulative = -3.5413365e-05
DILUPBiCGStab:  Solving for omega, Initial residual = 3.7599485e-06, Final residual = 1.5575968e-08, No Iterations 1
DILUPBiCGStab:  Solving for k, Initial residual = 4.7841604e-05, Final residual = 1.2241257e-07, No Iterations 1
ExecutionTime = 26.900719 s  ClockTime = 47 s

Region: fluid Courant Number mean: 6437.7626 max: 10051.456
Region: solid Diffusion Number mean: 5397.6312 max: 53365.575
Time = 5119s


Solving for solid region solid
DICPCG:  Solving for e, Initial residual = 0.00018007935, Final residual = 2.4678199e-06, No Iterations 2
Min/max T:362.37436 541.21635

Solving for fluid region fluid
DILUPBiCGStab:  Solving for Ux, Initial residual = 9.1448256e-05, Final residual = 3.0852405e-07, No Iterations 1
DILUPBiCGStab:  Solving for Uy, Initial residual = 0.00010479175, Final residual = 1.0589567e-06, No Iterations 1
DILUPBiCGStab:  Solving for Uz, Initial residual = 0.00010860817, Final residual = 4.1154383e-07, No Iterations 1
DILUPBiCGStab:  Solving for h, Initial residual = 6.6591865e-05, Final residual = 2.15958e-07, No Iterations 1
Min/max T:139.8 507.49662
GAMG:  Solving for p_rgh, Initial residual = 3.7775239e-05, Final residual = 4.4100787e-07, No Iterations 100
time step continuity errors : sum local = 0.0037712789, global = -2.5711127e-05, cumulative = -2.5711127e-05
GAMG:  Solving for p_rgh, Initial residual = 1.1287972e-05, Final residual = 1.0719136e-07, No Iterations 70
time step continuity errors : sum local = 0.00091679316, global = -9.5115515e-06, cumulative = -3.5222678e-05
DILUPBiCGStab:  Solving for omega, Initial residual = 3.7599847e-06, Final residual = 1.5575877e-08, No Iterations 1
DILUPBiCGStab:  Solving for k, Initial residual = 4.7841225e-05, Final residual = 1.2241228e-07, No Iterations 1
ExecutionTime = 27.066755 s  ClockTime = 47 s

Region: fluid Courant Number mean: 6437.9385 max: 10052.403
Region: solid Diffusion Number mean: 5397.6312 max: 53365.575
Time = 5120s


Solving for solid region solid
DICPCG:  Solving for e, Initial residual = 0.00018006035, Final residual = 2.4675567e-06, No Iterations 2
Min/max T:362.39133 541.23679

Solving for fluid region fluid
DILUPBiCGStab:  Solving for Ux, Initial residual = 9.1439961e-05, Final residual = 3.08486e-07, No Iterations 1
DILUPBiCGStab:  Solving for Uy, Initial residual = 0.00010466366, Final residual = 1.0622539e-06, No Iterations 1
DILUPBiCGStab:  Solving for Uz, Initial residual = 0.00010822423, Final residual = 4.1202062e-07, No Iterations 1
DILUPBiCGStab:  Solving for h, Initial residual = 6.6586726e-05, Final residual = 2.1594506e-07, No Iterations 1
Min/max T:139.8 507.51692
GAMG:  Solving for p_rgh, Initial residual = 3.7483549e-05, Final residual = 4.3673529e-07, No Iterations 100
time step continuity errors : sum local = 0.0037349788, global = -2.4873454e-05, cumulative = -2.4873454e-05
GAMG:  Solving for p_rgh, Initial residual = 1.1225146e-05, Final residual = 1.0443733e-07, No Iterations 70
time step continuity errors : sum local = 0.00089329318, global = -9.1512242e-06, cumulative = -3.4024678e-05
DILUPBiCGStab:  Solving for omega, Initial residual = 3.7600331e-06, Final residual = 1.5575914e-08, No Iterations 1
DILUPBiCGStab:  Solving for k, Initial residual = 4.7840094e-05, Final residual = 1.2241058e-07, No Iterations 1
ExecutionTime = 27.341912 s  ClockTime = 48 s

Region: fluid Courant Number mean: 6438.1145 max: 10053.353
Region: solid Diffusion Number mean: 5397.6312 max: 53365.575
Time = 5121s


Solving for solid region solid
DICPCG:  Solving for e, Initial residual = 0.00018004135, Final residual = 2.4672937e-06, No Iterations 2
Min/max T:362.4083 541.25723

Solving for fluid region fluid
DILUPBiCGStab:  Solving for Ux, Initial residual = 9.142534e-05, Final residual = 3.084307e-07, No Iterations 1
DILUPBiCGStab:  Solving for Uy, Initial residual = 0.00010510893, Final residual = 1.0734401e-06, No Iterations 1
DILUPBiCGStab:  Solving for Uz, Initial residual = 0.00010808932, Final residual = 4.1232715e-07, No Iterations 1
DILUPBiCGStab:  Solving for h, Initial residual = 6.6581625e-05, Final residual = 2.1593192e-07, No Iterations 1
Min/max T:139.8 507.53721
GAMG:  Solving for p_rgh, Initial residual = 3.7221478e-05, Final residual = 4.3883228e-07, No Iterations 100
time step continuity errors : sum local = 0.0037531453, global = -2.5335012e-05, cumulative = -2.5335012e-05
GAMG:  Solving for p_rgh, Initial residual = 1.1148604e-05, Final residual = 1.056846e-07, No Iterations 70
time step continuity errors : sum local = 0.00090401832, global = -9.3488956e-06, cumulative = -3.4683908e-05
DILUPBiCGStab:  Solving for omega, Initial residual = 3.7600584e-06, Final residual = 1.5575941e-08, No Iterations 1
DILUPBiCGStab:  Solving for k, Initial residual = 4.7839357e-05, Final residual = 1.2240943e-07, No Iterations 1
ExecutionTime = 27.542125 s  ClockTime = 48 s

Region: fluid Courant Number mean: 6438.2905 max: 10054.301
Region: solid Diffusion Number mean: 5397.6312 max: 53365.575
Time = 5122s


Solving for solid region solid
DICPCG:  Solving for e, Initial residual = 0.00018002236, Final residual = 2.4670307e-06, No Iterations 2
Min/max T:362.42526 541.27767

Solving for fluid region fluid
DILUPBiCGStab:  Solving for Ux, Initial residual = 9.1421883e-05, Final residual = 3.0841497e-07, No Iterations 1
DILUPBiCGStab:  Solving for Uy, Initial residual = 0.00010520393, Final residual = 1.0762831e-06, No Iterations 1
DILUPBiCGStab:  Solving for Uz, Initial residual = 0.00010815216, Final residual = 4.1165291e-07, No Iterations 1
DILUPBiCGStab:  Solving for h, Initial residual = 6.6576595e-05, Final residual = 2.1591785e-07, No Iterations 1
Min/max T:139.8 507.55751
GAMG:  Solving for p_rgh, Initial residual = 3.7088167e-05, Final residual = 4.39136e-07, No Iterations 100
time step continuity errors : sum local = 0.0037559801, global = -2.5498774e-05, cumulative = -2.5498774e-05
GAMG:  Solving for p_rgh, Initial residual = 1.1102495e-05, Final residual = 1.0613954e-07, No Iterations 70
time step continuity errors : sum local = 0.00090796847, global = -9.3447156e-06, cumulative = -3.4843489e-05
DILUPBiCGStab:  Solving for omega, Initial residual = 3.7600683e-06, Final residual = 1.5575896e-08, No Iterations 1
DILUPBiCGStab:  Solving for k, Initial residual = 4.7838373e-05, Final residual = 1.2240726e-07, No Iterations 1
ExecutionTime = 27.726859 s  ClockTime = 48 s

Region: fluid Courant Number mean: 6438.4665 max: 10055.25
Region: solid Diffusion Number mean: 5397.6312 max: 53365.575
Time = 5123s


Solving for solid region solid
DICPCG:  Solving for e, Initial residual = 0.00018000336, Final residual = 2.4667676e-06, No Iterations 2
Min/max T:362.44222 541.29811

Solving for fluid region fluid
DILUPBiCGStab:  Solving for Ux, Initial residual = 9.1416151e-05, Final residual = 3.0839232e-07, No Iterations 1
DILUPBiCGStab:  Solving for Uy, Initial residual = 0.00010536255, Final residual = 1.0778136e-06, No Iterations 1
DILUPBiCGStab:  Solving for Uz, Initial residual = 0.00010819799, Final residual = 4.1082308e-07, No Iterations 1
DILUPBiCGStab:  Solving for h, Initial residual = 6.6571649e-05, Final residual = 2.159046e-07, No Iterations 1
Min/max T:139.8 507.5778
GAMG:  Solving for p_rgh, Initial residual = 3.7183517e-05, Final residual = 4.4348451e-07, No Iterations 100
time step continuity errors : sum local = 0.0037934137, global = -2.5786616e-05, cumulative = -2.5786616e-05
GAMG:  Solving for p_rgh, Initial residual = 1.1114719e-05, Final residual = 1.0778918e-07, No Iterations 70
time step continuity errors : sum local = 0.00092213871, global = -9.4567649e-06, cumulative = -3.5243381e-05
DILUPBiCGStab:  Solving for omega, Initial residual = 3.7600555e-06, Final residual = 1.5575679e-08, No Iterations 1
DILUPBiCGStab:  Solving for k, Initial residual = 4.7837941e-05, Final residual = 1.224058e-07, No Iterations 1
ExecutionTime = 27.898648 s  ClockTime = 48 s

Region: fluid Courant Number mean: 6438.6426 max: 10056.199
Region: solid Diffusion Number mean: 5397.6312 max: 53365.575
Time = 5124s


Solving for solid region solid
DICPCG:  Solving for e, Initial residual = 0.00017998437, Final residual = 2.4665046e-06, No Iterations 2
Min/max T:362.45918 541.31855

Solving for fluid region fluid
DILUPBiCGStab:  Solving for Ux, Initial residual = 9.1414384e-05, Final residual = 3.0838248e-07, No Iterations 1
DILUPBiCGStab:  Solving for Uy, Initial residual = 0.00010559064, Final residual = 1.0806078e-06, No Iterations 1
DILUPBiCGStab:  Solving for Uz, Initial residual = 0.00010820298, Final residual = 4.103321e-07, No Iterations 1
DILUPBiCGStab:  Solving for h, Initial residual = 6.656673e-05, Final residual = 2.158922e-07, No Iterations 1
Min/max T:139.8 507.59809
GAMG:  Solving for p_rgh, Initial residual = 3.7200752e-05, Final residual = 4.3731963e-07, No Iterations 100
time step continuity errors : sum local = 0.0037409191, global = -2.54532e-05, cumulative = -2.54532e-05
GAMG:  Solving for p_rgh, Initial residual = 1.1129643e-05, Final residual = 1.0566705e-07, No Iterations 70
time step continuity errors : sum local = 0.00090404114, global = -9.3224714e-06, cumulative = -3.4775671e-05
DILUPBiCGStab:  Solving for omega, Initial residual = 3.7600413e-06, Final residual = 1.5575474e-08, No Iterations 1
DILUPBiCGStab:  Solving for k, Initial residual = 4.7837069e-05, Final residual = 1.2240342e-07, No Iterations 1
ExecutionTime = 28.069989 s  ClockTime = 49 s

Region: fluid Courant Number mean: 6438.8186 max: 10057.149
Region: solid Diffusion Number mean: 5397.6312 max: 53365.575
Time = 5125s


Solving for solid region solid
DICPCG:  Solving for e, Initial residual = 0.00017996537, Final residual = 2.4662416e-06, No Iterations 2
Min/max T:362.47614 541.33898

Solving for fluid region fluid
DILUPBiCGStab:  Solving for Ux, Initial residual = 9.1405529e-05, Final residual = 3.0835112e-07, No Iterations 1
DILUPBiCGStab:  Solving for Uy, Initial residual = 0.00010588613, Final residual = 1.08444e-06, No Iterations 1
DILUPBiCGStab:  Solving for Uz, Initial residual = 0.0001081945, Final residual = 4.1319149e-07, No Iterations 1
DILUPBiCGStab:  Solving for h, Initial residual = 6.6561854e-05, Final residual = 2.158786e-07, No Iterations 1
Min/max T:139.8 507.61838
GAMG:  Solving for p_rgh, Initial residual = 3.7318122e-05, Final residual = 4.3847126e-07, No Iterations 100
time step continuity errors : sum local = 0.0037510072, global = -2.5115824e-05, cumulative = -2.5115824e-05
GAMG:  Solving for p_rgh, Initial residual = 1.116059e-05, Final residual = 1.0547821e-07, No Iterations 70
time step continuity errors : sum local = 0.00090248279, global = -9.3057874e-06, cumulative = -3.4421611e-05
DILUPBiCGStab:  Solving for omega, Initial residual = 3.760013e-06, Final residual = 1.5575252e-08, No Iterations 1
DILUPBiCGStab:  Solving for k, Initial residual = 4.7836351e-05, Final residual = 1.224015e-07, No Iterations 1
ExecutionTime = 28.295273 s  ClockTime = 49 s

Region: fluid Courant Number mean: 6438.9947 max: 10058.099
Region: solid Diffusion Number mean: 5397.6312 max: 53365.575
Time = 5126s


Solving for solid region solid
DICPCG:  Solving for e, Initial residual = 0.00017994638, Final residual = 2.4659787e-06, No Iterations 2
Min/max T:362.4931 541.35941

Solving for fluid region fluid
DILUPBiCGStab:  Solving for Ux, Initial residual = 9.1398718e-05, Final residual = 3.0832811e-07, No Iterations 1
DILUPBiCGStab:  Solving for Uy, Initial residual = 0.00010606207, Final residual = 1.0886866e-06, No Iterations 1
DILUPBiCGStab:  Solving for Uz, Initial residual = 0.00010819094, Final residual = 4.1632378e-07, No Iterations 1
DILUPBiCGStab:  Solving for h, Initial residual = 6.6556964e-05, Final residual = 2.1586325e-07, No Iterations 1
Min/max T:139.8 507.63866
GAMG:  Solving for p_rgh, Initial residual = 3.7569342e-05, Final residual = 4.400343e-07, No Iterations 100
time step continuity errors : sum local = 0.0037646171, global = -2.5007843e-05, cumulative = -2.5007843e-05
GAMG:  Solving for p_rgh, Initial residual = 1.1259054e-05, Final residual = 1.053648e-07, No Iterations 70
time step continuity errors : sum local = 0.0009015671, global = -8.8361897e-06, cumulative = -3.3844032e-05
DILUPBiCGStab:  Solving for omega, Initial residual = 3.7600541e-06, Final residual = 1.5575258e-08, No Iterations 1
DILUPBiCGStab:  Solving for k, Initial residual = 4.7834436e-05, Final residual = 1.2239955e-07, No Iterations 1
ExecutionTime = 28.504927 s  ClockTime = 49 s

Region: fluid Courant Number mean: 6439.1708 max: 10059.07
Region: solid Diffusion Number mean: 5397.6312 max: 53365.575
Time = 5127s


Solving for solid region solid
DICPCG:  Solving for e, Initial residual = 0.00017992738, Final residual = 2.4657158e-06, No Iterations 2
Min/max T:362.51005 541.37984

Solving for fluid region fluid
DILUPBiCGStab:  Solving for Ux, Initial residual = 9.1379118e-05, Final residual = 3.0827434e-07, No Iterations 1
DILUPBiCGStab:  Solving for Uy, Initial residual = 0.00010522426, Final residual = 1.0686879e-06, No Iterations 1
DILUPBiCGStab:  Solving for Uz, Initial residual = 0.00010802039, Final residual = 4.1321024e-07, No Iterations 1
DILUPBiCGStab:  Solving for h, Initial residual = 6.6552039e-05, Final residual = 2.1584753e-07, No Iterations 1
Min/max T:139.8 507.65895
GAMG:  Solving for p_rgh, Initial residual = 3.7344789e-05, Final residual = 4.4145911e-07, No Iterations 100
time step continuity errors : sum local = 0.0037770357, global = -2.5126178e-05, cumulative = -2.5126178e-05
GAMG:  Solving for p_rgh, Initial residual = 1.1207555e-05, Final residual = 1.0685021e-07, No Iterations 70
time step continuity errors : sum local = 0.00091433365, global = -9.2666366e-06, cumulative = -3.4392815e-05
DILUPBiCGStab:  Solving for omega, Initial residual = 3.7601033e-06, Final residual = 1.5574192e-08, No Iterations 1
DILUPBiCGStab:  Solving for k, Initial residual = 4.7832789e-05, Final residual = 1.2239653e-07, No Iterations 1
ExecutionTime = 28.711362 s  ClockTime = 49 s

Region: fluid Courant Number mean: 6439.3468 max: 10060.049
Region: solid Diffusion Number mean: 5397.6312 max: 53365.575
Time = 5128s


Solving for solid region solid
DICPCG:  Solving for e, Initial residual = 0.0001799084, Final residual = 2.4654531e-06, No Iterations 2
Min/max T:362.527 541.40027

Solving for fluid region fluid
DILUPBiCGStab:  Solving for Ux, Initial residual = 9.1367174e-05, Final residual = 3.08238e-07, No Iterations 1
DILUPBiCGStab:  Solving for Uy, Initial residual = 0.00010412063, Final residual = 1.0516305e-06, No Iterations 1
DILUPBiCGStab:  Solving for Uz, Initial residual = 0.00010808217, Final residual = 4.1260919e-07, No Iterations 1
DILUPBiCGStab:  Solving for h, Initial residual = 6.6547011e-05, Final residual = 2.1583231e-07, No Iterations 1
Min/max T:139.8 507.67923
GAMG:  Solving for p_rgh, Initial residual = 3.7175709e-05, Final residual = 4.4397766e-07, No Iterations 100
time step continuity errors : sum local = 0.0037988193, global = -2.5974963e-05, cumulative = -2.5974963e-05
GAMG:  Solving for p_rgh, Initial residual = 1.1122016e-05, Final residual = 1.0779196e-07, No Iterations 70
time step continuity errors : sum local = 0.00092245042, global = -9.6305443e-06, cumulative = -3.5605508e-05
DILUPBiCGStab:  Solving for omega, Initial residual = 3.7598797e-06, Final residual = 1.5573546e-08, No Iterations 1
DILUPBiCGStab:  Solving for k, Initial residual = 4.7831698e-05, Final residual = 1.2239387e-07, No Iterations 1
ExecutionTime = 28.891165 s  ClockTime = 50 s

Region: fluid Courant Number mean: 6439.5228 max: 10060.995
Region: solid Diffusion Number mean: 5397.6312 max: 53365.575
Time = 5129s


Solving for solid region solid
DICPCG:  Solving for e, Initial residual = 0.00017988941, Final residual = 2.4651903e-06, No Iterations 2
Min/max T:362.54394 541.4207

Solving for fluid region fluid
DILUPBiCGStab:  Solving for Ux, Initial residual = 9.1366499e-05, Final residual = 3.0822853e-07, No Iterations 1
DILUPBiCGStab:  Solving for Uy, Initial residual = 0.00010322096, Final residual = 1.0472241e-06, No Iterations 1
DILUPBiCGStab:  Solving for Uz, Initial residual = 0.00010784786, Final residual = 4.1368875e-07, No Iterations 1
DILUPBiCGStab:  Solving for h, Initial residual = 6.6541625e-05, Final residual = 2.1581857e-07, No Iterations 1
Min/max T:139.8 507.69951
GAMG:  Solving for p_rgh, Initial residual = 3.7287955e-05, Final residual = 4.4130409e-07, No Iterations 100
time step continuity errors : sum local = 0.0037761847, global = -2.5649373e-05, cumulative = -2.5649373e-05
GAMG:  Solving for p_rgh, Initial residual = 1.1162398e-05, Final residual = 1.059746e-07, No Iterations 70
time step continuity errors : sum local = 0.00090695781, global = -9.3534097e-06, cumulative = -3.5002783e-05
DILUPBiCGStab:  Solving for omega, Initial residual = 3.7596863e-06, Final residual = 1.5572833e-08, No Iterations 1
DILUPBiCGStab:  Solving for k, Initial residual = 4.783085e-05, Final residual = 1.2239178e-07, No Iterations 1
ExecutionTime = 29.100457 s  ClockTime = 50 s

Region: fluid Courant Number mean: 6439.6989 max: 10061.949
Region: solid Diffusion Number mean: 5397.6312 max: 53365.575
Time = 5130s


Solving for solid region solid
DICPCG:  Solving for e, Initial residual = 0.00017987042, Final residual = 2.4649274e-06, No Iterations 2
Min/max T:362.56089 541.44112

Solving for fluid region fluid
DILUPBiCGStab:  Solving for Ux, Initial residual = 9.1365311e-05, Final residual = 3.0821806e-07, No Iterations 1
DILUPBiCGStab:  Solving for Uy, Initial residual = 0.00010294765, Final residual = 1.0479241e-06, No Iterations 1
DILUPBiCGStab:  Solving for Uz, Initial residual = 0.00010775672, Final residual = 4.1309624e-07, No Iterations 1
DILUPBiCGStab:  Solving for h, Initial residual = 6.6536328e-05, Final residual = 2.1580652e-07, No Iterations 1
Min/max T:139.8 507.71979
GAMG:  Solving for p_rgh, Initial residual = 3.7080077e-05, Final residual = 4.4036124e-07, No Iterations 100
time step continuity errors : sum local = 0.0037683574, global = -2.5344091e-05, cumulative = -2.5344091e-05
GAMG:  Solving for p_rgh, Initial residual = 1.1107544e-05, Final residual = 1.0527122e-07, No Iterations 70
time step continuity errors : sum local = 0.00090099315, global = -9.2328998e-06, cumulative = -3.4576991e-05
DILUPBiCGStab:  Solving for omega, Initial residual = 3.7595424e-06, Final residual = 1.557217e-08, No Iterations 1
DILUPBiCGStab:  Solving for k, Initial residual = 4.7830167e-05, Final residual = 1.2238983e-07, No Iterations 1
ExecutionTime = 29.313007 s  ClockTime = 50 s

Region: fluid Courant Number mean: 6439.8749 max: 10062.903
Region: solid Diffusion Number mean: 5397.6312 max: 53365.575
Time = 5131s


Solving for solid region solid
DICPCG:  Solving for e, Initial residual = 0.00017985143, Final residual = 2.4646645e-06, No Iterations 2
Min/max T:362.57783 541.46154

Solving for fluid region fluid
DILUPBiCGStab:  Solving for Ux, Initial residual = 9.135972e-05, Final residual = 3.0819782e-07, No Iterations 1
DILUPBiCGStab:  Solving for Uy, Initial residual = 0.00010302097, Final residual = 1.0488109e-06, No Iterations 1
DILUPBiCGStab:  Solving for Uz, Initial residual = 0.00010780292, Final residual = 4.1373189e-07, No Iterations 1
DILUPBiCGStab:  Solving for h, Initial residual = 6.6531085e-05, Final residual = 2.1579584e-07, No Iterations 1
Min/max T:139.8 507.74007
GAMG:  Solving for p_rgh, Initial residual = 3.7055855e-05, Final residual = 4.4065041e-07, No Iterations 100
time step continuity errors : sum local = 0.0037710704, global = -2.5396932e-05, cumulative = -2.5396932e-05
GAMG:  Solving for p_rgh, Initial residual = 1.1098547e-05, Final residual = 1.0600531e-07, No Iterations 70
time step continuity errors : sum local = 0.00090733352, global = -9.2599147e-06, cumulative = -3.4656846e-05
DILUPBiCGStab:  Solving for omega, Initial residual = 3.7594023e-06, Final residual = 1.5571527e-08, No Iterations 1
DILUPBiCGStab:  Solving for k, Initial residual = 4.7829715e-05, Final residual = 1.223882e-07, No Iterations 1
ExecutionTime = 29.480934 s  ClockTime = 50 s

Region: fluid Courant Number mean: 6440.051 max: 10063.858
Region: solid Diffusion Number mean: 5397.6312 max: 53365.575
Time = 5132s


Solving for solid region solid
DICPCG:  Solving for e, Initial residual = 0.00017983244, Final residual = 2.4644017e-06, No Iterations 2
Min/max T:362.59477 541.48196

Solving for fluid region fluid
DILUPBiCGStab:  Solving for Ux, Initial residual = 9.1354181e-05, Final residual = 3.08179e-07, No Iterations 1
DILUPBiCGStab:  Solving for Uy, Initial residual = 0.00010316102, Final residual = 1.0496999e-06, No Iterations 1
DILUPBiCGStab:  Solving for Uz, Initial residual = 0.00010783957, Final residual = 4.1497052e-07, No Iterations 1
DILUPBiCGStab:  Solving for h, Initial residual = 6.6525817e-05, Final residual = 2.1578348e-07, No Iterations 1
Min/max T:139.8 507.76034
GAMG:  Solving for p_rgh, Initial residual = 3.7087066e-05, Final residual = 4.4126761e-07, No Iterations 100
time step continuity errors : sum local = 0.003776593, global = -2.5251221e-05, cumulative = -2.5251221e-05
GAMG:  Solving for p_rgh, Initial residual = 1.1123145e-05, Final residual = 1.0542967e-07, No Iterations 70
time step continuity errors : sum local = 0.00090246377, global = -9.2681438e-06, cumulative = -3.4519365e-05
DILUPBiCGStab:  Solving for omega, Initial residual = 3.7592782e-06, Final residual = 1.5570946e-08, No Iterations 1
DILUPBiCGStab:  Solving for k, Initial residual = 4.7829285e-05, Final residual = 1.2238673e-07, No Iterations 1
ExecutionTime = 29.639962 s  ClockTime = 50 s

Region: fluid Courant Number mean: 6440.2271 max: 10064.813
Region: solid Diffusion Number mean: 5397.6312 max: 53365.575
Time = 5133s


Solving for solid region solid
DICPCG:  Solving for e, Initial residual = 0.00017981346, Final residual = 2.4641389e-06, No Iterations 2
Min/max T:362.61171 541.50238

Solving for fluid region fluid
DILUPBiCGStab:  Solving for Ux, Initial residual = 9.1347955e-05, Final residual = 3.0815697e-07, No Iterations 1
DILUPBiCGStab:  Solving for Uy, Initial residual = 0.00010314678, Final residual = 1.0482608e-06, No Iterations 1
DILUPBiCGStab:  Solving for Uz, Initial residual = 0.00010785756, Final residual = 4.1521518e-07, No Iterations 1
DILUPBiCGStab:  Solving for h, Initial residual = 6.6520546e-05, Final residual = 2.1576778e-07, No Iterations 1
Min/max T:139.8 507.78061
GAMG:  Solving for p_rgh, Initial residual = 3.7251897e-05, Final residual = 4.3897106e-07, No Iterations 100
time step continuity errors : sum local = 0.0037571753, global = -2.5553575e-05, cumulative = -2.5553575e-05
GAMG:  Solving for p_rgh, Initial residual = 1.1167379e-05, Final residual = 1.0550215e-07, No Iterations 70
time step continuity errors : sum local = 0.0009031416, global = -9.2848557e-06, cumulative = -3.4838431e-05
DILUPBiCGStab:  Solving for omega, Initial residual = 3.7591657e-06, Final residual = 1.5570405e-08, No Iterations 1
DILUPBiCGStab:  Solving for k, Initial residual = 4.7829012e-05, Final residual = 1.2238556e-07, No Iterations 1
ExecutionTime = 29.828585 s  ClockTime = 51 s

Region: fluid Courant Number mean: 6440.4033 max: 10065.767
Region: solid Diffusion Number mean: 5397.6312 max: 53365.575
Time = 5134s


Solving for solid region solid
DICPCG:  Solving for e, Initial residual = 0.00017979448, Final residual = 2.4638761e-06, No Iterations 2
Min/max T:362.62864 541.5228

Solving for fluid region fluid
DILUPBiCGStab:  Solving for Ux, Initial residual = 9.1343611e-05, Final residual = 3.0814058e-07, No Iterations 1
DILUPBiCGStab:  Solving for Uy, Initial residual = 0.00010308861, Final residual = 1.0468539e-06, No Iterations 1
DILUPBiCGStab:  Solving for Uz, Initial residual = 0.00010786761, Final residual = 4.1544976e-07, No Iterations 1
DILUPBiCGStab:  Solving for h, Initial residual = 6.6515274e-05, Final residual = 2.1575183e-07, No Iterations 1
Min/max T:139.8 507.80088
GAMG:  Solving for p_rgh, Initial residual = 3.7526473e-05, Final residual = 4.4253954e-07, No Iterations 100
time step continuity errors : sum local = 0.0037879594, global = -2.5454076e-05, cumulative = -2.5454076e-05
GAMG:  Solving for p_rgh, Initial residual = 1.1248754e-05, Final residual = 1.0603303e-07, No Iterations 70
time step continuity errors : sum local = 0.00090774516, global = -9.3695137e-06, cumulative = -3.482359e-05
DILUPBiCGStab:  Solving for omega, Initial residual = 3.7590595e-06, Final residual = 1.5569832e-08, No Iterations 1
DILUPBiCGStab:  Solving for k, Initial residual = 4.7828859e-05, Final residual = 1.2238438e-07, No Iterations 1
ExecutionTime = 30.042557 s  ClockTime = 51 s

Region: fluid Courant Number mean: 6440.5794 max: 10066.722
Region: solid Diffusion Number mean: 5397.6312 max: 53365.575
Time = 5135s


Solving for solid region solid
DICPCG:  Solving for e, Initial residual = 0.00017977549, Final residual = 2.4636132e-06, No Iterations 2
Min/max T:362.64558 541.54321

Solving for fluid region fluid
DILUPBiCGStab:  Solving for Ux, Initial residual = 9.1341277e-05, Final residual = 3.081305e-07, No Iterations 1
DILUPBiCGStab:  Solving for Uy, Initial residual = 0.0001031283, Final residual = 1.0465536e-06, No Iterations 1
DILUPBiCGStab:  Solving for Uz, Initial residual = 0.00010787565, Final residual = 4.1626461e-07, No Iterations 1
DILUPBiCGStab:  Solving for h, Initial residual = 6.6510025e-05, Final residual = 2.1573626e-07, No Iterations 1
Min/max T:139.8 507.82115
GAMG:  Solving for p_rgh, Initial residual = 3.7519115e-05, Final residual = 4.4217984e-07, No Iterations 100
time step continuity errors : sum local = 0.003785123, global = -2.5206795e-05, cumulative = -2.5206795e-05
GAMG:  Solving for p_rgh, Initial residual = 1.1261622e-05, Final residual = 1.0599911e-07, No Iterations 70
time step continuity errors : sum local = 0.00090751273, global = -9.2940074e-06, cumulative = -3.4500802e-05
DILUPBiCGStab:  Solving for omega, Initial residual = 3.7589648e-06, Final residual = 1.5569262e-08, No Iterations 1
DILUPBiCGStab:  Solving for k, Initial residual = 4.7828553e-05, Final residual = 1.2238302e-07, No Iterations 1
ExecutionTime = 30.261248 s  ClockTime = 51 s

Region: fluid Courant Number mean: 6440.7556 max: 10067.677
Region: solid Diffusion Number mean: 5397.6312 max: 53365.575
Time = 5136s


Solving for solid region solid
DICPCG:  Solving for e, Initial residual = 0.00017975651, Final residual = 2.4633504e-06, No Iterations 2
Min/max T:362.66251 541.56362

Solving for fluid region fluid
DILUPBiCGStab:  Solving for Ux, Initial residual = 9.1335519e-05, Final residual = 3.0810938e-07, No Iterations 1
DILUPBiCGStab:  Solving for Uy, Initial residual = 0.00010337068, Final residual = 1.0485803e-06, No Iterations 1
DILUPBiCGStab:  Solving for Uz, Initial residual = 0.00010788142, Final residual = 4.1697917e-07, No Iterations 1
DILUPBiCGStab:  Solving for h, Initial residual = 6.6504794e-05, Final residual = 2.1572084e-07, No Iterations 1
Min/max T:139.8 507.84142
GAMG:  Solving for p_rgh, Initial residual = 3.7567138e-05, Final residual = 4.3909893e-07, No Iterations 100
time step continuity errors : sum local = 0.003758988, global = -2.4906931e-05, cumulative = -2.4906931e-05
GAMG:  Solving for p_rgh, Initial residual = 1.1271438e-05, Final residual = 1.0489303e-07, No Iterations 70
time step continuity errors : sum local = 0.00089809837, global = -9.095381e-06, cumulative = -3.4002312e-05
DILUPBiCGStab:  Solving for omega, Initial residual = 3.7588619e-06, Final residual = 1.5568772e-08, No Iterations 1
DILUPBiCGStab:  Solving for k, Initial residual = 4.7827866e-05, Final residual = 1.2238076e-07, No Iterations 1
ExecutionTime = 30.466085 s  ClockTime = 51 s

Region: fluid Courant Number mean: 6440.9318 max: 10068.631
Region: solid Diffusion Number mean: 5397.6312 max: 53365.575
Time = 5137s


Solving for solid region solid
DICPCG:  Solving for e, Initial residual = 0.00017973753, Final residual = 2.4630876e-06, No Iterations 2
Min/max T:362.67943 541.58403

Solving for fluid region fluid
DILUPBiCGStab:  Solving for Ux, Initial residual = 9.1325116e-05, Final residual = 3.0807395e-07, No Iterations 1
DILUPBiCGStab:  Solving for Uy, Initial residual = 0.00010329945, Final residual = 1.0475673e-06, No Iterations 1
DILUPBiCGStab:  Solving for Uz, Initial residual = 0.00010788834, Final residual = 4.200681e-07, No Iterations 1
DILUPBiCGStab:  Solving for h, Initial residual = 6.6499544e-05, Final residual = 2.1570489e-07, No Iterations 1
Min/max T:139.8 507.86168
GAMG:  Solving for p_rgh, Initial residual = 3.7641108e-05, Final residual = 4.3925413e-07, No Iterations 100
time step continuity errors : sum local = 0.0037605519, global = -2.5362776e-05, cumulative = -2.5362776e-05
GAMG:  Solving for p_rgh, Initial residual = 1.1299133e-05, Final residual = 1.0546104e-07, No Iterations 70
time step continuity errors : sum local = 0.00090301923, global = -9.1896391e-06, cumulative = -3.4552415e-05
DILUPBiCGStab:  Solving for omega, Initial residual = 3.7587591e-06, Final residual = 1.5568301e-08, No Iterations 1
DILUPBiCGStab:  Solving for k, Initial residual = 4.7827487e-05, Final residual = 1.2237924e-07, No Iterations 1
ExecutionTime = 30.64124 s  ClockTime = 51 s

Region: fluid Courant Number mean: 6441.108 max: 10069.586
Region: solid Diffusion Number mean: 5397.6312 max: 53365.575
Time = 5138s


Solving for solid region solid
DICPCG:  Solving for e, Initial residual = 0.00017971855, Final residual = 2.4628249e-06, No Iterations 2
Min/max T:362.69636 541.60444

Solving for fluid region fluid
DILUPBiCGStab:  Solving for Ux, Initial residual = 9.1321539e-05, Final residual = 3.080596e-07, No Iterations 1
DILUPBiCGStab:  Solving for Uy, Initial residual = 0.00010334289, Final residual = 1.0478731e-06, No Iterations 1
DILUPBiCGStab:  Solving for Uz, Initial residual = 0.00010788644, Final residual = 4.2298327e-07, No Iterations 1
DILUPBiCGStab:  Solving for h, Initial residual = 6.6494288e-05, Final residual = 2.1568861e-07, No Iterations 1
Min/max T:139.8 507.88195
GAMG:  Solving for p_rgh, Initial residual = 3.7670326e-05, Final residual = 4.3931429e-07, No Iterations 100
time step continuity errors : sum local = 0.0037613069, global = -2.5398639e-05, cumulative = -2.5398639e-05
GAMG:  Solving for p_rgh, Initial residual = 1.1329281e-05, Final residual = 1.0603412e-07, No Iterations 70
time step continuity errors : sum local = 0.0009079849, global = -9.2383719e-06, cumulative = -3.4637011e-05
DILUPBiCGStab:  Solving for omega, Initial residual = 3.7586608e-06, Final residual = 1.5567862e-08, No Iterations 1
DILUPBiCGStab:  Solving for k, Initial residual = 4.7826958e-05, Final residual = 1.223773e-07, No Iterations 1
ExecutionTime = 30.809172 s  ClockTime = 52 s

Region: fluid Courant Number mean: 6441.2842 max: 10070.54
Region: solid Diffusion Number mean: 5397.6312 max: 53365.575
Time = 5139s


Solving for solid region solid
DICPCG:  Solving for e, Initial residual = 0.00017969956, Final residual = 2.4625621e-06, No Iterations 2
Min/max T:362.71328 541.62485

Solving for fluid region fluid
DILUPBiCGStab:  Solving for Ux, Initial residual = 9.1316513e-05, Final residual = 3.0803876e-07, No Iterations 1
DILUPBiCGStab:  Solving for Uy, Initial residual = 0.00010343226, Final residual = 1.0483239e-06, No Iterations 1
DILUPBiCGStab:  Solving for Uz, Initial residual = 0.00010788406, Final residual = 4.2269719e-07, No Iterations 1
DILUPBiCGStab:  Solving for h, Initial residual = 6.6489068e-05, Final residual = 2.1567257e-07, No Iterations 1
Min/max T:139.8 507.90221
GAMG:  Solving for p_rgh, Initial residual = 3.7839846e-05, Final residual = 4.4282761e-07, No Iterations 100
time step continuity errors : sum local = 0.00379163, global = -2.5177738e-05, cumulative = -2.5177738e-05
GAMG:  Solving for p_rgh, Initial residual = 1.1379594e-05, Final residual = 1.0630308e-07, No Iterations 70
time step continuity errors : sum local = 0.00091034541, global = -9.2745164e-06, cumulative = -3.4452254e-05
DILUPBiCGStab:  Solving for omega, Initial residual = 3.7585625e-06, Final residual = 1.5567483e-08, No Iterations 1
DILUPBiCGStab:  Solving for k, Initial residual = 4.7826333e-05, Final residual = 1.2237517e-07, No Iterations 1
ExecutionTime = 30.976006 s  ClockTime = 52 s

Region: fluid Courant Number mean: 6441.4605 max: 10071.494
Region: solid Diffusion Number mean: 5397.6312 max: 53365.575
Time = 5140s


Solving for solid region solid
DICPCG:  Solving for e, Initial residual = 0.00017968058, Final residual = 2.4622993e-06, No Iterations 2
Min/max T:362.7302 541.64525

Solving for fluid region fluid
DILUPBiCGStab:  Solving for Ux, Initial residual = 9.1309454e-05, Final residual = 3.0801132e-07, No Iterations 1
DILUPBiCGStab:  Solving for Uy, Initial residual = 0.0001035234, Final residual = 1.0486556e-06, No Iterations 1
DILUPBiCGStab:  Solving for Uz, Initial residual = 0.00010788397, Final residual = 4.2049406e-07, No Iterations 1
DILUPBiCGStab:  Solving for h, Initial residual = 6.6483849e-05, Final residual = 2.1565704e-07, No Iterations 1
Min/max T:139.8 507.92247
GAMG:  Solving for p_rgh, Initial residual = 3.7894256e-05, Final residual = 4.3990417e-07, No Iterations 100
time step continuity errors : sum local = 0.0037668381, global = -2.5643314e-05, cumulative = -2.5643314e-05
GAMG:  Solving for p_rgh, Initial residual = 1.139194e-05, Final residual = 1.060459e-07, No Iterations 70
time step continuity errors : sum local = 0.00090820072, global = -9.3233947e-06, cumulative = -3.4966708e-05
DILUPBiCGStab:  Solving for omega, Initial residual = 3.7584566e-06, Final residual = 1.5567064e-08, No Iterations 1
DILUPBiCGStab:  Solving for k, Initial residual = 4.7825841e-05, Final residual = 1.2237333e-07, No Iterations 1
ExecutionTime = 31.257309 s  ClockTime = 52 s

Region: fluid Courant Number mean: 6441.6368 max: 10072.448
Region: solid Diffusion Number mean: 5397.6312 max: 53365.575
Time = 5141s


Solving for solid region solid
DICPCG:  Solving for e, Initial residual = 0.00017966161, Final residual = 2.4620367e-06, No Iterations 2
Min/max T:362.74712 541.66566

Solving for fluid region fluid
DILUPBiCGStab:  Solving for Ux, Initial residual = 9.1304023e-05, Final residual = 3.0799047e-07, No Iterations 1
DILUPBiCGStab:  Solving for Uy, Initial residual = 0.0001035942, Final residual = 1.0491859e-06, No Iterations 1
DILUPBiCGStab:  Solving for Uz, Initial residual = 0.00010788068, Final residual = 4.1958049e-07, No Iterations 1
DILUPBiCGStab:  Solving for h, Initial residual = 6.6478625e-05, Final residual = 2.1564175e-07, No Iterations 1
Min/max T:139.8 507.94272
GAMG:  Solving for p_rgh, Initial residual = 3.8128258e-05, Final residual = 4.4135339e-07, No Iterations 100
time step continuity errors : sum local = 0.0037794882, global = -2.5221323e-05, cumulative = -2.5221323e-05
GAMG:  Solving for p_rgh, Initial residual = 1.1477103e-05, Final residual = 1.1473044e-07, No Iterations 68
time step continuity errors : sum local = 0.00098263987, global = -1.025282e-05, cumulative = -3.5474143e-05
DILUPBiCGStab:  Solving for omega, Initial residual = 3.7583623e-06, Final residual = 1.5566713e-08, No Iterations 1
DILUPBiCGStab:  Solving for k, Initial residual = 4.7825297e-05, Final residual = 1.2237151e-07, No Iterations 1
ExecutionTime = 31.431478 s  ClockTime = 52 s

Region: fluid Courant Number mean: 6441.8131 max: 10073.401
Region: solid Diffusion Number mean: 5397.6312 max: 53365.575
Time = 5142s


Solving for solid region solid
DICPCG:  Solving for e, Initial residual = 0.00017964263, Final residual = 2.461774e-06, No Iterations 2
Min/max T:362.76403 541.68606

Solving for fluid region fluid
DILUPBiCGStab:  Solving for Ux, Initial residual = 9.1297993e-05, Final residual = 3.0796666e-07, No Iterations 1
DILUPBiCGStab:  Solving for Uy, Initial residual = 0.00010368483, Final residual = 1.0503916e-06, No Iterations 1
DILUPBiCGStab:  Solving for Uz, Initial residual = 0.00010787667, Final residual = 4.1911065e-07, No Iterations 1
DILUPBiCGStab:  Solving for h, Initial residual = 6.6473419e-05, Final residual = 2.1562698e-07, No Iterations 1
Min/max T:139.8 507.96298
GAMG:  Solving for p_rgh, Initial residual = 3.8240122e-05, Final residual = 4.3996193e-07, No Iterations 100
time step continuity errors : sum local = 0.0037678126, global = -2.5366322e-05, cumulative = -2.5366322e-05
GAMG:  Solving for p_rgh, Initial residual = 1.1514226e-05, Final residual = 1.1487463e-07, No Iterations 68
time step continuity errors : sum local = 0.00098393925, global = -1.0226315e-05, cumulative = -3.5592636e-05
DILUPBiCGStab:  Solving for omega, Initial residual = 3.7582698e-06, Final residual = 1.5566415e-08, No Iterations 1
DILUPBiCGStab:  Solving for k, Initial residual = 4.7824848e-05, Final residual = 1.2236978e-07, No Iterations 1
ExecutionTime = 31.602332 s  ClockTime = 53 s

Region: fluid Courant Number mean: 6441.9894 max: 10074.355
Region: solid Diffusion Number mean: 5397.6312 max: 53365.575
Time = 5143s


Solving for solid region solid
DICPCG:  Solving for e, Initial residual = 0.00017962365, Final residual = 2.4615113e-06, No Iterations 2
Min/max T:362.78094 541.70645

Solving for fluid region fluid
DILUPBiCGStab:  Solving for Ux, Initial residual = 9.1292535e-05, Final residual = 3.0794404e-07, No Iterations 1
DILUPBiCGStab:  Solving for Uy, Initial residual = 0.00010385237, Final residual = 1.0521194e-06, No Iterations 1
DILUPBiCGStab:  Solving for Uz, Initial residual = 0.00010787212, Final residual = 4.1908734e-07, No Iterations 1
DILUPBiCGStab:  Solving for h, Initial residual = 6.6468219e-05, Final residual = 2.1561069e-07, No Iterations 1
Min/max T:139.8 507.98323
GAMG:  Solving for p_rgh, Initial residual = 3.8222019e-05, Final residual = 4.4054667e-07, No Iterations 100
time step continuity errors : sum local = 0.0037730606, global = -2.5542545e-05, cumulative = -2.5542545e-05
GAMG:  Solving for p_rgh, Initial residual = 1.1501032e-05, Final residual = 1.0601705e-07, No Iterations 70
time step continuity errors : sum local = 0.00090812875, global = -9.3260045e-06, cumulative = -3.4868549e-05
DILUPBiCGStab:  Solving for omega, Initial residual = 3.7581816e-06, Final residual = 1.5566148e-08, No Iterations 1
DILUPBiCGStab:  Solving for k, Initial residual = 4.7824461e-05, Final residual = 1.2236814e-07, No Iterations 1
ExecutionTime = 31.776654 s  ClockTime = 53 s

Region: fluid Courant Number mean: 6442.1657 max: 10075.308
Region: solid Diffusion Number mean: 5397.6312 max: 53365.575
Time = 5144s


Solving for solid region solid
DICPCG:  Solving for e, Initial residual = 0.00017960468, Final residual = 2.4612487e-06, No Iterations 2
Min/max T:362.79785 541.72685

Solving for fluid region fluid
DILUPBiCGStab:  Solving for Ux, Initial residual = 9.1286816e-05, Final residual = 3.0792087e-07, No Iterations 1
DILUPBiCGStab:  Solving for Uy, Initial residual = 0.00010393243, Final residual = 1.0528461e-06, No Iterations 1
DILUPBiCGStab:  Solving for Uz, Initial residual = 0.00010786685, Final residual = 4.1890485e-07, No Iterations 1
DILUPBiCGStab:  Solving for h, Initial residual = 6.6463024e-05, Final residual = 2.1559449e-07, No Iterations 1
Min/max T:139.8 508.00348
GAMG:  Solving for p_rgh, Initial residual = 3.8251455e-05, Final residual = 4.4024091e-07, No Iterations 100
time step continuity errors : sum local = 0.0037706818, global = -2.5809297e-05, cumulative = -2.5809297e-05
GAMG:  Solving for p_rgh, Initial residual = 1.1506743e-05, Final residual = 1.0689284e-07, No Iterations 70
time step continuity errors : sum local = 0.00091568994, global = -9.4337135e-06, cumulative = -3.524301e-05
DILUPBiCGStab:  Solving for omega, Initial residual = 3.758074e-06, Final residual = 1.556579e-08, No Iterations 1
DILUPBiCGStab:  Solving for k, Initial residual = 4.7824441e-05, Final residual = 1.2236707e-07, No Iterations 1
ExecutionTime = 31.968937 s  ClockTime = 53 s

Region: fluid Courant Number mean: 6442.3421 max: 10076.261
Region: solid Diffusion Number mean: 5397.6312 max: 53365.575
Time = 5145s


Solving for solid region solid
DICPCG:  Solving for e, Initial residual = 0.00017958571, Final residual = 2.4609861e-06, No Iterations 2
Min/max T:362.81476 541.74725

Solving for fluid region fluid
DILUPBiCGStab:  Solving for Ux, Initial residual = 9.128547e-05, Final residual = 3.079106e-07, No Iterations 1
DILUPBiCGStab:  Solving for Uy, Initial residual = 0.00010379243, Final residual = 1.0520891e-06, No Iterations 1
DILUPBiCGStab:  Solving for Uz, Initial residual = 0.00010786256, Final residual = 4.1897742e-07, No Iterations 1
DILUPBiCGStab:  Solving for h, Initial residual = 6.6457836e-05, Final residual = 2.155786e-07, No Iterations 1
Min/max T:139.8 508.02373
GAMG:  Solving for p_rgh, Initial residual = 3.82388e-05, Final residual = 4.4084244e-07, No Iterations 100
time step continuity errors : sum local = 0.0037760776, global = -2.596112e-05, cumulative = -2.596112e-05
GAMG:  Solving for p_rgh, Initial residual = 1.1495473e-05, Final residual = 1.0670838e-07, No Iterations 70
time step continuity errors : sum local = 0.00091416638, global = -9.5355723e-06, cumulative = -3.5496693e-05
DILUPBiCGStab:  Solving for omega, Initial residual = 3.7579701e-06, Final residual = 1.5565523e-08, No Iterations 1
DILUPBiCGStab:  Solving for k, Initial residual = 4.7824525e-05, Final residual = 1.2236623e-07, No Iterations 1
ExecutionTime = 32.149411 s  ClockTime = 53 s

Region: fluid Courant Number mean: 6442.5185 max: 10077.214
Region: solid Diffusion Number mean: 5397.6312 max: 53365.575
Time = 5146s


Solving for solid region solid
DICPCG:  Solving for e, Initial residual = 0.00017956673, Final residual = 2.4607234e-06, No Iterations 2
Min/max T:362.83167 541.76764

Solving for fluid region fluid
DILUPBiCGStab:  Solving for Ux, Initial residual = 9.1283449e-05, Final residual = 3.0789914e-07, No Iterations 1
DILUPBiCGStab:  Solving for Uy, Initial residual = 0.00010371561, Final residual = 1.0530352e-06, No Iterations 1
DILUPBiCGStab:  Solving for Uz, Initial residual = 0.00010785913, Final residual = 4.187983e-07, No Iterations 1
DILUPBiCGStab:  Solving for h, Initial residual = 6.6452682e-05, Final residual = 2.1556216e-07, No Iterations 1
Min/max T:139.8 508.04398
GAMG:  Solving for p_rgh, Initial residual = 3.8161893e-05, Final residual = 4.4097724e-07, No Iterations 100
time step continuity errors : sum local = 0.0037774744, global = -2.5560791e-05, cumulative = -2.5560791e-05
GAMG:  Solving for p_rgh, Initial residual = 1.1472398e-05, Final residual = 1.060397e-07, No Iterations 70
time step continuity errors : sum local = 0.00090849584, global = -9.3169761e-06, cumulative = -3.4877767e-05
DILUPBiCGStab:  Solving for omega, Initial residual = 3.7578863e-06, Final residual = 1.5565289e-08, No Iterations 1
DILUPBiCGStab:  Solving for k, Initial residual = 4.7824232e-05, Final residual = 1.2236483e-07, No Iterations 1
ExecutionTime = 32.330533 s  ClockTime = 53 s

Region: fluid Courant Number mean: 6442.6949 max: 10078.166
Region: solid Diffusion Number mean: 5397.6312 max: 53365.575
Time = 5147s


Solving for solid region solid
DICPCG:  Solving for e, Initial residual = 0.00017954776, Final residual = 2.4604607e-06, No Iterations 2
Min/max T:362.84857 541.78803

Solving for fluid region fluid
DILUPBiCGStab:  Solving for Ux, Initial residual = 9.1275025e-05, Final residual = 3.0786915e-07, No Iterations 1
DILUPBiCGStab:  Solving for Uy, Initial residual = 0.00010363476, Final residual = 1.0543328e-06, No Iterations 1
DILUPBiCGStab:  Solving for Uz, Initial residual = 0.00010785087, Final residual = 4.1912069e-07, No Iterations 1
DILUPBiCGStab:  Solving for h, Initial residual = 6.6447543e-05, Final residual = 2.1554603e-07, No Iterations 1
Min/max T:139.8 508.06422
GAMG:  Solving for p_rgh, Initial residual = 3.8182675e-05, Final residual = 4.4337174e-07, No Iterations 100
time step continuity errors : sum local = 0.0037982268, global = -2.5367676e-05, cumulative = -2.5367676e-05
GAMG:  Solving for p_rgh, Initial residual = 1.1469785e-05, Final residual = 1.061976e-07, No Iterations 70
time step continuity errors : sum local = 0.00090990644, global = -9.296514e-06, cumulative = -3.466419e-05
DILUPBiCGStab:  Solving for omega, Initial residual = 3.7578054e-06, Final residual = 1.5565039e-08, No Iterations 1
DILUPBiCGStab:  Solving for k, Initial residual = 4.7824214e-05, Final residual = 1.2236406e-07, No Iterations 1
ExecutionTime = 32.552977 s  ClockTime = 54 s

Region: fluid Courant Number mean: 6442.8713 max: 10079.119
Region: solid Diffusion Number mean: 5397.6312 max: 53365.575
Time = 5148s


Solving for solid region solid
DICPCG:  Solving for e, Initial residual = 0.00017952879, Final residual = 2.4601982e-06, No Iterations 2
Min/max T:362.86547 541.80842

Solving for fluid region fluid
DILUPBiCGStab:  Solving for Ux, Initial residual = 9.1270499e-05, Final residual = 3.0785258e-07, No Iterations 1
DILUPBiCGStab:  Solving for Uy, Initial residual = 0.00010365601, Final residual = 1.054496e-06, No Iterations 1
DILUPBiCGStab:  Solving for Uz, Initial residual = 0.0001078474, Final residual = 4.1988952e-07, No Iterations 1
DILUPBiCGStab:  Solving for h, Initial residual = 6.644238e-05, Final residual = 2.1552994e-07, No Iterations 1
Min/max T:139.8 508.08447
GAMG:  Solving for p_rgh, Initial residual = 3.8449796e-05, Final residual = 4.3922221e-07, No Iterations 100
time step continuity errors : sum local = 0.003762917, global = -2.4907815e-05, cumulative = -2.4907815e-05
GAMG:  Solving for p_rgh, Initial residual = 1.1551138e-05, Final residual = 1.1291373e-07, No Iterations 68
time step continuity errors : sum local = 0.00096751151, global = -9.6925774e-06, cumulative = -3.4600392e-05
DILUPBiCGStab:  Solving for omega, Initial residual = 3.7577909e-06, Final residual = 1.5565204e-08, No Iterations 1
DILUPBiCGStab:  Solving for k, Initial residual = 4.7823454e-05, Final residual = 1.2236291e-07, No Iterations 1
ExecutionTime = 32.750217 s  ClockTime = 54 s

Region: fluid Courant Number mean: 6443.0477 max: 10080.073
Region: solid Diffusion Number mean: 5397.6312 max: 53365.575
Time = 5149s


Solving for solid region solid
DICPCG:  Solving for e, Initial residual = 0.00017950982, Final residual = 2.4599357e-06, No Iterations 2
Min/max T:362.88236 541.8288

Solving for fluid region fluid
DILUPBiCGStab:  Solving for Ux, Initial residual = 9.1256267e-05, Final residual = 3.078088e-07, No Iterations 1
DILUPBiCGStab:  Solving for Uy, Initial residual = 0.00010277346, Final residual = 1.0452545e-06, No Iterations 1
DILUPBiCGStab:  Solving for Uz, Initial residual = 0.00010773238, Final residual = 4.2374852e-07, No Iterations 1
DILUPBiCGStab:  Solving for h, Initial residual = 6.6437215e-05, Final residual = 2.1551648e-07, No Iterations 1
Min/max T:139.8 508.10471
GAMG:  Solving for p_rgh, Initial residual = 3.8670418e-05, Final residual = 4.3866931e-07, No Iterations 100
time step continuity errors : sum local = 0.0037584148, global = -2.5256483e-05, cumulative = -2.5256483e-05
GAMG:  Solving for p_rgh, Initial residual = 1.1643726e-05, Final residual = 1.1338706e-07, No Iterations 68
time step continuity errors : sum local = 0.00097162926, global = -9.9659181e-06, cumulative = -3.5222401e-05
DILUPBiCGStab:  Solving for omega, Initial residual = 3.7577557e-06, Final residual = 1.556514e-08, No Iterations 1
DILUPBiCGStab:  Solving for k, Initial residual = 4.7822885e-05, Final residual = 1.2236157e-07, No Iterations 1
ExecutionTime = 32.981159 s  ClockTime = 54 s

Region: fluid Courant Number mean: 6443.2241 max: 10081.026
Region: solid Diffusion Number mean: 5397.6312 max: 53365.575
Time = 5150s


Solving for solid region solid
DICPCG:  Solving for e, Initial residual = 0.00017949086, Final residual = 2.4596734e-06, No Iterations 2
Min/max T:362.89926 541.84919

Solving for fluid region fluid
DILUPBiCGStab:  Solving for Ux, Initial residual = 9.1249629e-05, Final residual = 3.0778729e-07, No Iterations 1
DILUPBiCGStab:  Solving for Uy, Initial residual = 0.00010345101, Final residual = 1.0531309e-06, No Iterations 1
DILUPBiCGStab:  Solving for Uz, Initial residual = 0.00010775642, Final residual = 4.2997266e-07, No Iterations 1
DILUPBiCGStab:  Solving for h, Initial residual = 6.6432008e-05, Final residual = 2.1550573e-07, No Iterations 1
Min/max T:139.8 508.12495
GAMG:  Solving for p_rgh, Initial residual = 3.8385217e-05, Final residual = 4.3979776e-07, No Iterations 100
time step continuity errors : sum local = 0.0037683209, global = -2.5485588e-05, cumulative = -2.5485588e-05
GAMG:  Solving for p_rgh, Initial residual = 1.1519363e-05, Final residual = 1.1495059e-07, No Iterations 68
time step continuity errors : sum local = 0.00098508955, global = -1.028057e-05, cumulative = -3.5766158e-05
DILUPBiCGStab:  Solving for omega, Initial residual = 3.7577102e-06, Final residual = 1.5564946e-08, No Iterations 1
DILUPBiCGStab:  Solving for k, Initial residual = 4.7822253e-05, Final residual = 1.223596e-07, No Iterations 1
ExecutionTime = 33.159491 s  ClockTime = 54 s

Region: fluid Courant Number mean: 6443.4006 max: 10081.984
Region: solid Diffusion Number mean: 5397.6312 max: 53365.575
Time = 5151s


Solving for solid region solid
DICPCG:  Solving for e, Initial residual = 0.00017947189, Final residual = 2.4594108e-06, No Iterations 2
Min/max T:362.91615 541.86957

Solving for fluid region fluid
DILUPBiCGStab:  Solving for Ux, Initial residual = 9.1244631e-05, Final residual = 3.0776651e-07, No Iterations 1
DILUPBiCGStab:  Solving for Uy, Initial residual = 0.00010359928, Final residual = 1.0543349e-06, No Iterations 1
DILUPBiCGStab:  Solving for Uz, Initial residual = 0.00010776602, Final residual = 4.2969323e-07, No Iterations 1
DILUPBiCGStab:  Solving for h, Initial residual = 6.6426798e-05, Final residual = 2.1549495e-07, No Iterations 1
Min/max T:139.8 508.14518
GAMG:  Solving for p_rgh, Initial residual = 3.8903471e-05, Final residual = 4.3890507e-07, No Iterations 100
time step continuity errors : sum local = 0.0037609115, global = -2.5587086e-05, cumulative = -2.5587086e-05
GAMG:  Solving for p_rgh, Initial residual = 1.1653002e-05, Final residual = 1.1428514e-07, No Iterations 68
time step continuity errors : sum local = 0.00097944871, global = -1.0127665e-05, cumulative = -3.5714751e-05
DILUPBiCGStab:  Solving for omega, Initial residual = 3.7576566e-06, Final residual = 1.5563739e-08, No Iterations 1
DILUPBiCGStab:  Solving for k, Initial residual = 4.7821911e-05, Final residual = 1.2235734e-07, No Iterations 1
ExecutionTime = 33.334455 s  ClockTime = 54 s

Region: fluid Courant Number mean: 6443.5771 max: 10082.958
Region: solid Diffusion Number mean: 5397.6312 max: 53365.575
Time = 5152s


Solving for solid region solid
DICPCG:  Solving for e, Initial residual = 0.00017945293, Final residual = 2.4591483e-06, No Iterations 2
Min/max T:362.93304 541.88995

Solving for fluid region fluid
DILUPBiCGStab:  Solving for Ux, Initial residual = 9.1240449e-05, Final residual = 3.0775045e-07, No Iterations 1
DILUPBiCGStab:  Solving for Uy, Initial residual = 0.00010356261, Final residual = 1.0480078e-06, No Iterations 1
DILUPBiCGStab:  Solving for Uz, Initial residual = 0.00010781477, Final residual = 4.3089302e-07, No Iterations 1
DILUPBiCGStab:  Solving for h, Initial residual = 6.6421544e-05, Final residual = 2.1548167e-07, No Iterations 1
Min/max T:139.8 508.16542
GAMG:  Solving for p_rgh, Initial residual = 3.9264946e-05, Final residual = 4.4540244e-07, No Iterations 100
time step continuity errors : sum local = 0.003816827, global = -2.5334176e-05, cumulative = -2.5334176e-05
GAMG:  Solving for p_rgh, Initial residual = 1.1783479e-05, Final residual = 1.1710994e-07, No Iterations 68
time step continuity errors : sum local = 0.0010037216, global = -1.0211089e-05, cumulative = -3.5545265e-05
DILUPBiCGStab:  Solving for omega, Initial residual = 3.7573152e-06, Final residual = 1.5563642e-08, No Iterations 1
DILUPBiCGStab:  Solving for k, Initial residual = 4.782152e-05, Final residual = 1.2235465e-07, No Iterations 1
ExecutionTime = 33.54168 s  ClockTime = 55 s

Region: fluid Courant Number mean: 6443.7537 max: 10083.922
Region: solid Diffusion Number mean: 5397.6312 max: 53365.575
Time = 5153s


Solving for solid region solid
DICPCG:  Solving for e, Initial residual = 0.00017943396, Final residual = 2.4588858e-06, No Iterations 2
Min/max T:362.94993 541.91033

Solving for fluid region fluid
DILUPBiCGStab:  Solving for Ux, Initial residual = 9.1236795e-05, Final residual = 3.0774157e-07, No Iterations 1
DILUPBiCGStab:  Solving for Uy, Initial residual = 0.0001030689, Final residual = 1.0494432e-06, No Iterations 1
DILUPBiCGStab:  Solving for Uz, Initial residual = 0.00010813118, Final residual = 4.2282461e-07, No Iterations 1
DILUPBiCGStab:  Solving for h, Initial residual = 6.6416178e-05, Final residual = 2.1546974e-07, No Iterations 1
Min/max T:139.8 508.18565
GAMG:  Solving for p_rgh, Initial residual = 3.869842e-05, Final residual = 4.4307679e-07, No Iterations 100
time step continuity errors : sum local = 0.0037971371, global = -2.5369998e-05, cumulative = -2.5369998e-05
GAMG:  Solving for p_rgh, Initial residual = 1.1619459e-05, Final residual = 1.1597772e-07, No Iterations 68
time step continuity errors : sum local = 0.0009940803, global = -1.0330589e-05, cumulative = -3.5700586e-05
DILUPBiCGStab:  Solving for omega, Initial residual = 3.7572804e-06, Final residual = 1.5563178e-08, No Iterations 1
DILUPBiCGStab:  Solving for k, Initial residual = 4.7821124e-05, Final residual = 1.2235279e-07, No Iterations 1
ExecutionTime = 33.76087 s  ClockTime = 55 s

Region: fluid Courant Number mean: 6443.9302 max: 10084.89
Region: solid Diffusion Number mean: 5397.6312 max: 53365.575
Time = 5154s


Solving for solid region solid
DICPCG:  Solving for e, Initial residual = 0.000179415, Final residual = 2.4586234e-06, No Iterations 2
Min/max T:362.96681 541.93071

Solving for fluid region fluid
DILUPBiCGStab:  Solving for Ux, Initial residual = 9.1229673e-05, Final residual = 3.0771398e-07, No Iterations 1
DILUPBiCGStab:  Solving for Uy, Initial residual = 0.00010334274, Final residual = 1.051659e-06, No Iterations 1
DILUPBiCGStab:  Solving for Uz, Initial residual = 0.00010816175, Final residual = 4.2033397e-07, No Iterations 1
DILUPBiCGStab:  Solving for h, Initial residual = 6.6410856e-05, Final residual = 2.1545713e-07, No Iterations 1
Min/max T:139.8 508.20589
GAMG:  Solving for p_rgh, Initial residual = 3.854699e-05, Final residual = 4.4149568e-07, No Iterations 100
time step continuity errors : sum local = 0.0037838278, global = -2.5752254e-05, cumulative = -2.5752254e-05
GAMG:  Solving for p_rgh, Initial residual = 1.156328e-05, Final residual = 1.0650674e-07, No Iterations 70
time step continuity errors : sum local = 0.00091295963, global = -9.5827961e-06, cumulative = -3.5335051e-05
DILUPBiCGStab:  Solving for omega, Initial residual = 3.7572358e-06, Final residual = 1.5562673e-08, No Iterations 1
DILUPBiCGStab:  Solving for k, Initial residual = 4.7821351e-05, Final residual = 1.2235257e-07, No Iterations 1
ExecutionTime = 34.015637 s  ClockTime = 55 s

Region: fluid Courant Number mean: 6444.1069 max: 10085.86
Region: solid Diffusion Number mean: 5397.6312 max: 53365.575
Time = 5155s


Solving for solid region solid
DICPCG:  Solving for e, Initial residual = 0.00017939604, Final residual = 2.458361e-06, No Iterations 2
Min/max T:362.9837 541.95108

Solving for fluid region fluid
DILUPBiCGStab:  Solving for Ux, Initial residual = 9.1229567e-05, Final residual = 3.0770785e-07, No Iterations 1
DILUPBiCGStab:  Solving for Uy, Initial residual = 0.00010363438, Final residual = 1.0514951e-06, No Iterations 1
DILUPBiCGStab:  Solving for Uz, Initial residual = 0.00010812361, Final residual = 4.2113759e-07, No Iterations 1
DILUPBiCGStab:  Solving for h, Initial residual = 6.6405478e-05, Final residual = 2.1544447e-07, No Iterations 1
Min/max T:139.8 508.22611
GAMG:  Solving for p_rgh, Initial residual = 3.8464914e-05, Final residual = 4.408269e-07, No Iterations 100
time step continuity errors : sum local = 0.0037783374, global = -2.5726094e-05, cumulative = -2.5726094e-05
GAMG:  Solving for p_rgh, Initial residual = 1.1553852e-05, Final residual = 1.1539213e-07, No Iterations 68
time step continuity errors : sum local = 0.00098918683, global = -1.0390255e-05, cumulative = -3.611635e-05
DILUPBiCGStab:  Solving for omega, Initial residual = 3.7571861e-06, Final residual = 1.5562272e-08, No Iterations 1
DILUPBiCGStab:  Solving for k, Initial residual = 4.7821696e-05, Final residual = 1.2235247e-07, No Iterations 1
ExecutionTime = 34.255307 s  ClockTime = 55 s

Region: fluid Courant Number mean: 6444.2835 max: 10086.831
Region: solid Diffusion Number mean: 5397.6312 max: 53365.575
Time = 5156s


Solving for solid region solid
DICPCG:  Solving for e, Initial residual = 0.00017937708, Final residual = 2.4580985e-06, No Iterations 2
Min/max T:363.00058 541.97146

Solving for fluid region fluid
DILUPBiCGStab:  Solving for Ux, Initial residual = 9.1227316e-05, Final residual = 3.0769464e-07, No Iterations 1
DILUPBiCGStab:  Solving for Uy, Initial residual = 0.00010391433, Final residual = 1.0526004e-06, No Iterations 1
DILUPBiCGStab:  Solving for Uz, Initial residual = 0.00010812141, Final residual = 4.2194822e-07, No Iterations 1
DILUPBiCGStab:  Solving for h, Initial residual = 6.6400073e-05, Final residual = 2.1543219e-07, No Iterations 1
Min/max T:139.8 508.24634
GAMG:  Solving for p_rgh, Initial residual = 3.8346186e-05, Final residual = 4.4070589e-07, No Iterations 100
time step continuity errors : sum local = 0.0037775426, global = -2.5587305e-05, cumulative = -2.5587305e-05
GAMG:  Solving for p_rgh, Initial residual = 1.1514447e-05, Final residual = 1.062633e-07, No Iterations 70
time step continuity errors : sum local = 0.00091098782, global = -9.2055024e-06, cumulative = -3.4792807e-05
DILUPBiCGStab:  Solving for omega, Initial residual = 3.7571372e-06, Final residual = 1.556194e-08, No Iterations 1
DILUPBiCGStab:  Solving for k, Initial residual = 4.7821807e-05, Final residual = 1.2235185e-07, No Iterations 1
ExecutionTime = 34.486777 s  ClockTime = 56 s

Region: fluid Courant Number mean: 6444.4601 max: 10087.803
Region: solid Diffusion Number mean: 5397.6312 max: 53365.575
Time = 5157s


Solving for solid region solid
DICPCG:  Solving for e, Initial residual = 0.00017935812, Final residual = 2.4578361e-06, No Iterations 2
Min/max T:363.01745 541.99183

Solving for fluid region fluid
DILUPBiCGStab:  Solving for Ux, Initial residual = 9.1220494e-05, Final residual = 3.0766797e-07, No Iterations 1
DILUPBiCGStab:  Solving for Uy, Initial residual = 0.00010418276, Final residual = 1.0556294e-06, No Iterations 1
DILUPBiCGStab:  Solving for Uz, Initial residual = 0.00010815463, Final residual = 4.2153401e-07, No Iterations 1
DILUPBiCGStab:  Solving for h, Initial residual = 6.6394625e-05, Final residual = 2.1541976e-07, No Iterations 1
Min/max T:139.8 508.26657
GAMG:  Solving for p_rgh, Initial residual = 3.9038524e-05, Final residual = 4.3924816e-07, No Iterations 100
time step continuity errors : sum local = 0.0037652827, global = -2.5082964e-05, cumulative = -2.5082964e-05
GAMG:  Solving for p_rgh, Initial residual = 1.173683e-05, Final residual = 1.1356953e-07, No Iterations 68
time step continuity errors : sum local = 0.00097368542, global = -9.6233342e-06, cumulative = -3.4706299e-05
DILUPBiCGStab:  Solving for omega, Initial residual = 3.757065e-06, Final residual = 1.556143e-08, No Iterations 1
DILUPBiCGStab:  Solving for k, Initial residual = 4.7821124e-05, Final residual = 1.2234875e-07, No Iterations 1
ExecutionTime = 34.825523 s  ClockTime = 56 s

Region: fluid Courant Number mean: 6444.6368 max: 10088.779
Region: solid Diffusion Number mean: 5397.6312 max: 53365.575
Time = 5158s


Solving for solid region solid
DICPCG:  Solving for e, Initial residual = 0.00017933916, Final residual = 2.4575738e-06, No Iterations 2
Min/max T:363.03433 542.0122

Solving for fluid region fluid
DILUPBiCGStab:  Solving for Ux, Initial residual = 9.1206828e-05, Final residual = 3.0763024e-07, No Iterations 1
DILUPBiCGStab:  Solving for Uy, Initial residual = 0.00010486233, Final residual = 1.0616961e-06, No Iterations 1
DILUPBiCGStab:  Solving for Uz, Initial residual = 0.00010821567, Final residual = 4.247398e-07, No Iterations 1
DILUPBiCGStab:  Solving for h, Initial residual = 6.6389116e-05, Final residual = 2.1540817e-07, No Iterations 1
Min/max T:139.8 508.28679
GAMG:  Solving for p_rgh, Initial residual = 3.8668268e-05, Final residual = 4.4091121e-07, No Iterations 100
time step continuity errors : sum local = 0.0037797725, global = -2.561247e-05, cumulative = -2.561247e-05
GAMG:  Solving for p_rgh, Initial residual = 1.1597528e-05, Final residual = 1.1537714e-07, No Iterations 68
time step continuity errors : sum local = 0.00098924558, global = -1.0190411e-05, cumulative = -3.5802881e-05
DILUPBiCGStab:  Solving for omega, Initial residual = 3.7569986e-06, Final residual = 1.5561177e-08, No Iterations 1
DILUPBiCGStab:  Solving for k, Initial residual = 4.7820737e-05, Final residual = 1.2234689e-07, No Iterations 1
ExecutionTime = 35.129044 s  ClockTime = 56 s

Region: fluid Courant Number mean: 6444.8135 max: 10089.755
Region: solid Diffusion Number mean: 5397.6312 max: 53365.575
Time = 5159s


Solving for solid region solid
DICPCG:  Solving for e, Initial residual = 0.00017932021, Final residual = 2.4573115e-06, No Iterations 2
Min/max T:363.0512 542.03256

Solving for fluid region fluid
DILUPBiCGStab:  Solving for Ux, Initial residual = 9.1201664e-05, Final residual = 3.0761185e-07, No Iterations 1
DILUPBiCGStab:  Solving for Uy, Initial residual = 0.00010514213, Final residual = 1.0669942e-06, No Iterations 1
DILUPBiCGStab:  Solving for Uz, Initial residual = 0.00010830191, Final residual = 4.2485732e-07, No Iterations 1
DILUPBiCGStab:  Solving for h, Initial residual = 6.6383542e-05, Final residual = 2.1539427e-07, No Iterations 1
Min/max T:139.8 508.30701
GAMG:  Solving for p_rgh, Initial residual = 3.8675617e-05, Final residual = 4.4042387e-07, No Iterations 100
time step continuity errors : sum local = 0.0037758328, global = -2.5409102e-05, cumulative = -2.5409102e-05
GAMG:  Solving for p_rgh, Initial residual = 1.1600476e-05, Final residual = 1.1488009e-07, No Iterations 68
time step continuity errors : sum local = 0.00098504532, global = -1.0272357e-05, cumulative = -3.5681459e-05
DILUPBiCGStab:  Solving for omega, Initial residual = 3.7569373e-06, Final residual = 1.5560916e-08, No Iterations 1
DILUPBiCGStab:  Solving for k, Initial residual = 4.7820198e-05, Final residual = 1.223444e-07, No Iterations 1
ExecutionTime = 35.390125 s  ClockTime = 57 s

Region: fluid Courant Number mean: 6444.9903 max: 10090.732
Region: solid Diffusion Number mean: 5397.6312 max: 53365.575
Time = 5160s


Solving for solid region solid
DICPCG:  Solving for e, Initial residual = 0.00017930125, Final residual = 2.4570491e-06, No Iterations 2
Min/max T:363.06807 542.05293

Solving for fluid region fluid
DILUPBiCGStab:  Solving for Ux, Initial residual = 9.1196152e-05, Final residual = 3.0758821e-07, No Iterations 1
DILUPBiCGStab:  Solving for Uy, Initial residual = 0.0001052409, Final residual = 1.066913e-06, No Iterations 1
DILUPBiCGStab:  Solving for Uz, Initial residual = 0.00010835516, Final residual = 4.2385954e-07, No Iterations 1
DILUPBiCGStab:  Solving for h, Initial residual = 6.6377938e-05, Final residual = 2.1537797e-07, No Iterations 1
Min/max T:139.8 508.32723
GAMG:  Solving for p_rgh, Initial residual = 3.8662925e-05, Final residual = 4.4379679e-07, No Iterations 100
time step continuity errors : sum local = 0.0038049913, global = -2.5566885e-05, cumulative = -2.5566885e-05
GAMG:  Solving for p_rgh, Initial residual = 1.1594163e-05, Final residual = 1.145852e-07, No Iterations 68
time step continuity errors : sum local = 0.00098258001, global = -1.025523e-05, cumulative = -3.5822115e-05
DILUPBiCGStab:  Solving for omega, Initial residual = 3.7568579e-06, Final residual = 1.5560525e-08, No Iterations 1
DILUPBiCGStab:  Solving for k, Initial residual = 4.7820017e-05, Final residual = 1.2234233e-07, No Iterations 1
ExecutionTime = 35.904241 s  ClockTime = 57 s

Region: fluid Courant Number mean: 6445.167 max: 10091.71
Region: solid Diffusion Number mean: 5397.6312 max: 53365.575
Time = 5161s


Solving for solid region solid
DICPCG:  Solving for e, Initial residual = 0.0001792823, Final residual = 2.4567868e-06, No Iterations 2
Min/max T:363.08494 542.07329

Solving for fluid region fluid
DILUPBiCGStab:  Solving for Ux, Initial residual = 9.1193765e-05, Final residual = 3.0757521e-07, No Iterations 1
DILUPBiCGStab:  Solving for Uy, Initial residual = 0.00010538303, Final residual = 1.0667828e-06, No Iterations 1
DILUPBiCGStab:  Solving for Uz, Initial residual = 0.00010839698, Final residual = 4.2414476e-07, No Iterations 1
DILUPBiCGStab:  Solving for h, Initial residual = 6.6372281e-05, Final residual = 2.1536095e-07, No Iterations 1
Min/max T:139.8 508.34745
GAMG:  Solving for p_rgh, Initial residual = 3.8658851e-05, Final residual = 4.3891759e-07, No Iterations 100
time step continuity errors : sum local = 0.0037633997, global = -2.5515536e-05, cumulative = -2.5515536e-05
GAMG:  Solving for p_rgh, Initial residual = 1.1592973e-05, Final residual = 1.1403171e-07, No Iterations 68
time step continuity errors : sum local = 0.00097789599, global = -1.034813e-05, cumulative = -3.5863666e-05
DILUPBiCGStab:  Solving for omega, Initial residual = 3.7567873e-06, Final residual = 1.5560101e-08, No Iterations 1
DILUPBiCGStab:  Solving for k, Initial residual = 4.7819733e-05, Final residual = 1.2233998e-07, No Iterations 1
ExecutionTime = 36.156287 s  ClockTime = 58 s

Region: fluid Courant Number mean: 6445.3438 max: 10092.69
Region: solid Diffusion Number mean: 5397.6312 max: 53365.575
Time = 5162s


Solving for solid region solid
DICPCG:  Solving for e, Initial residual = 0.00017926335, Final residual = 2.4565245e-06, No Iterations 2
Min/max T:363.1018 542.09365

Solving for fluid region fluid
DILUPBiCGStab:  Solving for Ux, Initial residual = 9.1187186e-05, Final residual = 3.0754871e-07, No Iterations 1
DILUPBiCGStab:  Solving for Uy, Initial residual = 0.00010540944, Final residual = 1.0668079e-06, No Iterations 1
DILUPBiCGStab:  Solving for Uz, Initial residual = 0.00010844932, Final residual = 4.2393395e-07, No Iterations 1
DILUPBiCGStab:  Solving for h, Initial residual = 6.6366584e-05, Final residual = 2.1534384e-07, No Iterations 1
Min/max T:139.8 508.36767
GAMG:  Solving for p_rgh, Initial residual = 3.8836353e-05, Final residual = 4.4143764e-07, No Iterations 100
time step continuity errors : sum local = 0.0037852476, global = -2.5831486e-05, cumulative = -2.5831486e-05
GAMG:  Solving for p_rgh, Initial residual = 1.1643116e-05, Final residual = 1.1539009e-07, No Iterations 68
time step continuity errors : sum local = 0.00098960872, global = -1.0496591e-05, cumulative = -3.6328077e-05
DILUPBiCGStab:  Solving for omega, Initial residual = 3.7567152e-06, Final residual = 1.5559583e-08, No Iterations 1
DILUPBiCGStab:  Solving for k, Initial residual = 4.7819715e-05, Final residual = 1.2233821e-07, No Iterations 1
ExecutionTime = 36.37359 s  ClockTime = 58 s

Region: fluid Courant Number mean: 6445.5207 max: 10093.671
Region: solid Diffusion Number mean: 5397.6312 max: 53365.575
Time = 5163s


Solving for solid region solid
DICPCG:  Solving for e, Initial residual = 0.0001792444, Final residual = 2.4562622e-06, No Iterations 2
Min/max T:363.11866 542.11401

Solving for fluid region fluid
DILUPBiCGStab:  Solving for Ux, Initial residual = 9.1184128e-05, Final residual = 3.075356e-07, No Iterations 1
DILUPBiCGStab:  Solving for Uy, Initial residual = 0.00010544907, Final residual = 1.0678637e-06, No Iterations 1
DILUPBiCGStab:  Solving for Uz, Initial residual = 0.00010850703, Final residual = 4.2499041e-07, No Iterations 1
DILUPBiCGStab:  Solving for h, Initial residual = 6.6360833e-05, Final residual = 2.1532626e-07, No Iterations 1
Min/max T:139.8 508.38788
GAMG:  Solving for p_rgh, Initial residual = 3.8719125e-05, Final residual = 4.4195962e-07, No Iterations 100
time step continuity errors : sum local = 0.003789964, global = -2.553998e-05, cumulative = -2.553998e-05
GAMG:  Solving for p_rgh, Initial residual = 1.1613975e-05, Final residual = 1.1490258e-07, No Iterations 68
time step continuity errors : sum local = 0.00098548948, global = -1.0156001e-05, cumulative = -3.5695981e-05
DILUPBiCGStab:  Solving for omega, Initial residual = 3.7566404e-06, Final residual = 1.5559064e-08, No Iterations 1
DILUPBiCGStab:  Solving for k, Initial residual = 4.7819722e-05, Final residual = 1.2233649e-07, No Iterations 1
ExecutionTime = 36.55188 s  ClockTime = 58 s

Region: fluid Courant Number mean: 6445.6975 max: 10094.653
Region: solid Diffusion Number mean: 5397.6312 max: 53365.575
Time = 5164s


Solving for solid region solid
DICPCG:  Solving for e, Initial residual = 0.00017922545, Final residual = 2.4559999e-06, No Iterations 2
Min/max T:363.13552 542.13437

Solving for fluid region fluid
DILUPBiCGStab:  Solving for Ux, Initial residual = 9.1179556e-05, Final residual = 3.0751804e-07, No Iterations 1
DILUPBiCGStab:  Solving for Uy, Initial residual = 0.00010578027, Final residual = 1.0707247e-06, No Iterations 1
DILUPBiCGStab:  Solving for Uz, Initial residual = 0.00010856097, Final residual = 4.2437619e-07, No Iterations 1
DILUPBiCGStab:  Solving for h, Initial residual = 6.6355043e-05, Final residual = 2.1530717e-07, No Iterations 1
Min/max T:139.8 508.40809
GAMG:  Solving for p_rgh, Initial residual = 3.8770171e-05, Final residual = 4.4171064e-07, No Iterations 100
time step continuity errors : sum local = 0.0037880687, global = -2.5684174e-05, cumulative = -2.5684174e-05
GAMG:  Solving for p_rgh, Initial residual = 1.1623362e-05, Final residual = 1.1500577e-07, No Iterations 68
time step continuity errors : sum local = 0.00098643817, global = -1.0299217e-05, cumulative = -3.5983391e-05
DILUPBiCGStab:  Solving for omega, Initial residual = 3.7565528e-06, Final residual = 1.5558571e-08, No Iterations 1
DILUPBiCGStab:  Solving for k, Initial residual = 4.7819982e-05, Final residual = 1.2233505e-07, No Iterations 1
ExecutionTime = 36.783647 s  ClockTime = 58 s

Region: fluid Courant Number mean: 6445.8744 max: 10095.637
Region: solid Diffusion Number mean: 5397.6312 max: 53365.575
Time = 5165s


Solving for solid region solid
DICPCG:  Solving for e, Initial residual = 0.0001792065, Final residual = 2.4557377e-06, No Iterations 2
Min/max T:363.15238 542.15472

Solving for fluid region fluid
DILUPBiCGStab:  Solving for Ux, Initial residual = 9.1176991e-05, Final residual = 3.0750714e-07, No Iterations 1
DILUPBiCGStab:  Solving for Uy, Initial residual = 0.00010597925, Final residual = 1.0723464e-06, No Iterations 1
DILUPBiCGStab:  Solving for Uz, Initial residual = 0.00010857928, Final residual = 4.2381541e-07, No Iterations 1
DILUPBiCGStab:  Solving for h, Initial residual = 6.6349204e-05, Final residual = 2.1528707e-07, No Iterations 1
Min/max T:139.8 508.4283
GAMG:  Solving for p_rgh, Initial residual = 3.882797e-05, Final residual = 4.4166724e-07, No Iterations 100
time step continuity errors : sum local = 0.0037879388, global = -2.5589791e-05, cumulative = -2.5589791e-05
GAMG:  Solving for p_rgh, Initial residual = 1.164638e-05, Final residual = 1.1535968e-07, No Iterations 68
time step continuity errors : sum local = 0.00098953549, global = -1.0266329e-05, cumulative = -3.5856119e-05
DILUPBiCGStab:  Solving for omega, Initial residual = 3.7564603e-06, Final residual = 1.5558243e-08, No Iterations 1
DILUPBiCGStab:  Solving for k, Initial residual = 4.7820093e-05, Final residual = 1.2233343e-07, No Iterations 1
ExecutionTime = 36.99705 s  ClockTime = 59 s

Region: fluid Courant Number mean: 6446.0514 max: 10096.622
Region: solid Diffusion Number mean: 5397.6312 max: 53365.575
Time = 5166s


Solving for solid region solid
DICPCG:  Solving for e, Initial residual = 0.00017918755, Final residual = 2.4554755e-06, No Iterations 2
Min/max T:363.16924 542.17508

Solving for fluid region fluid
DILUPBiCGStab:  Solving for Ux, Initial residual = 9.1172724e-05, Final residual = 3.0749226e-07, No Iterations 1
DILUPBiCGStab:  Solving for Uy, Initial residual = 0.00010615316, Final residual = 1.0734388e-06, No Iterations 1
DILUPBiCGStab:  Solving for Uz, Initial residual = 0.00010856991, Final residual = 4.2299079e-07, No Iterations 1
DILUPBiCGStab:  Solving for h, Initial residual = 6.6343334e-05, Final residual = 2.1526759e-07, No Iterations 1
Min/max T:139.8 508.44851
GAMG:  Solving for p_rgh, Initial residual = 3.8986451e-05, Final residual = 4.3762702e-07, No Iterations 100
time step continuity errors : sum local = 0.0037535263, global = -2.5004019e-05, cumulative = -2.5004019e-05
GAMG:  Solving for p_rgh, Initial residual = 1.1629722e-05, Final residual = 1.1331951e-07, No Iterations 68
time step continuity errors : sum local = 0.00097209671, global = -1.0247646e-05, cumulative = -3.5251665e-05
DILUPBiCGStab:  Solving for omega, Initial residual = 3.7563875e-06, Final residual = 1.5557867e-08, No Iterations 1
DILUPBiCGStab:  Solving for k, Initial residual = 4.7819681e-05, Final residual = 1.2233058e-07, No Iterations 1
ExecutionTime = 37.168348 s  ClockTime = 59 s

Region: fluid Courant Number mean: 6446.2283 max: 10097.607
Region: solid Diffusion Number mean: 5397.6312 max: 53365.575
Time = 5167s


Solving for solid region solid
DICPCG:  Solving for e, Initial residual = 0.0001791686, Final residual = 2.4552133e-06, No Iterations 2
Min/max T:363.18609 542.19543

Solving for fluid region fluid
DILUPBiCGStab:  Solving for Ux, Initial residual = 9.1162705e-05, Final residual = 3.0745294e-07, No Iterations 1
DILUPBiCGStab:  Solving for Uy, Initial residual = 0.00010502931, Final residual = 1.0544161e-06, No Iterations 1
DILUPBiCGStab:  Solving for Uz, Initial residual = 0.00010857475, Final residual = 4.1982162e-07, No Iterations 1
DILUPBiCGStab:  Solving for h, Initial residual = 6.6337455e-05, Final residual = 2.1524808e-07, No Iterations 1
Min/max T:139.8 508.46872
GAMG:  Solving for p_rgh, Initial residual = 3.8655918e-05, Final residual = 4.39485e-07, No Iterations 100
time step continuity errors : sum local = 0.0037697007, global = -2.5402331e-05, cumulative = -2.5402331e-05
GAMG:  Solving for p_rgh, Initial residual = 1.1573531e-05, Final residual = 1.1516616e-07, No Iterations 68
time step continuity errors : sum local = 0.00098800041, global = -1.0289391e-05, cumulative = -3.5691721e-05
DILUPBiCGStab:  Solving for omega, Initial residual = 3.7562897e-06, Final residual = 1.5557509e-08, No Iterations 1
DILUPBiCGStab:  Solving for k, Initial residual = 4.7818806e-05, Final residual = 1.2232707e-07, No Iterations 1
ExecutionTime = 37.377764 s  ClockTime = 59 s

Region: fluid Courant Number mean: 6446.4052 max: 10098.594
Region: solid Diffusion Number mean: 5397.6312 max: 53365.575
Time = 5168s


Solving for solid region solid
DICPCG:  Solving for e, Initial residual = 0.00017914966, Final residual = 2.4549511e-06, No Iterations 2
Min/max T:363.20294 542.21578

Solving for fluid region fluid
DILUPBiCGStab:  Solving for Ux, Initial residual = 9.1150991e-05, Final residual = 3.0740871e-07, No Iterations 1
DILUPBiCGStab:  Solving for Uy, Initial residual = 0.00010486334, Final residual = 1.0522466e-06, No Iterations 1
DILUPBiCGStab:  Solving for Uz, Initial residual = 0.00010860279, Final residual = 4.189443e-07, No Iterations 1
DILUPBiCGStab:  Solving for h, Initial residual = 6.6331539e-05, Final residual = 2.1522645e-07, No Iterations 1
Min/max T:139.8 508.48892
GAMG:  Solving for p_rgh, Initial residual = 3.8644269e-05, Final residual = 4.4586691e-07, No Iterations 100
time step continuity errors : sum local = 0.0038246811, global = -2.5668699e-05, cumulative = -2.5668699e-05
GAMG:  Solving for p_rgh, Initial residual = 1.1583258e-05, Final residual = 1.0719181e-07, No Iterations 70
time step continuity errors : sum local = 0.00091964851, global = -9.446273e-06, cumulative = -3.5114972e-05
DILUPBiCGStab:  Solving for omega, Initial residual = 3.7561621e-06, Final residual = 1.5557051e-08, No Iterations 1
DILUPBiCGStab:  Solving for k, Initial residual = 4.7818387e-05, Final residual = 1.2232445e-07, No Iterations 1
ExecutionTime = 37.573185 s  ClockTime = 59 s

Region: fluid Courant Number mean: 6446.5822 max: 10099.582
Region: solid Diffusion Number mean: 5397.6312 max: 53365.575
Time = 5169s


Solving for solid region solid
DICPCG:  Solving for e, Initial residual = 0.00017913072, Final residual = 2.454689e-06, No Iterations 2
Min/max T:363.21978 542.23612

Solving for fluid region fluid
DILUPBiCGStab:  Solving for Ux, Initial residual = 9.1149194e-05, Final residual = 3.0739705e-07, No Iterations 1
DILUPBiCGStab:  Solving for Uy, Initial residual = 0.00010457092, Final residual = 1.0530108e-06, No Iterations 1
DILUPBiCGStab:  Solving for Uz, Initial residual = 0.00010863958, Final residual = 4.1956525e-07, No Iterations 1
DILUPBiCGStab:  Solving for h, Initial residual = 6.6325604e-05, Final residual = 2.1520202e-07, No Iterations 1
Min/max T:139.8 508.50912
GAMG:  Solving for p_rgh, Initial residual = 3.8627881e-05, Final residual = 4.4026946e-07, No Iterations 100
time step continuity errors : sum local = 0.0037769072, global = -2.5334948e-05, cumulative = -2.5334948e-05
GAMG:  Solving for p_rgh, Initial residual = 1.1594591e-05, Final residual = 1.1391185e-07, No Iterations 68
time step continuity errors : sum local = 0.00097736164, global = -9.9805234e-06, cumulative = -3.5315471e-05
DILUPBiCGStab:  Solving for omega, Initial residual = 3.7561135e-06, Final residual = 1.5557032e-08, No Iterations 1
DILUPBiCGStab:  Solving for k, Initial residual = 4.7816302e-05, Final residual = 1.2231968e-07, No Iterations 1
ExecutionTime = 37.774438 s  ClockTime = 60 s

Region: fluid Courant Number mean: 6446.7592 max: 10100.571
Region: solid Diffusion Number mean: 5397.6312 max: 53365.575
Time = 5170s


Solving for solid region solid
DICPCG:  Solving for e, Initial residual = 0.00017911177, Final residual = 2.4544268e-06, No Iterations 2
Min/max T:363.23663 542.25647

Solving for fluid region fluid
DILUPBiCGStab:  Solving for Ux, Initial residual = 9.1129078e-05, Final residual = 3.0732715e-07, No Iterations 1
DILUPBiCGStab:  Solving for Uy, Initial residual = 0.00010495816, Final residual = 1.0573384e-06, No Iterations 1
DILUPBiCGStab:  Solving for Uz, Initial residual = 0.00010865845, Final residual = 4.1146461e-07, No Iterations 1
DILUPBiCGStab:  Solving for h, Initial residual = 6.631971e-05, Final residual = 2.1517662e-07, No Iterations 1
Min/max T:139.8 508.52933
GAMG:  Solving for p_rgh, Initial residual = 3.8628623e-05, Final residual = 4.4387222e-07, No Iterations 100
time step continuity errors : sum local = 0.0038080487, global = -2.5270862e-05, cumulative = -2.5270862e-05
GAMG:  Solving for p_rgh, Initial residual = 1.1612646e-05, Final residual = 1.1526479e-07, No Iterations 68
time step continuity errors : sum local = 0.00098903165, global = -1.0255332e-05, cumulative = -3.5526194e-05
DILUPBiCGStab:  Solving for omega, Initial residual = 3.7560501e-06, Final residual = 1.5556929e-08, No Iterations 1
DILUPBiCGStab:  Solving for k, Initial residual = 4.7814487e-05, Final residual = 1.2231543e-07, No Iterations 1
ExecutionTime = 38.049845 s  ClockTime = 60 s

Region: fluid Courant Number mean: 6446.9362 max: 10101.559
Region: solid Diffusion Number mean: 5397.6312 max: 53365.575
Time = 5171s


Solving for solid region solid
DICPCG:  Solving for e, Initial residual = 0.00017909283, Final residual = 2.4541648e-06, No Iterations 2
Min/max T:363.25347 542.27681

Solving for fluid region fluid
DILUPBiCGStab:  Solving for Ux, Initial residual = 9.111935e-05, Final residual = 3.0729123e-07, No Iterations 1
DILUPBiCGStab:  Solving for Uy, Initial residual = 0.00010493835, Final residual = 1.0566912e-06, No Iterations 1
DILUPBiCGStab:  Solving for Uz, Initial residual = 0.00010873118, Final residual = 4.0977281e-07, No Iterations 1
DILUPBiCGStab:  Solving for h, Initial residual = 6.6313753e-05, Final residual = 2.1515591e-07, No Iterations 1
Min/max T:139.8 508.54952
GAMG:  Solving for p_rgh, Initial residual = 3.8533722e-05, Final residual = 4.4335594e-07, No Iterations 100
time step continuity errors : sum local = 0.0038038576, global = -2.5932867e-05, cumulative = -2.5932867e-05
GAMG:  Solving for p_rgh, Initial residual = 1.1586393e-05, Final residual = 1.0758123e-07, No Iterations 70
time step continuity errors : sum local = 0.00092316262, global = -9.6347062e-06, cumulative = -3.5567573e-05
DILUPBiCGStab:  Solving for omega, Initial residual = 3.7559267e-06, Final residual = 1.5556526e-08, No Iterations 1
DILUPBiCGStab:  Solving for k, Initial residual = 4.7813106e-05, Final residual = 1.2231127e-07, No Iterations 1
ExecutionTime = 38.284926 s  ClockTime = 60 s

Region: fluid Courant Number mean: 6447.1132 max: 10102.548
Region: solid Diffusion Number mean: 5397.6312 max: 53365.575
Time = 5172s


Solving for solid region solid
DICPCG:  Solving for e, Initial residual = 0.00017907389, Final residual = 2.4539026e-06, No Iterations 2
Min/max T:363.27031 542.29716

Solving for fluid region fluid
DILUPBiCGStab:  Solving for Ux, Initial residual = 9.1117142e-05, Final residual = 3.072787e-07, No Iterations 1
DILUPBiCGStab:  Solving for Uy, Initial residual = 0.00010487842, Final residual = 1.0554362e-06, No Iterations 1
DILUPBiCGStab:  Solving for Uz, Initial residual = 0.0001087307, Final residual = 4.0872436e-07, No Iterations 1
DILUPBiCGStab:  Solving for h, Initial residual = 6.6307831e-05, Final residual = 2.151362e-07, No Iterations 1
Min/max T:139.8 508.56972
GAMG:  Solving for p_rgh, Initial residual = 3.8520775e-05, Final residual = 4.4147281e-07, No Iterations 100
time step continuity errors : sum local = 0.0037879426, global = -2.5425755e-05, cumulative = -2.5425755e-05
GAMG:  Solving for p_rgh, Initial residual = 1.1573713e-05, Final residual = 1.1557453e-07, No Iterations 68
time step continuity errors : sum local = 0.00099181608, global = -1.0442409e-05, cumulative = -3.5868164e-05
DILUPBiCGStab:  Solving for omega, Initial residual = 3.7557944e-06, Final residual = 1.5556072e-08, No Iterations 1
DILUPBiCGStab:  Solving for k, Initial residual = 4.781121e-05, Final residual = 1.2230596e-07, No Iterations 1
ExecutionTime = 38.46321 s  ClockTime = 60 s

Region: fluid Courant Number mean: 6447.2903 max: 10103.537
Region: solid Diffusion Number mean: 5397.6312 max: 53365.575
Time = 5173s


Solving for solid region solid
DICPCG:  Solving for e, Initial residual = 0.00017905495, Final residual = 2.4536404e-06, No Iterations 2
Min/max T:363.28715 542.31749

Solving for fluid region fluid
DILUPBiCGStab:  Solving for Ux, Initial residual = 9.1106498e-05, Final residual = 3.0723977e-07, No Iterations 1
DILUPBiCGStab:  Solving for Uy, Initial residual = 0.00010520474, Final residual = 1.0619407e-06, No Iterations 1
DILUPBiCGStab:  Solving for Uz, Initial residual = 0.00010870419, Final residual = 4.0689761e-07, No Iterations 1
DILUPBiCGStab:  Solving for h, Initial residual = 6.6301944e-05, Final residual = 2.1511722e-07, No Iterations 1
Min/max T:139.8 508.58992
GAMG:  Solving for p_rgh, Initial residual = 3.8664047e-05, Final residual = 4.3978997e-07, No Iterations 100
time step continuity errors : sum local = 0.0037737419, global = -2.5422906e-05, cumulative = -2.5422906e-05
GAMG:  Solving for p_rgh, Initial residual = 1.1596351e-05, Final residual = 1.1556524e-07, No Iterations 68
time step continuity errors : sum local = 0.00099179753, global = -1.0382151e-05, cumulative = -3.5805057e-05
DILUPBiCGStab:  Solving for omega, Initial residual = 3.7556523e-06, Final residual = 1.5555526e-08, No Iterations 1
DILUPBiCGStab:  Solving for k, Initial residual = 4.7809459e-05, Final residual = 1.2230116e-07, No Iterations 1
ExecutionTime = 38.647018 s  ClockTime = 60 s

Region: fluid Courant Number mean: 6447.4673 max: 10104.526
Region: solid Diffusion Number mean: 5397.6312 max: 53365.575
Time = 5174s


Solving for solid region solid
DICPCG:  Solving for e, Initial residual = 0.00017903601, Final residual = 2.4533783e-06, No Iterations 2
Min/max T:363.30398 542.33783

Solving for fluid region fluid
DILUPBiCGStab:  Solving for Ux, Initial residual = 9.1096546e-05, Final residual = 3.0720613e-07, No Iterations 1
DILUPBiCGStab:  Solving for Uy, Initial residual = 0.00010567907, Final residual = 1.0723023e-06, No Iterations 1
DILUPBiCGStab:  Solving for Uz, Initial residual = 0.00010869076, Final residual = 4.0721163e-07, No Iterations 1
DILUPBiCGStab:  Solving for h, Initial residual = 6.629603e-05, Final residual = 2.1509784e-07, No Iterations 1
Min/max T:139.8 508.61011
GAMG:  Solving for p_rgh, Initial residual = 3.8717866e-05, Final residual = 4.4422578e-07, No Iterations 100
time step continuity errors : sum local = 0.0038120436, global = -2.5934186e-05, cumulative = -2.5934186e-05
GAMG:  Solving for p_rgh, Initial residual = 1.1628012e-05, Final residual = 1.0823245e-07, No Iterations 70
time step continuity errors : sum local = 0.00092892792, global = -9.603727e-06, cumulative = -3.5537913e-05
DILUPBiCGStab:  Solving for omega, Initial residual = 3.7554675e-06, Final residual = 1.5554668e-08, No Iterations 1
DILUPBiCGStab:  Solving for k, Initial residual = 4.7808665e-05, Final residual = 1.2229784e-07, No Iterations 1
ExecutionTime = 38.833813 s  ClockTime = 61 s

Region: fluid Courant Number mean: 6447.6444 max: 10105.515
Region: solid Diffusion Number mean: 5397.6312 max: 53365.575
Time = 5175s


Solving for solid region solid
DICPCG:  Solving for e, Initial residual = 0.00017901708, Final residual = 2.4531163e-06, No Iterations 2
Min/max T:363.32082 542.35817

Solving for fluid region fluid
DILUPBiCGStab:  Solving for Ux, Initial residual = 9.1097859e-05, Final residual = 3.072084e-07, No Iterations 1
DILUPBiCGStab:  Solving for Uy, Initial residual = 0.0001057647, Final residual = 1.074305e-06, No Iterations 1
DILUPBiCGStab:  Solving for Uz, Initial residual = 0.00010868259, Final residual = 4.0822149e-07, No Iterations 1
DILUPBiCGStab:  Solving for h, Initial residual = 6.6290114e-05, Final residual = 2.1507807e-07, No Iterations 1
Min/max T:139.8 508.6303
GAMG:  Solving for p_rgh, Initial residual = 3.8512794e-05, Final residual = 4.426372e-07, No Iterations 100
time step continuity errors : sum local = 0.0037986541, global = -2.5520833e-05, cumulative = -2.5520833e-05
GAMG:  Solving for p_rgh, Initial residual = 1.1587247e-05, Final residual = 1.1554044e-07, No Iterations 68
time step continuity errors : sum local = 0.0009917113, global = -1.0487647e-05, cumulative = -3.600848e-05
DILUPBiCGStab:  Solving for omega, Initial residual = 3.755271e-06, Final residual = 1.5553658e-08, No Iterations 1
DILUPBiCGStab:  Solving for k, Initial residual = 4.7807725e-05, Final residual = 1.2229372e-07, No Iterations 1
ExecutionTime = 39.138713 s  ClockTime = 61 s

Region: fluid Courant Number mean: 6447.8215 max: 10106.505
Region: solid Diffusion Number mean: 5397.6312 max: 53365.575
Time = 5176s


Solving for solid region solid
DICPCG:  Solving for e, Initial residual = 0.00017899814, Final residual = 2.4528542e-06, No Iterations 2
Min/max T:363.33765 542.3785

Solving for fluid region fluid
DILUPBiCGStab:  Solving for Ux, Initial residual = 9.1091935e-05, Final residual = 3.0718451e-07, No Iterations 1
DILUPBiCGStab:  Solving for Uy, Initial residual = 0.00010574484, Final residual = 1.0741511e-06, No Iterations 1
DILUPBiCGStab:  Solving for Uz, Initial residual = 0.00010864175, Final residual = 4.0678632e-07, No Iterations 1
DILUPBiCGStab:  Solving for h, Initial residual = 6.628423e-05, Final residual = 2.1505896e-07, No Iterations 1
Min/max T:139.8 508.65049
GAMG:  Solving for p_rgh, Initial residual = 3.895064e-05, Final residual = 4.4319201e-07, No Iterations 100
time step continuity errors : sum local = 0.003803653, global = -2.5699987e-05, cumulative = -2.5699987e-05
GAMG:  Solving for p_rgh, Initial residual = 1.1726109e-05, Final residual = 1.0856728e-07, No Iterations 70
time step continuity errors : sum local = 0.00093191768, global = -9.4690448e-06, cumulative = -3.5169032e-05
DILUPBiCGStab:  Solving for omega, Initial residual = 3.7550616e-06, Final residual = 1.5551553e-08, No Iterations 1
DILUPBiCGStab:  Solving for k, Initial residual = 4.7806603e-05, Final residual = 1.2228972e-07, No Iterations 1
ExecutionTime = 39.439977 s  ClockTime = 61 s

Region: fluid Courant Number mean: 6447.9985 max: 10107.514
Region: solid Diffusion Number mean: 5397.6312 max: 53365.575
Time = 5177s


Solving for solid region solid
DICPCG:  Solving for e, Initial residual = 0.0001789792, Final residual = 2.4525922e-06, No Iterations 2
Min/max T:363.35447 542.39883

Solving for fluid region fluid
DILUPBiCGStab:  Solving for Ux, Initial residual = 9.1081732e-05, Final residual = 3.0715151e-07, No Iterations 1
DILUPBiCGStab:  Solving for Uy, Initial residual = 0.00010582047, Final residual = 1.0719757e-06, No Iterations 1
DILUPBiCGStab:  Solving for Uz, Initial residual = 0.00010846807, Final residual = 4.0089159e-07, No Iterations 1
DILUPBiCGStab:  Solving for h, Initial residual = 6.6278255e-05, Final residual = 2.1503852e-07, No Iterations 1
Min/max T:139.8 508.67067
GAMG:  Solving for p_rgh, Initial residual = 3.8828085e-05, Final residual = 4.4462456e-07, No Iterations 100
time step continuity errors : sum local = 0.0038161872, global = -2.6156739e-05, cumulative = -2.6156739e-05
GAMG:  Solving for p_rgh, Initial residual = 1.164101e-05, Final residual = 1.0871424e-07, No Iterations 70
time step continuity errors : sum local = 0.00093323778, global = -9.5051684e-06, cumulative = -3.5661907e-05
DILUPBiCGStab:  Solving for omega, Initial residual = 3.7546099e-06, Final residual = 1.5550891e-08, No Iterations 1
DILUPBiCGStab:  Solving for k, Initial residual = 4.7805591e-05, Final residual = 1.2228661e-07, No Iterations 1
ExecutionTime = 39.66263 s  ClockTime = 62 s

Region: fluid Courant Number mean: 6448.1755 max: 10108.471
Region: solid Diffusion Number mean: 5397.6312 max: 53365.575
Time = 5178s


Solving for solid region solid
DICPCG:  Solving for e, Initial residual = 0.00017896027, Final residual = 2.4523302e-06, No Iterations 2
Min/max T:363.3713 542.41916

Solving for fluid region fluid
DILUPBiCGStab:  Solving for Ux, Initial residual = 9.1074791e-05, Final residual = 3.0712084e-07, No Iterations 1
DILUPBiCGStab:  Solving for Uy, Initial residual = 0.00010531486, Final residual = 1.0731873e-06, No Iterations 1
DILUPBiCGStab:  Solving for Uz, Initial residual = 0.00010795026, Final residual = 4.0185269e-07, No Iterations 1
DILUPBiCGStab:  Solving for h, Initial residual = 6.6271938e-05, Final residual = 2.1501711e-07, No Iterations 1
Min/max T:139.8 508.69086
GAMG:  Solving for p_rgh, Initial residual = 3.880209e-05, Final residual = 4.4365349e-07, No Iterations 100
time step continuity errors : sum local = 0.0038080949, global = -2.548516e-05, cumulative = -2.548516e-05
GAMG:  Solving for p_rgh, Initial residual = 1.1674522e-05, Final residual = 1.1664026e-07, No Iterations 68
time step continuity errors : sum local = 0.0010013409, global = -1.0390708e-05, cumulative = -3.5875867e-05
DILUPBiCGStab:  Solving for omega, Initial residual = 3.7542949e-06, Final residual = 1.5550189e-08, No Iterations 1
DILUPBiCGStab:  Solving for k, Initial residual = 4.7804276e-05, Final residual = 1.2228403e-07, No Iterations 1
ExecutionTime = 39.863791 s  ClockTime = 62 s

Region: fluid Courant Number mean: 6448.3524 max: 10109.442
Region: solid Diffusion Number mean: 5397.6312 max: 53365.575
Time = 5179s


Solving for solid region solid
DICPCG:  Solving for e, Initial residual = 0.00017894134, Final residual = 2.4520682e-06, No Iterations 2
Min/max T:363.38812 542.43949

Solving for fluid region fluid
DILUPBiCGStab:  Solving for Ux, Initial residual = 9.106487e-05, Final residual = 3.0708071e-07, No Iterations 1
DILUPBiCGStab:  Solving for Uy, Initial residual = 0.00010514853, Final residual = 1.0756732e-06, No Iterations 1
DILUPBiCGStab:  Solving for Uz, Initial residual = 0.00010784729, Final residual = 4.0196505e-07, No Iterations 1
DILUPBiCGStab:  Solving for h, Initial residual = 6.6265835e-05, Final residual = 2.1499748e-07, No Iterations 1
Min/max T:139.8 508.71104
GAMG:  Solving for p_rgh, Initial residual = 3.8675939e-05, Final residual = 4.4469678e-07, No Iterations 100
time step continuity errors : sum local = 0.0038172908, global = -2.5859432e-05, cumulative = -2.5859432e-05
GAMG:  Solving for p_rgh, Initial residual = 1.1651803e-05, Final residual = 1.0802154e-07, No Iterations 70
time step continuity errors : sum local = 0.00092740824, global = -9.4855656e-06, cumulative = -3.5344998e-05
DILUPBiCGStab:  Solving for omega, Initial residual = 3.7540382e-06, Final residual = 1.5549538e-08, No Iterations 1
DILUPBiCGStab:  Solving for k, Initial residual = 4.7803264e-05, Final residual = 1.2228166e-07, No Iterations 1
ExecutionTime = 40.131 s  ClockTime = 62 s

Region: fluid Courant Number mean: 6448.5294 max: 10110.416
Region: solid Diffusion Number mean: 5397.6312 max: 53365.575
Time = 5180s


Solving for solid region solid
DICPCG:  Solving for e, Initial residual = 0.0001789224, Final residual = 2.4518062e-06, No Iterations 2
Min/max T:363.40494 542.45982

Solving for fluid region fluid
DILUPBiCGStab:  Solving for Ux, Initial residual = 9.1058529e-05, Final residual = 3.0705406e-07, No Iterations 1
DILUPBiCGStab:  Solving for Uy, Initial residual = 0.00010530208, Final residual = 1.0781409e-06, No Iterations 1
DILUPBiCGStab:  Solving for Uz, Initial residual = 0.00010788766, Final residual = 4.0264206e-07, No Iterations 1
DILUPBiCGStab:  Solving for h, Initial residual = 6.6259817e-05, Final residual = 2.1497904e-07, No Iterations 1
Min/max T:139.8 508.73122
GAMG:  Solving for p_rgh, Initial residual = 3.8867378e-05, Final residual = 4.4133429e-07, No Iterations 100
time step continuity errors : sum local = 0.0037886661, global = -2.5436898e-05, cumulative = -2.5436898e-05
GAMG:  Solving for p_rgh, Initial residual = 1.166897e-05, Final residual = 1.1584267e-07, No Iterations 68
time step continuity errors : sum local = 0.00099461875, global = -1.0456138e-05, cumulative = -3.5893037e-05
DILUPBiCGStab:  Solving for omega, Initial residual = 3.7537992e-06, Final residual = 1.5549039e-08, No Iterations 1
DILUPBiCGStab:  Solving for k, Initial residual = 4.7801962e-05, Final residual = 1.2227846e-07, No Iterations 1
ExecutionTime = 40.521204 s  ClockTime = 63 s

Region: fluid Courant Number mean: 6448.7064 max: 10111.388
Region: solid Diffusion Number mean: 5397.6312 max: 53365.575
Time = 5181s


Solving for solid region solid
DICPCG:  Solving for e, Initial residual = 0.00017890347, Final residual = 2.4515442e-06, No Iterations 2
Min/max T:363.42176 542.48014

Solving for fluid region fluid
DILUPBiCGStab:  Solving for Ux, Initial residual = 9.1049695e-05, Final residual = 3.0701969e-07, No Iterations 1
DILUPBiCGStab:  Solving for Uy, Initial residual = 0.00010515164, Final residual = 1.0768277e-06, No Iterations 1
DILUPBiCGStab:  Solving for Uz, Initial residual = 0.00010787704, Final residual = 4.0115187e-07, No Iterations 1
DILUPBiCGStab:  Solving for h, Initial residual = 6.6253859e-05, Final residual = 2.1496168e-07, No Iterations 1
Min/max T:139.8 508.7514
GAMG:  Solving for p_rgh, Initial residual = 3.8727154e-05, Final residual = 4.39959e-07, No Iterations 100
time step continuity errors : sum local = 0.0037770961, global = -2.5168615e-05, cumulative = -2.5168615e-05
GAMG:  Solving for p_rgh, Initial residual = 1.1663017e-05, Final residual = 1.1581535e-07, No Iterations 68
time step continuity errors : sum local = 0.00099444501, global = -1.0388672e-05, cumulative = -3.5557287e-05
DILUPBiCGStab:  Solving for omega, Initial residual = 3.7535872e-06, Final residual = 1.5548635e-08, No Iterations 1
DILUPBiCGStab:  Solving for k, Initial residual = 4.7800163e-05, Final residual = 1.2227428e-07, No Iterations 1
ExecutionTime = 40.808333 s  ClockTime = 63 s

Region: fluid Courant Number mean: 6448.8834 max: 10112.36
Region: solid Diffusion Number mean: 5397.6312 max: 53365.575
Time = 5182s


Solving for solid region solid
DICPCG:  Solving for e, Initial residual = 0.00017888454, Final residual = 2.4512823e-06, No Iterations 2
Min/max T:363.43857 542.50046

Solving for fluid region fluid
DILUPBiCGStab:  Solving for Ux, Initial residual = 9.1035984e-05, Final residual = 3.0697118e-07, No Iterations 1
DILUPBiCGStab:  Solving for Uy, Initial residual = 0.00010540202, Final residual = 1.075436e-06, No Iterations 1
DILUPBiCGStab:  Solving for Uz, Initial residual = 0.00010780431, Final residual = 3.9836469e-07, No Iterations 1
DILUPBiCGStab:  Solving for h, Initial residual = 6.6247934e-05, Final residual = 2.14943e-07, No Iterations 1
Min/max T:139.8 508.77158
GAMG:  Solving for p_rgh, Initial residual = 3.8528951e-05, Final residual = 4.4149223e-07, No Iterations 100
time step continuity errors : sum local = 0.0037904965, global = -2.5695817e-05, cumulative = -2.5695817e-05
GAMG:  Solving for p_rgh, Initial residual = 1.1586281e-05, Final residual = 1.0757175e-07, No Iterations 70
time step continuity errors : sum local = 0.0009237203, global = -9.4941184e-06, cumulative = -3.5189935e-05
DILUPBiCGStab:  Solving for omega, Initial residual = 3.7533702e-06, Final residual = 1.5547998e-08, No Iterations 1
DILUPBiCGStab:  Solving for k, Initial residual = 4.7798542e-05, Final residual = 1.2227009e-07, No Iterations 1
ExecutionTime = 40.994475 s  ClockTime = 63 s

Region: fluid Courant Number mean: 6449.0604 max: 10113.331
Region: solid Diffusion Number mean: 5397.6312 max: 53365.575
Time = 5183s


Solving for solid region solid
DICPCG:  Solving for e, Initial residual = 0.00017886561, Final residual = 2.4510204e-06, No Iterations 2
Min/max T:363.45538 542.52078

Solving for fluid region fluid
DILUPBiCGStab:  Solving for Ux, Initial residual = 9.1027376e-05, Final residual = 3.069391e-07, No Iterations 1
DILUPBiCGStab:  Solving for Uy, Initial residual = 0.00010460849, Final residual = 1.0641828e-06, No Iterations 1
DILUPBiCGStab:  Solving for Uz, Initial residual = 0.00010774872, Final residual = 3.9898528e-07, No Iterations 1
DILUPBiCGStab:  Solving for h, Initial residual = 6.6242018e-05, Final residual = 2.1492362e-07, No Iterations 1
Min/max T:139.8 508.79176
GAMG:  Solving for p_rgh, Initial residual = 3.8512501e-05, Final residual = 4.4133314e-07, No Iterations 100
time step continuity errors : sum local = 0.0037893723, global = -2.5707187e-05, cumulative = -2.5707187e-05
GAMG:  Solving for p_rgh, Initial residual = 1.1575562e-05, Final residual = 1.074674e-07, No Iterations 70
time step continuity errors : sum local = 0.00092288414, global = -9.4462466e-06, cumulative = -3.5153433e-05
DILUPBiCGStab:  Solving for omega, Initial residual = 3.7531576e-06, Final residual = 1.5547287e-08, No Iterations 1
DILUPBiCGStab:  Solving for k, Initial residual = 4.7796783e-05, Final residual = 1.2226542e-07, No Iterations 1
ExecutionTime = 41.198847 s  ClockTime = 63 s

Region: fluid Courant Number mean: 6449.2374 max: 10114.301
Region: solid Diffusion Number mean: 5397.6312 max: 53365.575
Time = 5184s


Solving for solid region solid
DICPCG:  Solving for e, Initial residual = 0.00017884669, Final residual = 2.4507585e-06, No Iterations 2
Min/max T:363.47219 542.5411

Solving for fluid region fluid
DILUPBiCGStab:  Solving for Ux, Initial residual = 9.1018478e-05, Final residual = 3.0690656e-07, No Iterations 1
DILUPBiCGStab:  Solving for Uy, Initial residual = 0.00010393673, Final residual = 1.0575619e-06, No Iterations 1
DILUPBiCGStab:  Solving for Uz, Initial residual = 0.00010770532, Final residual = 4.0270343e-07, No Iterations 1
DILUPBiCGStab:  Solving for h, Initial residual = 6.6236149e-05, Final residual = 2.1490257e-07, No Iterations 1
Min/max T:139.8 508.81193
GAMG:  Solving for p_rgh, Initial residual = 3.8333693e-05, Final residual = 4.4375007e-07, No Iterations 100
time step continuity errors : sum local = 0.003810368, global = -2.5890462e-05, cumulative = -2.5890462e-05
GAMG:  Solving for p_rgh, Initial residual = 1.1556555e-05, Final residual = 1.0835265e-07, No Iterations 70
time step continuity errors : sum local = 0.00093054715, global = -9.5796056e-06, cumulative = -3.5470068e-05
DILUPBiCGStab:  Solving for omega, Initial residual = 3.7529549e-06, Final residual = 1.5546605e-08, No Iterations 1
DILUPBiCGStab:  Solving for k, Initial residual = 4.7795492e-05, Final residual = 1.2226165e-07, No Iterations 1
ExecutionTime = 41.386119 s  ClockTime = 64 s

Region: fluid Courant Number mean: 6449.4144 max: 10115.271
Region: solid Diffusion Number mean: 5397.6312 max: 53365.575
Time = 5185s


Solving for solid region solid
DICPCG:  Solving for e, Initial residual = 0.00017882776, Final residual = 2.4504966e-06, No Iterations 2
Min/max T:363.489 542.56142

Solving for fluid region fluid
DILUPBiCGStab:  Solving for Ux, Initial residual = 9.1014482e-05, Final residual = 3.0688818e-07, No Iterations 1
DILUPBiCGStab:  Solving for Uy, Initial residual = 0.00010393893, Final residual = 1.0577194e-06, No Iterations 1
DILUPBiCGStab:  Solving for Uz, Initial residual = 0.00010766094, Final residual = 4.023429e-07, No Iterations 1
DILUPBiCGStab:  Solving for h, Initial residual = 6.6230313e-05, Final residual = 2.148814e-07, No Iterations 1
Min/max T:139.8 508.8321
GAMG:  Solving for p_rgh, Initial residual = 3.8348697e-05, Final residual = 4.4618096e-07, No Iterations 100
time step continuity errors : sum local = 0.0038314892, global = -2.5746151e-05, cumulative = -2.5746151e-05
GAMG:  Solving for p_rgh, Initial residual = 1.1576329e-05, Final residual = 1.082171e-07, No Iterations 70
time step continuity errors : sum local = 0.00092944177, global = -9.613221e-06, cumulative = -3.5359372e-05
DILUPBiCGStab:  Solving for omega, Initial residual = 3.7527564e-06, Final residual = 1.5545875e-08, No Iterations 1
DILUPBiCGStab:  Solving for k, Initial residual = 4.779421e-05, Final residual = 1.222577e-07, No Iterations 1
ExecutionTime = 41.566518 s  ClockTime = 64 s

Region: fluid Courant Number mean: 6449.5914 max: 10116.24
Region: solid Diffusion Number mean: 5397.6312 max: 53365.575
Time = 5186s


Solving for solid region solid
DICPCG:  Solving for e, Initial residual = 0.00017880883, Final residual = 2.4502346e-06, No Iterations 2
Min/max T:363.5058 542.58173

Solving for fluid region fluid
DILUPBiCGStab:  Solving for Ux, Initial residual = 9.1007871e-05, Final residual = 3.0686064e-07, No Iterations 1
DILUPBiCGStab:  Solving for Uy, Initial residual = 0.00010397638, Final residual = 1.0591212e-06, No Iterations 1
DILUPBiCGStab:  Solving for Uz, Initial residual = 0.00010762476, Final residual = 4.0147695e-07, No Iterations 1
DILUPBiCGStab:  Solving for h, Initial residual = 6.6224522e-05, Final residual = 2.1486143e-07, No Iterations 1
Min/max T:139.8 508.85227
GAMG:  Solving for p_rgh, Initial residual = 3.8349014e-05, Final residual = 4.4197521e-07, No Iterations 100
time step continuity errors : sum local = 0.0037956176, global = -2.5619058e-05, cumulative = -2.5619058e-05
GAMG:  Solving for p_rgh, Initial residual = 1.1572426e-05, Final residual = 1.0736377e-07, No Iterations 70
time step continuity errors : sum local = 0.00092217049, global = -9.7139506e-06, cumulative = -3.5333009e-05
DILUPBiCGStab:  Solving for omega, Initial residual = 3.7525719e-06, Final residual = 1.5545186e-08, No Iterations 1
DILUPBiCGStab:  Solving for k, Initial residual = 4.779283e-05, Final residual = 1.2225368e-07, No Iterations 1
ExecutionTime = 41.734525 s  ClockTime = 64 s

Region: fluid Courant Number mean: 6449.7684 max: 10117.209
Region: solid Diffusion Number mean: 5397.6312 max: 53365.575
Time = 5187s


Solving for solid region solid
DICPCG:  Solving for e, Initial residual = 0.00017878991, Final residual = 2.4499727e-06, No Iterations 2
Min/max T:363.52261 542.60204

Solving for fluid region fluid
DILUPBiCGStab:  Solving for Ux, Initial residual = 9.0997785e-05, Final residual = 3.0682236e-07, No Iterations 1
DILUPBiCGStab:  Solving for Uy, Initial residual = 0.00010402738, Final residual = 1.0617545e-06, No Iterations 1
DILUPBiCGStab:  Solving for Uz, Initial residual = 0.00010758071, Final residual = 3.9956985e-07, No Iterations 1
DILUPBiCGStab:  Solving for h, Initial residual = 6.6218748e-05, Final residual = 2.148416e-07, No Iterations 1
Min/max T:139.8 508.87244
GAMG:  Solving for p_rgh, Initial residual = 3.8414412e-05, Final residual = 4.4332512e-07, No Iterations 100
time step continuity errors : sum local = 0.0038074521, global = -2.564442e-05, cumulative = -2.564442e-05
GAMG:  Solving for p_rgh, Initial residual = 1.15737e-05, Final residual = 1.0759152e-07, No Iterations 70
time step continuity errors : sum local = 0.0009241864, global = -9.5466699e-06, cumulative = -3.519109e-05
DILUPBiCGStab:  Solving for omega, Initial residual = 3.7524146e-06, Final residual = 1.5544396e-08, No Iterations 1
DILUPBiCGStab:  Solving for k, Initial residual = 4.7791717e-05, Final residual = 1.2225015e-07, No Iterations 1
ExecutionTime = 41.905552 s  ClockTime = 64 s

Region: fluid Courant Number mean: 6449.9455 max: 10118.178
Region: solid Diffusion Number mean: 5397.6312 max: 53365.575
Time = 5188s


Solving for solid region solid
DICPCG:  Solving for e, Initial residual = 0.00017877098, Final residual = 2.4497109e-06, No Iterations 2
Min/max T:363.53941 542.62235

Solving for fluid region fluid
DILUPBiCGStab:  Solving for Ux, Initial residual = 9.0990846e-05, Final residual = 3.0679444e-07, No Iterations 1
DILUPBiCGStab:  Solving for Uy, Initial residual = 0.00010439575, Final residual = 1.0643721e-06, No Iterations 1
DILUPBiCGStab:  Solving for Uz, Initial residual = 0.00010752821, Final residual = 3.9888527e-07, No Iterations 1
DILUPBiCGStab:  Solving for h, Initial residual = 6.6212983e-05, Final residual = 2.1481831e-07, No Iterations 1
Min/max T:139.8 508.8926
GAMG:  Solving for p_rgh, Initial residual = 3.8319871e-05, Final residual = 4.4529171e-07, No Iterations 100
time step continuity errors : sum local = 0.0038245857, global = -2.5881946e-05, cumulative = -2.5881946e-05
GAMG:  Solving for p_rgh, Initial residual = 1.1549674e-05, Final residual = 1.0845969e-07, No Iterations 70
time step continuity errors : sum local = 0.00093170488, global = -9.615227e-06, cumulative = -3.5497173e-05
DILUPBiCGStab:  Solving for omega, Initial residual = 3.7521892e-06, Final residual = 1.5543678e-08, No Iterations 1
DILUPBiCGStab:  Solving for k, Initial residual = 4.7791115e-05, Final residual = 1.2224744e-07, No Iterations 1
ExecutionTime = 42.088833 s  ClockTime = 64 s

Region: fluid Courant Number mean: 6450.1225 max: 10119.147
Region: solid Diffusion Number mean: 5397.6312 max: 53365.575
Time = 5189s


Solving for solid region solid
DICPCG:  Solving for e, Initial residual = 0.00017875206, Final residual = 2.4494491e-06, No Iterations 2
Min/max T:363.5562 542.64266

Solving for fluid region fluid
DILUPBiCGStab:  Solving for Ux, Initial residual = 9.0990652e-05, Final residual = 3.0678885e-07, No Iterations 1
DILUPBiCGStab:  Solving for Uy, Initial residual = 0.00010436267, Final residual = 1.0664428e-06, No Iterations 1
DILUPBiCGStab:  Solving for Uz, Initial residual = 0.0001074192, Final residual = 3.9984841e-07, No Iterations 1
DILUPBiCGStab:  Solving for h, Initial residual = 6.6207221e-05, Final residual = 2.1479233e-07, No Iterations 1
Min/max T:139.8 508.91277
GAMG:  Solving for p_rgh, Initial residual = 3.8635467e-05, Final residual = 4.4820627e-07, No Iterations 100
time step continuity errors : sum local = 0.003849868, global = -2.5520561e-05, cumulative = -2.5520561e-05
GAMG:  Solving for p_rgh, Initial residual = 1.1639818e-05, Final residual = 1.0773549e-07, No Iterations 70
time step continuity errors : sum local = 0.0009255439, global = -9.6289255e-06, cumulative = -3.5149487e-05
DILUPBiCGStab:  Solving for omega, Initial residual = 3.7520156e-06, Final residual = 1.5543371e-08, No Iterations 1
DILUPBiCGStab:  Solving for k, Initial residual = 4.7791213e-05, Final residual = 1.22246e-07, No Iterations 1
ExecutionTime = 42.286676 s  ClockTime = 65 s

Region: fluid Courant Number mean: 6450.2996 max: 10120.116
Region: solid Diffusion Number mean: 5397.6312 max: 53365.575
Time = 5190s


Solving for solid region solid
DICPCG:  Solving for e, Initial residual = 0.00017873313, Final residual = 2.4491873e-06, No Iterations 2
Min/max T:363.573 542.66297

Solving for fluid region fluid
DILUPBiCGStab:  Solving for Ux, Initial residual = 9.0992249e-05, Final residual = 3.0678934e-07, No Iterations 1
DILUPBiCGStab:  Solving for Uy, Initial residual = 0.00010459941, Final residual = 1.0691329e-06, No Iterations 1
DILUPBiCGStab:  Solving for Uz, Initial residual = 0.00010742528, Final residual = 4.0150919e-07, No Iterations 1
DILUPBiCGStab:  Solving for h, Initial residual = 6.6201534e-05, Final residual = 2.1476881e-07, No Iterations 1
Min/max T:139.8 508.93293
GAMG:  Solving for p_rgh, Initial residual = 3.8528963e-05, Final residual = 4.4526249e-07, No Iterations 100
time step continuity errors : sum local = 0.0038248304, global = -2.5879264e-05, cumulative = -2.5879264e-05
GAMG:  Solving for p_rgh, Initial residual = 1.1604658e-05, Final residual = 1.0905107e-07, No Iterations 70
time step continuity errors : sum local = 0.00093690536, global = -9.5939908e-06, cumulative = -3.5473255e-05
DILUPBiCGStab:  Solving for omega, Initial residual = 3.752019e-06, Final residual = 1.5542581e-08, No Iterations 1
DILUPBiCGStab:  Solving for k, Initial residual = 4.7791361e-05, Final residual = 1.2224508e-07, No Iterations 1
ExecutionTime = 42.452614 s  ClockTime = 65 s

Region: fluid Courant Number mean: 6450.4767 max: 10121.084
Region: solid Diffusion Number mean: 5397.6312 max: 53365.575
Time = 5191s


Solving for solid region solid
DICPCG:  Solving for e, Initial residual = 0.00017871421, Final residual = 2.4489254e-06, No Iterations 2
Min/max T:363.58979 542.68327

Solving for fluid region fluid
DILUPBiCGStab:  Solving for Ux, Initial residual = 9.0988528e-05, Final residual = 3.0677754e-07, No Iterations 1
DILUPBiCGStab:  Solving for Uy, Initial residual = 0.00010489949, Final residual = 1.0683883e-06, No Iterations 1
DILUPBiCGStab:  Solving for Uz, Initial residual = 0.00010748414, Final residual = 4.0363304e-07, No Iterations 1
DILUPBiCGStab:  Solving for h, Initial residual = 6.619589e-05, Final residual = 2.1474564e-07, No Iterations 1
Min/max T:139.8 508.95309
GAMG:  Solving for p_rgh, Initial residual = 3.8218033e-05, Final residual = 4.4209455e-07, No Iterations 100
time step continuity errors : sum local = 0.0037978609, global = -2.5596239e-05, cumulative = -2.5596239e-05
GAMG:  Solving for p_rgh, Initial residual = 1.1488597e-05, Final residual = 1.0705025e-07, No Iterations 70
time step continuity errors : sum local = 0.00091977383, global = -9.4008326e-06, cumulative = -3.4997072e-05
DILUPBiCGStab:  Solving for omega, Initial residual = 3.7519382e-06, Final residual = 1.5542072e-08, No Iterations 1
DILUPBiCGStab:  Solving for k, Initial residual = 4.779092e-05, Final residual = 1.2224281e-07, No Iterations 1
ExecutionTime = 42.631696 s  ClockTime = 65 s

Region: fluid Courant Number mean: 6450.6539 max: 10122.053
Region: solid Diffusion Number mean: 5397.6312 max: 53365.575
Time = 5192s


Solving for solid region solid
DICPCG:  Solving for e, Initial residual = 0.00017869529, Final residual = 2.4486637e-06, No Iterations 2
Min/max T:363.60658 542.70357

Solving for fluid region fluid
DILUPBiCGStab:  Solving for Ux, Initial residual = 9.0976937e-05, Final residual = 3.0673971e-07, No Iterations 1
DILUPBiCGStab:  Solving for Uy, Initial residual = 0.00010481428, Final residual = 1.0688762e-06, No Iterations 1
DILUPBiCGStab:  Solving for Uz, Initial residual = 0.00010746544, Final residual = 4.0557886e-07, No Iterations 1
DILUPBiCGStab:  Solving for h, Initial residual = 6.6190246e-05, Final residual = 2.1472512e-07, No Iterations 1
Min/max T:139.8 508.97325
GAMG:  Solving for p_rgh, Initial residual = 3.8298963e-05, Final residual = 4.4160514e-07, No Iterations 100
time step continuity errors : sum local = 0.0037938951, global = -2.5569849e-05, cumulative = -2.5569849e-05
GAMG:  Solving for p_rgh, Initial residual = 1.1473616e-05, Final residual = 1.0663977e-07, No Iterations 70
time step continuity errors : sum local = 0.00091630364, global = -9.5537489e-06, cumulative = -3.5123598e-05
DILUPBiCGStab:  Solving for omega, Initial residual = 3.7517875e-06, Final residual = 1.5541273e-08, No Iterations 1
DILUPBiCGStab:  Solving for k, Initial residual = 4.7790056e-05, Final residual = 1.2223959e-07, No Iterations 1
ExecutionTime = 42.812942 s  ClockTime = 65 s

Region: fluid Courant Number mean: 6450.831 max: 10123.022
Region: solid Diffusion Number mean: 5397.6312 max: 53365.575
Time = 5193s


Solving for solid region solid
DICPCG:  Solving for e, Initial residual = 0.00017867637, Final residual = 2.4484021e-06, No Iterations 2
Min/max T:363.62337 542.72387

Solving for fluid region fluid
DILUPBiCGStab:  Solving for Ux, Initial residual = 9.0966256e-05, Final residual = 3.067001e-07, No Iterations 1
DILUPBiCGStab:  Solving for Uy, Initial residual = 0.00010482321, Final residual = 1.0823612e-06, No Iterations 1
DILUPBiCGStab:  Solving for Uz, Initial residual = 0.0001074047, Final residual = 4.0293282e-07, No Iterations 1
DILUPBiCGStab:  Solving for h, Initial residual = 6.6184566e-05, Final residual = 2.1470455e-07, No Iterations 1
Min/max T:139.8 508.9934
GAMG:  Solving for p_rgh, Initial residual = 3.7896335e-05, Final residual = 4.4634771e-07, No Iterations 100
time step continuity errors : sum local = 0.0038348797, global = -2.5595463e-05, cumulative = -2.5595463e-05
GAMG:  Solving for p_rgh, Initial residual = 1.1367544e-05, Final residual = 1.0790787e-07, No Iterations 70
time step continuity errors : sum local = 0.00092725942, global = -9.6115298e-06, cumulative = -3.5206993e-05
DILUPBiCGStab:  Solving for omega, Initial residual = 3.7516796e-06, Final residual = 1.5540565e-08, No Iterations 1
DILUPBiCGStab:  Solving for k, Initial residual = 4.7789586e-05, Final residual = 1.2223733e-07, No Iterations 1
ExecutionTime = 43.011524 s  ClockTime = 65 s

Region: fluid Courant Number mean: 6451.0081 max: 10123.997
Region: solid Diffusion Number mean: 5397.6312 max: 53365.575
Time = 5194s


Solving for solid region solid
DICPCG:  Solving for e, Initial residual = 0.00017865745, Final residual = 2.4481404e-06, No Iterations 2
Min/max T:363.64015 542.74417

Solving for fluid region fluid
DILUPBiCGStab:  Solving for Ux, Initial residual = 9.0961859e-05, Final residual = 3.0668195e-07, No Iterations 1
DILUPBiCGStab:  Solving for Uy, Initial residual = 0.00010530124, Final residual = 1.0899662e-06, No Iterations 1
DILUPBiCGStab:  Solving for Uz, Initial residual = 0.00010734382, Final residual = 4.012756e-07, No Iterations 1
DILUPBiCGStab:  Solving for h, Initial residual = 6.6178892e-05, Final residual = 2.1467995e-07, No Iterations 1
Min/max T:139.8 509.01356
GAMG:  Solving for p_rgh, Initial residual = 3.7696986e-05, Final residual = 4.4155005e-07, No Iterations 100
time step continuity errors : sum local = 0.0037939018, global = -2.5840782e-05, cumulative = -2.5840782e-05
GAMG:  Solving for p_rgh, Initial residual = 1.1325921e-05, Final residual = 1.0707065e-07, No Iterations 70
time step continuity errors : sum local = 0.00092012278, global = -9.5140249e-06, cumulative = -3.5354807e-05
DILUPBiCGStab:  Solving for omega, Initial residual = 3.7515932e-06, Final residual = 1.5539698e-08, No Iterations 1
DILUPBiCGStab:  Solving for k, Initial residual = 4.7788817e-05, Final residual = 1.2223505e-07, No Iterations 1
ExecutionTime = 43.301117 s  ClockTime = 66 s

Region: fluid Courant Number mean: 6451.1852 max: 10124.964
Region: solid Diffusion Number mean: 5397.6312 max: 53365.575
Time = 5195s


Solving for solid region solid
DICPCG:  Solving for e, Initial residual = 0.00017863853, Final residual = 2.4478787e-06, No Iterations 2
Min/max T:363.65693 542.76447

Solving for fluid region fluid
DILUPBiCGStab:  Solving for Ux, Initial residual = 9.0953595e-05, Final residual = 3.0664902e-07, No Iterations 1
DILUPBiCGStab:  Solving for Uy, Initial residual = 0.00010540511, Final residual = 1.0900872e-06, No Iterations 1
DILUPBiCGStab:  Solving for Uz, Initial residual = 0.00010705876, Final residual = 4.0103968e-07, No Iterations 1
DILUPBiCGStab:  Solving for h, Initial residual = 6.6173055e-05, Final residual = 2.1465608e-07, No Iterations 1
Min/max T:139.8 509.03371
GAMG:  Solving for p_rgh, Initial residual = 3.7782368e-05, Final residual = 4.4224776e-07, No Iterations 100
time step continuity errors : sum local = 0.0038001391, global = -2.5672613e-05, cumulative = -2.5672613e-05
GAMG:  Solving for p_rgh, Initial residual = 1.132175e-05, Final residual = 1.0665854e-07, No Iterations 70
time step continuity errors : sum local = 0.0009166398, global = -9.4960916e-06, cumulative = -3.5168704e-05
DILUPBiCGStab:  Solving for omega, Initial residual = 3.7514795e-06, Final residual = 1.5539123e-08, No Iterations 1
DILUPBiCGStab:  Solving for k, Initial residual = 4.7788026e-05, Final residual = 1.2223371e-07, No Iterations 1
ExecutionTime = 43.529474 s  ClockTime = 66 s

Region: fluid Courant Number mean: 6451.3622 max: 10125.923
Region: solid Diffusion Number mean: 5397.6312 max: 53365.575
Time = 5196s


Solving for solid region solid
DICPCG:  Solving for e, Initial residual = 0.00017861962, Final residual = 2.447617e-06, No Iterations 2
Min/max T:363.67371 542.78476

Solving for fluid region fluid
DILUPBiCGStab:  Solving for Ux, Initial residual = 9.0946673e-05, Final residual = 3.0662108e-07, No Iterations 1
DILUPBiCGStab:  Solving for Uy, Initial residual = 0.00010569818, Final residual = 1.0950168e-06, No Iterations 1
DILUPBiCGStab:  Solving for Uz, Initial residual = 0.0001067219, Final residual = 4.015002e-07, No Iterations 1
DILUPBiCGStab:  Solving for h, Initial residual = 6.6167122e-05, Final residual = 2.1463332e-07, No Iterations 1
Min/max T:139.8 509.05386
GAMG:  Solving for p_rgh, Initial residual = 3.7878649e-05, Final residual = 4.449153e-07, No Iterations 100
time step continuity errors : sum local = 0.0038233059, global = -2.6171357e-05, cumulative = -2.6171357e-05
GAMG:  Solving for p_rgh, Initial residual = 1.1360085e-05, Final residual = 1.0862615e-07, No Iterations 70
time step continuity errors : sum local = 0.00093360866, global = -9.6204308e-06, cumulative = -3.5791788e-05
DILUPBiCGStab:  Solving for omega, Initial residual = 3.7513789e-06, Final residual = 1.5538387e-08, No Iterations 1
DILUPBiCGStab:  Solving for k, Initial residual = 4.7787549e-05, Final residual = 1.2223383e-07, No Iterations 1
ExecutionTime = 43.740876 s  ClockTime = 66 s

Region: fluid Courant Number mean: 6451.5392 max: 10126.885
Region: solid Diffusion Number mean: 5397.6312 max: 53365.575
Time = 5197s


Solving for solid region solid
DICPCG:  Solving for e, Initial residual = 0.0001786007, Final residual = 2.4473553e-06, No Iterations 2
Min/max T:363.69049 542.80506

Solving for fluid region fluid
DILUPBiCGStab:  Solving for Ux, Initial residual = 9.094151e-05, Final residual = 3.0660151e-07, No Iterations 1
DILUPBiCGStab:  Solving for Uy, Initial residual = 0.00010640218, Final residual = 1.1050835e-06, No Iterations 1
DILUPBiCGStab:  Solving for Uz, Initial residual = 0.00010652347, Final residual = 4.0158415e-07, No Iterations 1
DILUPBiCGStab:  Solving for h, Initial residual = 6.6161191e-05, Final residual = 2.1461248e-07, No Iterations 1
Min/max T:139.8 509.07401
GAMG:  Solving for p_rgh, Initial residual = 3.7849565e-05, Final residual = 4.4680481e-07, No Iterations 100
time step continuity errors : sum local = 0.0038397879, global = -2.569299e-05, cumulative = -2.569299e-05
GAMG:  Solving for p_rgh, Initial residual = 1.1325138e-05, Final residual = 1.07943e-07, No Iterations 70
time step continuity errors : sum local = 0.00092779796, global = -9.5938949e-06, cumulative = -3.5286885e-05
DILUPBiCGStab:  Solving for omega, Initial residual = 3.751241e-06, Final residual = 1.5537653e-08, No Iterations 1
DILUPBiCGStab:  Solving for k, Initial residual = 4.7787062e-05, Final residual = 1.2223474e-07, No Iterations 1
ExecutionTime = 43.971386 s  ClockTime = 66 s

Region: fluid Courant Number mean: 6451.7162 max: 10127.825
Region: solid Diffusion Number mean: 5397.6312 max: 53365.575
Time = 5198s


Solving for solid region solid
DICPCG:  Solving for e, Initial residual = 0.00017858179, Final residual = 2.4470937e-06, No Iterations 2
Min/max T:363.70726 542.82535

Solving for fluid region fluid
DILUPBiCGStab:  Solving for Ux, Initial residual = 9.0935595e-05, Final residual = 3.0657613e-07, No Iterations 1
DILUPBiCGStab:  Solving for Uy, Initial residual = 0.00010591485, Final residual = 1.1036874e-06, No Iterations 1
DILUPBiCGStab:  Solving for Uz, Initial residual = 0.0001062185, Final residual = 4.0196046e-07, No Iterations 1
DILUPBiCGStab:  Solving for h, Initial residual = 6.6155098e-05, Final residual = 2.145945e-07, No Iterations 1
Min/max T:139.8 509.09415
GAMG:  Solving for p_rgh, Initial residual = 3.7665895e-05, Final residual = 4.4212041e-07, No Iterations 100
time step continuity errors : sum local = 0.0037997751, global = -2.548314e-05, cumulative = -2.548314e-05
GAMG:  Solving for p_rgh, Initial residual = 1.1289151e-05, Final residual = 1.0611943e-07, No Iterations 70
time step continuity errors : sum local = 0.00091218214, global = -9.3472339e-06, cumulative = -3.4830374e-05
DILUPBiCGStab:  Solving for omega, Initial residual = 3.7511261e-06, Final residual = 1.5537288e-08, No Iterations 1
DILUPBiCGStab:  Solving for k, Initial residual = 4.7786771e-05, Final residual = 1.2223488e-07, No Iterations 1
ExecutionTime = 44.292895 s  ClockTime = 67 s

Region: fluid Courant Number mean: 6451.8932 max: 10128.773
Region: solid Diffusion Number mean: 5397.6312 max: 53365.575
Time = 5199s


Solving for solid region solid
DICPCG:  Solving for e, Initial residual = 0.00017856288, Final residual = 2.4468321e-06, No Iterations 2
Min/max T:363.72404 542.84564

Solving for fluid region fluid
DILUPBiCGStab:  Solving for Ux, Initial residual = 9.0930203e-05, Final residual = 3.0655357e-07, No Iterations 1
DILUPBiCGStab:  Solving for Uy, Initial residual = 0.00010605273, Final residual = 1.1056223e-06, No Iterations 1
DILUPBiCGStab:  Solving for Uz, Initial residual = 0.00010620354, Final residual = 4.0237819e-07, No Iterations 1
DILUPBiCGStab:  Solving for h, Initial residual = 6.6149223e-05, Final residual = 2.1457934e-07, No Iterations 1
Min/max T:139.8 509.1143
GAMG:  Solving for p_rgh, Initial residual = 3.7887152e-05, Final residual = 4.3764524e-07, No Iterations 100
time step continuity errors : sum local = 0.0037615513, global = -2.5288842e-05, cumulative = -2.5288842e-05
GAMG:  Solving for p_rgh, Initial residual = 1.1368341e-05, Final residual = 1.0474497e-07, No Iterations 70
time step continuity errors : sum local = 0.00090042446, global = -9.2961559e-06, cumulative = -3.4584998e-05
DILUPBiCGStab:  Solving for omega, Initial residual = 3.7510322e-06, Final residual = 1.5537145e-08, No Iterations 1
DILUPBiCGStab:  Solving for k, Initial residual = 4.7785971e-05, Final residual = 1.2223341e-07, No Iterations 1
ExecutionTime = 44.57068 s  ClockTime = 67 s

Region: fluid Courant Number mean: 6452.0702 max: 10129.721
Region: solid Diffusion Number mean: 5397.6312 max: 53365.575
Time = 5200s


Solving for solid region solid
DICPCG:  Solving for e, Initial residual = 0.00017854397, Final residual = 2.4465705e-06, No Iterations 2
Min/max T:363.74081 542.86592

Solving for fluid region fluid
DILUPBiCGStab:  Solving for Ux, Initial residual = 9.0918985e-05, Final residual = 3.0651182e-07, No Iterations 1
DILUPBiCGStab:  Solving for Uy, Initial residual = 0.00010596643, Final residual = 1.1092252e-06, No Iterations 1
DILUPBiCGStab:  Solving for Uz, Initial residual = 0.00010618507, Final residual = 4.058787e-07, No Iterations 1
DILUPBiCGStab:  Solving for h, Initial residual = 6.6143406e-05, Final residual = 2.1456429e-07, No Iterations 1
Min/max T:139.8 509.13444
GAMG:  Solving for p_rgh, Initial residual = 3.7558713e-05, Final residual = 4.4165487e-07, No Iterations 100
time step continuity errors : sum local = 0.0037962542, global = -2.5575596e-05, cumulative = -2.5575596e-05
GAMG:  Solving for p_rgh, Initial residual = 1.1285021e-05, Final residual = 1.0637499e-07, No Iterations 70
time step continuity errors : sum local = 0.00091449377, global = -9.4719371e-06, cumulative = -3.5047533e-05
DILUPBiCGStab:  Solving for omega, Initial residual = 3.7509783e-06, Final residual = 1.5537067e-08, No Iterations 1
DILUPBiCGStab:  Solving for k, Initial residual = 4.7785213e-05, Final residual = 1.2223226e-07, No Iterations 1
ExecutionTime = 44.995819 s  ClockTime = 68 s

End

