/*---------------------------------------------------------------------------*\
  =========                 |
  \\      /  F ield         | OpenFOAM: The Open Source CFD Toolbox
   \\    /   O peration     | Website:  https://openfoam.org
    \\  /    A nd           | Version:  10
     \\/     M anipulation  |
\*---------------------------------------------------------------------------*/
Build  : 10-c4cf895ad8fa
Exec   : chtMultiRegionFoam
Date   : Sep 15 2026
Time   : 15:24:52
Host   : "d1a43442a6f0"
PID    : 25766
I/O    : uncollated
Case   : /d_runtime/harcc_s4_part2_v8_nouter2/case
nProcs : 1
sigFpe : Enabling floating point exception trapping (FOAM_SIGFPE).
fileModificationChecking : Monitoring run-time modified files using timeStampMaster (fileModificationSkew 10)
allowSystemOperations : Allowing user-supplied system call operations

// * * * * * * * * * * * * * * * * * * * * * * * * * * * * * * * * * * * * * //
Create time

Create fluid mesh for region fluid for time = 5000

Create solid mesh for region solid for time = 5000


PIMPLE: Region fluid
PIMPLE: Convergence criteria found
        p_rgh: tolerance 0.0001
        U: tolerance 1e-05
        h: tolerance 1e-05
        k: tolerance 0.0001
        omega: tolerance 0.0001


PIMPLE: Region fluid
PIMPLE: No corrector convergence criteria found
        Calculations will do 2 corrections


PIMPLE: Region solid
PIMPLE: Convergence criteria found
        e: tolerance 1e-06


PIMPLE: Region solid
PIMPLE: No corrector convergence criteria found
        Calculations will do 2 corrections


PIMPLE: Operating solver in steady-state mode with 2 outer correctors


*** Reading fluid mesh thermophysical properties for region fluid

    Adding to thermoFluid

Selecting thermodynamics package 
{
    type            heRhoThermo;
    mixture         pureMixture;
    transport       tabulated;
    thermo          hTabulated;
    equationOfState rhoTabulated;
    specie          specie;
    energy          sensibleEnthalpy;
}

    Adding to rhoFluid

    Adding to UFluid

    Adding to phiFluid

    Adding to gFluid

    Adding to hRefFluid

    Adding to pRefFluid

    Adding to ghFluid

    Adding to ghfFluid

    Adding to turbulenceFluid

Selecting turbulence model type RAS
Selecting RAS turbulence model kOmegaSST
Selecting patchDistMethod meshWave
RAS
{
    model           kOmegaSST;
    turbulence      on;
    printCoeffs     on;
    alphaK1         0.85;
    alphaK2         1;
    alphaOmega1     0.5;
    alphaOmega2     0.856;
    gamma1          0.55555556;
    gamma2          0.44;
    beta1           0.075;
    beta2           0.0828;
    betaStar        0.09;
    a1              0.31;
    b1              1;
    c1              10;
    F3              false;
}

    Adding to thermophysicalTransport

Selecting thermophysical transport type RAS
Selecting RAS thermophysical transport model eddyDiffusivity
    Adding to reactionFluid

Combustion model not active: combustionProperties not found
Selecting combustion model none
    Adding to KFluid

    Adding to dpdtFluid

    Adding to fieldsFluid

    Adding MRF

No MRF models present

    Adding fvModelsFluid

    Adding fvConstraintsFluid

*** Reading solid mesh thermophysical properties for region solid

    Adding to thermoSolid

Selecting thermodynamics package 
{
    type            heSolidThermo;
    mixture         pureMixture;
    transport       constIsoSolid;
    thermo          eConst;
    equationOfState rhoConst;
    specie          specie;
    energy          sensibleInternalEnergy;
}

    Adding to fvModelsSolid

    Adding fvConstraintsSolid

Region: fluid Courant Number mean: 6417.0441 max: 9940.8576
Region: solid Diffusion Number mean: 5397.6312 max: 53365.575
Region: fluid Courant Number mean: 6417.0441 max: 9940.8576
Region: solid Diffusion Number mean: 5397.6312 max: 53365.575
Time = 5001s

PIMPLE: Iteration 1

Solving for solid region solid
DICPCG:  Solving for e, Initial residual = 0.00018232837, Final residual = 2.4989467e-06, No Iterations 2
Min/max T:360.35458 538.78991

Solving for fluid region fluid
DILUPBiCGStab:  Solving for Ux, Initial residual = 9.2283672e-05, Final residual = 3.1183634e-07, No Iterations 1
DILUPBiCGStab:  Solving for Uy, Initial residual = 0.031356128, Final residual = 0.00027480968, No Iterations 1
DILUPBiCGStab:  Solving for Uz, Initial residual = 0.00039889674, Final residual = 3.8981711e-06, No Iterations 1
DILUPBiCGStab:  Solving for h, Initial residual = 6.7258019e-05, Final residual = 2.1811901e-07, No Iterations 1
Min/max T:139.8 505.08761
GAMG:  Solving for p_rgh, Initial residual = 0.02728355, Final residual = 8.0107202e-05, No Iterations 2
time step continuity errors : sum local = 0.68691403, global = -0.022917463, cumulative = -0.022917463
GAMG:  Solving for p_rgh, Initial residual = 0.0082418372, Final residual = 4.0650781e-05, No Iterations 2
time step continuity errors : sum local = 0.34554212, global = -0.016801047, cumulative = -0.03971851
PIMPLE: Iteration 2

Solving for solid region solid
DICPCG:  Solving for e, Initial residual = 0.00018230393, Final residual = 2.4983684e-06, No Iterations 2
Min/max T:360.37184 538.81059

Solving for fluid region fluid
DILUPBiCGStab:  Solving for Ux, Initial residual = 9.1524307e-05, Final residual = 3.0928847e-07, No Iterations 1
DILUPBiCGStab:  Solving for Uy, Initial residual = 0.0068610528, Final residual = 6.1281316e-05, No Iterations 1
DILUPBiCGStab:  Solving for Uz, Initial residual = 0.00015265336, Final residual = 1.4554294e-06, No Iterations 1
DILUPBiCGStab:  Solving for h, Initial residual = 6.7353894e-05, Final residual = 2.1879531e-07, No Iterations 1
Min/max T:139.8 505.10813
GAMG:  Solving for p_rgh, Initial residual = 0.010116894, Final residual = 6.3407091e-05, No Iterations 2
time step continuity errors : sum local = 0.53899261, global = -0.026760158, cumulative = -0.026760158
GAMG:  Solving for p_rgh, Initial residual = 0.0030199753, Final residual = 2.7062209e-05, No Iterations 20
time step continuity errors : sum local = 0.22974411, global = -0.0036271045, cumulative = -0.030387262
DILUPBiCGStab:  Solving for omega, Initial residual = 3.7381665e-06, Final residual = 1.5479882e-08, No Iterations 1
DILUPBiCGStab:  Solving for k, Initial residual = 5.868485e-05, Final residual = 1.4432232e-07, No Iterations 1
ExecutionTime = 3.836 s  ClockTime = 28 s

Region: fluid Courant Number mean: 6417.3938 max: 9942.7757
Region: solid Diffusion Number mean: 5397.6312 max: 53365.575
Time = 5002s

PIMPLE: Iteration 1

Solving for solid region solid
DICPCG:  Solving for e, Initial residual = 0.00018229536, Final residual = 2.4989423e-06, No Iterations 2
Min/max T:360.3891 538.83127

Solving for fluid region fluid
DILUPBiCGStab:  Solving for Ux, Initial residual = 9.261989e-05, Final residual = 3.1298434e-07, No Iterations 1
DILUPBiCGStab:  Solving for Uy, Initial residual = 0.0016418293, Final residual = 1.5983341e-05, No Iterations 1
DILUPBiCGStab:  Solving for Uz, Initial residual = 0.00012188742, Final residual = 7.1947932e-07, No Iterations 1
DILUPBiCGStab:  Solving for h, Initial residual = 6.7153655e-05, Final residual = 2.1778621e-07, No Iterations 1
Min/max T:139.8 505.12867
GAMG:  Solving for p_rgh, Initial residual = 0.002657999, Final residual = 2.4715828e-05, No Iterations 18
time step continuity errors : sum local = 0.20984756, global = -0.0032985259, cumulative = -0.0032985259
GAMG:  Solving for p_rgh, Initial residual = 0.00080317144, Final residual = 7.5459482e-06, No Iterations 26
time step continuity errors : sum local = 0.064074314, global = -0.0007726731, cumulative = -0.004071199
PIMPLE: Iteration 2

Solving for solid region solid
DICPCG:  Solving for e, Initial residual = 0.0001822709, Final residual = 2.4980869e-06, No Iterations 2
Min/max T:360.40636 538.85195

Solving for fluid region fluid
DILUPBiCGStab:  Solving for Ux, Initial residual = 9.3064432e-05, Final residual = 3.1438307e-07, No Iterations 1
DILUPBiCGStab:  Solving for Uy, Initial residual = 0.0026065581, Final residual = 2.4310889e-05, No Iterations 1
DILUPBiCGStab:  Solving for Uz, Initial residual = 0.00012503701, Final residual = 8.2996886e-07, No Iterations 1
DILUPBiCGStab:  Solving for h, Initial residual = 6.7246319e-05, Final residual = 2.1846529e-07, No Iterations 1
Min/max T:139.8 505.14919
GAMG:  Solving for p_rgh, Initial residual = 0.00058971771, Final residual = 5.5211114e-06, No Iterations 34
time step continuity errors : sum local = 0.046878262, global = -0.00046081051, cumulative = -0.00046081051
GAMG:  Solving for p_rgh, Initial residual = 0.00015820416, Final residual = 1.5037867e-06, No Iterations 32
time step continuity errors : sum local = 0.012769461, global = -9.9807142e-05, cumulative = -0.00056061765
DILUPBiCGStab:  Solving for omega, Initial residual = 3.9226615e-06, Final residual = 1.6403008e-08, No Iterations 1
DILUPBiCGStab:  Solving for k, Initial residual = 6.7015948e-05, Final residual = 1.6203729e-07, No Iterations 1
ExecutionTime = 4.071958 s  ClockTime = 28 s

Region: fluid Courant Number mean: 6417.7447 max: 9944.6686
Region: solid Diffusion Number mean: 5397.6312 max: 53365.575
Time = 5003s

PIMPLE: Iteration 1

Solving for solid region solid
DICPCG:  Solving for e, Initial residual = 0.00018226074, Final residual = 2.4984504e-06, No Iterations 2
Min/max T:360.42361 538.87262

Solving for fluid region fluid
DILUPBiCGStab:  Solving for Ux, Initial residual = 9.2546174e-05, Final residual = 3.126787e-07, No Iterations 1
DILUPBiCGStab:  Solving for Uy, Initial residual = 0.0017165854, Final residual = 1.5338609e-05, No Iterations 1
DILUPBiCGStab:  Solving for Uz, Initial residual = 0.00011873145, Final residual = 6.5792484e-07, No Iterations 1
DILUPBiCGStab:  Solving for h, Initial residual = 6.707819e-05, Final residual = 2.1763751e-07, No Iterations 1
Min/max T:139.8 505.16973
GAMG:  Solving for p_rgh, Initial residual = 0.00057549326, Final residual = 5.630653e-06, No Iterations 28
time step continuity errors : sum local = 0.047808225, global = -0.00071020925, cumulative = -0.00071020925
GAMG:  Solving for p_rgh, Initial residual = 0.00015585668, Final residual = 1.439956e-06, No Iterations 30
time step continuity errors : sum local = 0.012227264, global = -0.00015951938, cumulative = -0.00086972863
PIMPLE: Iteration 2

Solving for solid region solid
DICPCG:  Solving for e, Initial residual = 0.00018223629, Final residual = 2.4975989e-06, No Iterations 2
Min/max T:360.44086 538.8933

Solving for fluid region fluid
DILUPBiCGStab:  Solving for Ux, Initial residual = 9.2267712e-05, Final residual = 3.1173183e-07, No Iterations 1
DILUPBiCGStab:  Solving for Uy, Initial residual = 0.00088054846, Final residual = 7.5684133e-06, No Iterations 1
DILUPBiCGStab:  Solving for Uz, Initial residual = 0.00011552857, Final residual = 5.3337265e-07, No Iterations 1
DILUPBiCGStab:  Solving for h, Initial residual = 6.7171437e-05, Final residual = 2.1831751e-07, No Iterations 1
Min/max T:139.8 505.19025
GAMG:  Solving for p_rgh, Initial residual = 0.0004173117, Final residual = 3.9106965e-06, No Iterations 42
time step continuity errors : sum local = 0.033205372, global = -0.00045078288, cumulative = -0.00045078288
GAMG:  Solving for p_rgh, Initial residual = 0.00011883601, Final residual = 1.1588127e-06, No Iterations 32
time step continuity errors : sum local = 0.0098405429, global = -0.00013046398, cumulative = -0.00058124686
DILUPBiCGStab:  Solving for omega, Initial residual = 4.2578195e-06, Final residual = 1.8042906e-08, No Iterations 1
DILUPBiCGStab:  Solving for k, Initial residual = 7.3344975e-05, Final residual = 1.7637012e-07, No Iterations 1
ExecutionTime = 4.376136 s  ClockTime = 28 s

Region: fluid Courant Number mean: 6418.0947 max: 9946.56
Region: solid Diffusion Number mean: 5397.6312 max: 53365.575
Time = 5004s

PIMPLE: Iteration 1

Solving for solid region solid
DICPCG:  Solving for e, Initial residual = 0.00018222549, Final residual = 2.4979198e-06, No Iterations 2
Min/max T:360.45811 538.91397

Solving for fluid region fluid
DILUPBiCGStab:  Solving for Ux, Initial residual = 9.2069991e-05, Final residual = 3.1105683e-07, No Iterations 1
DILUPBiCGStab:  Solving for Uy, Initial residual = 0.00047435104, Final residual = 4.2725022e-06, No Iterations 1
DILUPBiCGStab:  Solving for Uz, Initial residual = 0.00011485973, Final residual = 4.8351317e-07, No Iterations 1
DILUPBiCGStab:  Solving for h, Initial residual = 6.7015695e-05, Final residual = 2.1752767e-07, No Iterations 1
Min/max T:139.8 505.21078
GAMG:  Solving for p_rgh, Initial residual = 0.00024595175, Final residual = 2.3629496e-06, No Iterations 56
time step continuity errors : sum local = 0.020064074, global = -0.00025267998, cumulative = -0.00025267998
GAMG:  Solving for p_rgh, Initial residual = 7.1357228e-05, Final residual = 6.611327e-07, No Iterations 40
time step continuity errors : sum local = 0.0056145707, global = -7.5532334e-05, cumulative = -0.00032821232
PIMPLE: Iteration 2

Solving for solid region solid
DICPCG:  Solving for e, Initial residual = 0.00018220104, Final residual = 2.4970867e-06, No Iterations 2
Min/max T:360.47536 538.93464

Solving for fluid region fluid
DILUPBiCGStab:  Solving for Ux, Initial residual = 9.2128872e-05, Final residual = 3.1122238e-07, No Iterations 1
DILUPBiCGStab:  Solving for Uy, Initial residual = 0.00028790378, Final residual = 2.7289658e-06, No Iterations 1
DILUPBiCGStab:  Solving for Uz, Initial residual = 0.00011461761, Final residual = 4.6084495e-07, No Iterations 1
DILUPBiCGStab:  Solving for h, Initial residual = 6.7109466e-05, Final residual = 2.1819618e-07, No Iterations 1
Min/max T:139.8 505.23129
GAMG:  Solving for p_rgh, Initial residual = 0.00014673105, Final residual = 1.3851771e-06, No Iterations 70
time step continuity errors : sum local = 0.01176255, global = -0.00010212435, cumulative = -0.00010212435
GAMG:  Solving for p_rgh, Initial residual = 4.2340039e-05, Final residual = 4.1651895e-07, No Iterations 44
time step continuity errors : sum local = 0.0035374766, global = -4.2333521e-05, cumulative = -0.00014445788
DILUPBiCGStab:  Solving for omega, Initial residual = 4.6810089e-06, Final residual = 2.0078452e-08, No Iterations 1
DILUPBiCGStab:  Solving for k, Initial residual = 7.8173211e-05, Final residual = 1.8797666e-07, No Iterations 1
ExecutionTime = 4.842428 s  ClockTime = 29 s

Region: fluid Courant Number mean: 6418.4444 max: 9948.4502
Region: solid Diffusion Number mean: 5397.6312 max: 53365.575
Time = 5005s

PIMPLE: Iteration 1

Solving for solid region solid
DICPCG:  Solving for e, Initial residual = 0.00018218944, Final residual = 2.4973632e-06, No Iterations 2
Min/max T:360.4926 538.9553

Solving for fluid region fluid
DILUPBiCGStab:  Solving for Ux, Initial residual = 9.1973028e-05, Final residual = 3.1065951e-07, No Iterations 1
DILUPBiCGStab:  Solving for Uy, Initial residual = 0.000187769, Final residual = 1.7942468e-06, No Iterations 1
DILUPBiCGStab:  Solving for Uz, Initial residual = 0.00011446713, Final residual = 4.4781722e-07, No Iterations 1
DILUPBiCGStab:  Solving for h, Initial residual = 6.6968948e-05, Final residual = 2.1747529e-07, No Iterations 1
Min/max T:139.8 505.25182
GAMG:  Solving for p_rgh, Initial residual = 9.1155697e-05, Final residual = 8.4242437e-07, No Iterations 82
time step continuity errors : sum local = 0.0071539428, global = -6.6915011e-05, cumulative = -6.6915011e-05
GAMG:  Solving for p_rgh, Initial residual = 2.6361966e-05, Final residual = 2.5255701e-07, No Iterations 54
time step continuity errors : sum local = 0.0021450697, global = -2.5143248e-05, cumulative = -9.2058259e-05
PIMPLE: Iteration 2

Solving for solid region solid
DICPCG:  Solving for e, Initial residual = 0.00018216499, Final residual = 2.496559e-06, No Iterations 2
Min/max T:360.50984 538.97597

Solving for fluid region fluid
DILUPBiCGStab:  Solving for Ux, Initial residual = 9.2043197e-05, Final residual = 3.1087381e-07, No Iterations 1
DILUPBiCGStab:  Solving for Uy, Initial residual = 0.00014218128, Final residual = 1.3913267e-06, No Iterations 1
DILUPBiCGStab:  Solving for Uz, Initial residual = 0.0001143101, Final residual = 4.4006711e-07, No Iterations 1
DILUPBiCGStab:  Solving for h, Initial residual = 6.7062938e-05, Final residual = 2.1813647e-07, No Iterations 1
Min/max T:139.8 505.27233
GAMG:  Solving for p_rgh, Initial residual = 6.0799969e-05, Final residual = 5.7907472e-07, No Iterations 92
time step continuity errors : sum local = 0.0049179455, global = -3.3696324e-05, cumulative = -3.3696324e-05
GAMG:  Solving for p_rgh, Initial residual = 1.7865961e-05, Final residual = 1.7204153e-07, No Iterations 58
time step continuity errors : sum local = 0.0014613272, global = -1.6163344e-05, cumulative = -4.9859668e-05
DILUPBiCGStab:  Solving for omega, Initial residual = 5.1379985e-06, Final residual = 2.2242637e-08, No Iterations 1
DILUPBiCGStab:  Solving for k, Initial residual = 8.1870466e-05, Final residual = 1.9740276e-07, No Iterations 1
ExecutionTime = 5.261938 s  ClockTime = 29 s

Region: fluid Courant Number mean: 6418.7938 max: 9950.3395
Region: solid Diffusion Number mean: 5397.6312 max: 53365.575
Time = 5006s

PIMPLE: Iteration 1

Solving for solid region solid
DICPCG:  Solving for e, Initial residual = 0.00018215285, Final residual = 2.4968128e-06, No Iterations 2
Min/max T:360.52708 538.99663

Solving for fluid region fluid
DILUPBiCGStab:  Solving for Ux, Initial residual = 9.1894439e-05, Final residual = 3.1033734e-07, No Iterations 1
DILUPBiCGStab:  Solving for Uy, Initial residual = 0.00012506417, Final residual = 1.2329042e-06, No Iterations 1
DILUPBiCGStab:  Solving for Uz, Initial residual = 0.00011426391, Final residual = 4.3624527e-07, No Iterations 1
DILUPBiCGStab:  Solving for h, Initial residual = 6.69326e-05, Final residual = 2.1746008e-07, No Iterations 1
Min/max T:139.8 505.29285
GAMG:  Solving for p_rgh, Initial residual = 4.7329804e-05, Final residual = 4.6141019e-07, No Iterations 98
time step continuity errors : sum local = 0.0039188233, global = -2.9544026e-05, cumulative = -2.9544026e-05
GAMG:  Solving for p_rgh, Initial residual = 1.4024141e-05, Final residual = 1.3287624e-07, No Iterations 66
time step continuity errors : sum local = 0.0011287201, global = -1.2467099e-05, cumulative = -4.2011125e-05
PIMPLE: Iteration 2

Solving for solid region solid
DICPCG:  Solving for e, Initial residual = 0.00018212841, Final residual = 2.4960316e-06, No Iterations 2
Min/max T:360.54431 539.01729

Solving for fluid region fluid
DILUPBiCGStab:  Solving for Ux, Initial residual = 9.2000286e-05, Final residual = 3.1067768e-07, No Iterations 1
DILUPBiCGStab:  Solving for Uy, Initial residual = 0.000117177, Final residual = 1.170624e-06, No Iterations 1
DILUPBiCGStab:  Solving for Uz, Initial residual = 0.00011418224, Final residual = 4.3367826e-07, No Iterations 1
DILUPBiCGStab:  Solving for h, Initial residual = 6.7026668e-05, Final residual = 2.1811187e-07, No Iterations 1
Min/max T:139.8 505.31336
GAMG:  Solving for p_rgh, Initial residual = 4.1762664e-05, Final residual = 4.2895816e-07, No Iterations 100
time step continuity errors : sum local = 0.0036435089, global = -2.3059912e-05, cumulative = -2.3059912e-05
GAMG:  Solving for p_rgh, Initial residual = 1.2483819e-05, Final residual = 1.1569438e-07, No Iterations 66
time step continuity errors : sum local = 0.0009828403, global = -1.0315689e-05, cumulative = -3.3375602e-05
DILUPBiCGStab:  Solving for omega, Initial residual = 5.5876838e-06, Final residual = 2.433172e-08, No Iterations 1
DILUPBiCGStab:  Solving for k, Initial residual = 8.470842e-05, Final residual = 2.0506623e-07, No Iterations 1
ExecutionTime = 5.639369 s  ClockTime = 30 s

Region: fluid Courant Number mean: 6419.1432 max: 9952.23
Region: solid Diffusion Number mean: 5397.6312 max: 53365.575
Time = 5007s

PIMPLE: Iteration 1

Solving for solid region solid
DICPCG:  Solving for e, Initial residual = 0.00018211586, Final residual = 2.4962693e-06, No Iterations 2
Min/max T:360.56155 539.03795

Solving for fluid region fluid
DILUPBiCGStab:  Solving for Ux, Initial residual = 9.1850034e-05, Final residual = 3.1012889e-07, No Iterations 1
DILUPBiCGStab:  Solving for Uy, Initial residual = 0.00011341791, Final residual = 1.1320474e-06, No Iterations 1
DILUPBiCGStab:  Solving for Uz, Initial residual = 0.00011413152, Final residual = 4.3335845e-07, No Iterations 1
DILUPBiCGStab:  Solving for h, Initial residual = 6.6903856e-05, Final residual = 2.1746621e-07, No Iterations 1
Min/max T:139.8 505.33387
GAMG:  Solving for p_rgh, Initial residual = 3.9914299e-05, Final residual = 4.3036177e-07, No Iterations 100
time step continuity errors : sum local = 0.0036555951, global = -2.6173286e-05, cumulative = -2.6173286e-05
GAMG:  Solving for p_rgh, Initial residual = 1.1940394e-05, Final residual = 1.1123989e-07, No Iterations 70
time step continuity errors : sum local = 0.00094505252, global = -9.9775257e-06, cumulative = -3.6150812e-05
PIMPLE: Iteration 2

Solving for solid region solid
DICPCG:  Solving for e, Initial residual = 0.00018209143, Final residual = 2.4955057e-06, No Iterations 2
Min/max T:360.57878 539.05861

Solving for fluid region fluid
DILUPBiCGStab:  Solving for Ux, Initial residual = 9.1963194e-05, Final residual = 3.1050073e-07, No Iterations 1
DILUPBiCGStab:  Solving for Uy, Initial residual = 0.00011047211, Final residual = 1.1154434e-06, No Iterations 1
DILUPBiCGStab:  Solving for Uz, Initial residual = 0.00011403676, Final residual = 4.3371361e-07, No Iterations 1
DILUPBiCGStab:  Solving for h, Initial residual = 6.6997943e-05, Final residual = 2.1810845e-07, No Iterations 1
Min/max T:139.8 505.35438
GAMG:  Solving for p_rgh, Initial residual = 3.9213201e-05, Final residual = 4.242202e-07, No Iterations 100
time step continuity errors : sum local = 0.0036037324, global = -2.2811578e-05, cumulative = -2.2811578e-05
GAMG:  Solving for p_rgh, Initial residual = 1.1697963e-05, Final residual = 1.1526947e-07, No Iterations 66
time step continuity errors : sum local = 0.00097935664, global = -1.0200489e-05, cumulative = -3.3012067e-05
DILUPBiCGStab:  Solving for omega, Initial residual = 6.0025381e-06, Final residual = 2.6215252e-08, No Iterations 1
DILUPBiCGStab:  Solving for k, Initial residual = 8.6888421e-05, Final residual = 2.112968e-07, No Iterations 1
ExecutionTime = 6.016179 s  ClockTime = 30 s

Region: fluid Courant Number mean: 6419.4926 max: 9954.1231
Region: solid Diffusion Number mean: 5397.6312 max: 53365.575
Time = 5008s

PIMPLE: Iteration 1

Solving for solid region solid
DICPCG:  Solving for e, Initial residual = 0.00018207858, Final residual = 2.4957313e-06, No Iterations 2
Min/max T:360.59601 539.07926

Solving for fluid region fluid
DILUPBiCGStab:  Solving for Ux, Initial residual = 9.1802422e-05, Final residual = 3.0991337e-07, No Iterations 1
DILUPBiCGStab:  Solving for Uy, Initial residual = 0.00010809966, Final residual = 1.0817031e-06, No Iterations 1
DILUPBiCGStab:  Solving for Uz, Initial residual = 0.00011413769, Final residual = 4.3140309e-07, No Iterations 1
DILUPBiCGStab:  Solving for h, Initial residual = 6.6880716e-05, Final residual = 2.1749089e-07, No Iterations 1
Min/max T:139.8 505.37489
GAMG:  Solving for p_rgh, Initial residual = 3.8493856e-05, Final residual = 4.3382571e-07, No Iterations 100
time step continuity errors : sum local = 0.0036854934, global = -2.6570908e-05, cumulative = -2.6570908e-05
GAMG:  Solving for p_rgh, Initial residual = 1.1523978e-05, Final residual = 1.1257379e-07, No Iterations 70
time step continuity errors : sum local = 0.0009565087, global = -1.0148321e-05, cumulative = -3.6719229e-05
PIMPLE: Iteration 2

Solving for solid region solid
DICPCG:  Solving for e, Initial residual = 0.00018205415, Final residual = 2.4949809e-06, No Iterations 2
Min/max T:360.61323 539.09991

Solving for fluid region fluid
DILUPBiCGStab:  Solving for Ux, Initial residual = 9.1927737e-05, Final residual = 3.1032834e-07, No Iterations 1
DILUPBiCGStab:  Solving for Uy, Initial residual = 0.00010722141, Final residual = 1.0829413e-06, No Iterations 1
DILUPBiCGStab:  Solving for Uz, Initial residual = 0.0001141687, Final residual = 4.3150027e-07, No Iterations 1
DILUPBiCGStab:  Solving for h, Initial residual = 6.6974703e-05, Final residual = 2.1812995e-07, No Iterations 1
Min/max T:139.8 505.39539
GAMG:  Solving for p_rgh, Initial residual = 3.8217206e-05, Final residual = 4.3270405e-07, No Iterations 100
time step continuity errors : sum local = 0.0036762807, global = -2.390204e-05, cumulative = -2.390204e-05
GAMG:  Solving for p_rgh, Initial residual = 1.1443714e-05, Final residual = 1.091434e-07, No Iterations 68
time step continuity errors : sum local = 0.00092743253, global = -9.5020402e-06, cumulative = -3.3404081e-05
DILUPBiCGStab:  Solving for omega, Initial residual = 6.3667114e-06, Final residual = 2.7824099e-08, No Iterations 1
DILUPBiCGStab:  Solving for k, Initial residual = 8.8567552e-05, Final residual = 2.1637141e-07, No Iterations 1
ExecutionTime = 6.506546 s  ClockTime = 31 s

Region: fluid Courant Number mean: 6419.842 max: 9956.0208
Region: solid Diffusion Number mean: 5397.6312 max: 53365.575
Time = 5009s

PIMPLE: Iteration 1

Solving for solid region solid
DICPCG:  Solving for e, Initial residual = 0.00018204109, Final residual = 2.4951974e-06, No Iterations 2
Min/max T:360.63046 539.12056

Solving for fluid region fluid
DILUPBiCGStab:  Solving for Ux, Initial residual = 9.1783483e-05, Final residual = 3.0978922e-07, No Iterations 1
DILUPBiCGStab:  Solving for Uy, Initial residual = 0.00010700283, Final residual = 1.0749241e-06, No Iterations 1
DILUPBiCGStab:  Solving for Uz, Initial residual = 0.00011425589, Final residual = 4.3128852e-07, No Iterations 1
DILUPBiCGStab:  Solving for h, Initial residual = 6.6861635e-05, Final residual = 2.1753063e-07, No Iterations 1
Min/max T:139.8 505.4159
GAMG:  Solving for p_rgh, Initial residual = 3.8405834e-05, Final residual = 4.3391017e-07, No Iterations 100
time step continuity errors : sum local = 0.0036866997, global = -2.6727113e-05, cumulative = -2.6727113e-05
GAMG:  Solving for p_rgh, Initial residual = 1.1460884e-05, Final residual = 1.1121688e-07, No Iterations 70
time step continuity errors : sum local = 0.00094510579, global = -1.0177196e-05, cumulative = -3.6904309e-05
PIMPLE: Iteration 2

Solving for solid region solid
DICPCG:  Solving for e, Initial residual = 0.00018201666, Final residual = 2.4944568e-06, No Iterations 2
Min/max T:360.64768 539.14121

Solving for fluid region fluid
DILUPBiCGStab:  Solving for Ux, Initial residual = 9.1910637e-05, Final residual = 3.1021162e-07, No Iterations 1
DILUPBiCGStab:  Solving for Uy, Initial residual = 0.00010635801, Final residual = 1.0804306e-06, No Iterations 1
DILUPBiCGStab:  Solving for Uz, Initial residual = 0.00011430962, Final residual = 4.4285253e-07, No Iterations 1
DILUPBiCGStab:  Solving for h, Initial residual = 6.6955531e-05, Final residual = 2.1816069e-07, No Iterations 1
Min/max T:139.8 505.43639
GAMG:  Solving for p_rgh, Initial residual = 3.831994e-05, Final residual = 4.2847752e-07, No Iterations 100
time step continuity errors : sum local = 0.0036408541, global = -2.3577252e-05, cumulative = -2.3577252e-05
GAMG:  Solving for p_rgh, Initial residual = 1.1485516e-05, Final residual = 1.0712169e-07, No Iterations 68
time step continuity errors : sum local = 0.0009103718, global = -9.639059e-06, cumulative = -3.3216311e-05
DILUPBiCGStab:  Solving for omega, Initial residual = 6.6739452e-06, Final residual = 2.9137775e-08, No Iterations 1
DILUPBiCGStab:  Solving for k, Initial residual = 8.9863945e-05, Final residual = 2.2051367e-07, No Iterations 1
ExecutionTime = 7.060815 s  ClockTime = 31 s

Region: fluid Courant Number mean: 6420.1916 max: 9957.9248
Region: solid Diffusion Number mean: 5397.6312 max: 53365.575
Time = 5010s

PIMPLE: Iteration 1

Solving for solid region solid
DICPCG:  Solving for e, Initial residual = 0.00018200343, Final residual = 2.4946658e-06, No Iterations 2
Min/max T:360.6649 539.16186

Solving for fluid region fluid
DILUPBiCGStab:  Solving for Ux, Initial residual = 9.1754901e-05, Final residual = 3.0963814e-07, No Iterations 1
DILUPBiCGStab:  Solving for Uy, Initial residual = 0.00010652176, Final residual = 1.0694381e-06, No Iterations 1
DILUPBiCGStab:  Solving for Uz, Initial residual = 0.00011437648, Final residual = 4.4736761e-07, No Iterations 1
DILUPBiCGStab:  Solving for h, Initial residual = 6.6845645e-05, Final residual = 2.1757019e-07, No Iterations 1
Min/max T:139.8 505.45689
GAMG:  Solving for p_rgh, Initial residual = 3.8384334e-05, Final residual = 4.3719947e-07, No Iterations 100
time step continuity errors : sum local = 0.0037151322, global = -2.631839e-05, cumulative = -2.631839e-05
GAMG:  Solving for p_rgh, Initial residual = 1.1480402e-05, Final residual = 1.1292583e-07, No Iterations 70
time step continuity errors : sum local = 0.00095975223, global = -1.0297748e-05, cumulative = -3.6616137e-05
PIMPLE: Iteration 2

Solving for solid region solid
DICPCG:  Solving for e, Initial residual = 0.00018197901, Final residual = 2.4939326e-06, No Iterations 2
Min/max T:360.68211 539.1825

Solving for fluid region fluid
DILUPBiCGStab:  Solving for Ux, Initial residual = 9.1878442e-05, Final residual = 3.1006343e-07, No Iterations 1
DILUPBiCGStab:  Solving for Uy, Initial residual = 0.00010659479, Final residual = 1.0788762e-06, No Iterations 1
DILUPBiCGStab:  Solving for Uz, Initial residual = 0.0001143421, Final residual = 4.5512519e-07, No Iterations 1
DILUPBiCGStab:  Solving for h, Initial residual = 6.6939364e-05, Final residual = 2.1819824e-07, No Iterations 1
Min/max T:139.8 505.47738
GAMG:  Solving for p_rgh, Initial residual = 3.855983e-05, Final residual = 4.3621577e-07, No Iterations 100
time step continuity errors : sum local = 0.0037070894, global = -2.396182e-05, cumulative = -2.396182e-05
GAMG:  Solving for p_rgh, Initial residual = 1.1542195e-05, Final residual = 1.1204935e-07, No Iterations 68
time step continuity errors : sum local = 0.00095237301, global = -9.8124344e-06, cumulative = -3.3774254e-05
DILUPBiCGStab:  Solving for omega, Initial residual = 6.9245625e-06, Final residual = 3.0168194e-08, No Iterations 1
DILUPBiCGStab:  Solving for k, Initial residual = 9.0866238e-05, Final residual = 2.239057e-07, No Iterations 1
ExecutionTime = 7.396694 s  ClockTime = 32 s

Region: fluid Courant Number mean: 6420.5411 max: 9959.8455
Region: solid Diffusion Number mean: 5397.6312 max: 53365.575
Time = 5011s

PIMPLE: Iteration 1

Solving for solid region solid
DICPCG:  Solving for e, Initial residual = 0.00018196565, Final residual = 2.4941362e-06, No Iterations 2
Min/max T:360.69933 539.20315

Solving for fluid region fluid
DILUPBiCGStab:  Solving for Ux, Initial residual = 9.1722358e-05, Final residual = 3.094913e-07, No Iterations 1
DILUPBiCGStab:  Solving for Uy, Initial residual = 0.00010722304, Final residual = 1.0782797e-06, No Iterations 1
DILUPBiCGStab:  Solving for Uz, Initial residual = 0.00011405983, Final residual = 4.6456181e-07, No Iterations 1
DILUPBiCGStab:  Solving for h, Initial residual = 6.6831491e-05, Final residual = 2.1760947e-07, No Iterations 1
Min/max T:139.8 505.49789
GAMG:  Solving for p_rgh, Initial residual = 3.9025843e-05, Final residual = 4.4195738e-07, No Iterations 100
time step continuity errors : sum local = 0.00375605, global = -2.7453013e-05, cumulative = -2.7453013e-05
GAMG:  Solving for p_rgh, Initial residual = 1.1656473e-05, Final residual = 1.1575003e-07, No Iterations 70
time step continuity errors : sum local = 0.00098388533, global = -1.0688923e-05, cumulative = -3.8141936e-05
PIMPLE: Iteration 2

Solving for solid region solid
DICPCG:  Solving for e, Initial residual = 0.00018194124, Final residual = 2.4934085e-06, No Iterations 2
Min/max T:360.71654 539.22379

Solving for fluid region fluid
DILUPBiCGStab:  Solving for Ux, Initial residual = 9.1860284e-05, Final residual = 3.0995854e-07, No Iterations 1
DILUPBiCGStab:  Solving for Uy, Initial residual = 0.00010845728, Final residual = 1.1022537e-06, No Iterations 1
DILUPBiCGStab:  Solving for Uz, Initial residual = 0.00011354082, Final residual = 4.6674084e-07, No Iterations 1
DILUPBiCGStab:  Solving for h, Initial residual = 6.6924509e-05, Final residual = 2.18228e-07, No Iterations 1
Min/max T:139.8 505.51837
GAMG:  Solving for p_rgh, Initial residual = 3.8835482e-05, Final residual = 4.3364746e-07, No Iterations 100
time step continuity errors : sum local = 0.0036857504, global = -2.379847e-05, cumulative = -2.379847e-05
GAMG:  Solving for p_rgh, Initial residual = 1.1612135e-05, Final residual = 1.0918621e-07, No Iterations 68
time step continuity errors : sum local = 0.00092816143, global = -9.7516235e-06, cumulative = -3.3550094e-05
DILUPBiCGStab:  Solving for omega, Initial residual = 7.1232445e-06, Final residual = 3.0944292e-08, No Iterations 1
DILUPBiCGStab:  Solving for k, Initial residual = 9.1646513e-05, Final residual = 2.2670037e-07, No Iterations 1
ExecutionTime = 7.762727 s  ClockTime = 32 s

Region: fluid Courant Number mean: 6420.8903 max: 9961.6943
Region: solid Diffusion Number mean: 5397.6312 max: 53365.575
Time = 5012s

PIMPLE: Iteration 1

Solving for solid region solid
DICPCG:  Solving for e, Initial residual = 0.00018192778, Final residual = 2.4936075e-06, No Iterations 2
Min/max T:360.73375 539.24442

Solving for fluid region fluid
DILUPBiCGStab:  Solving for Ux, Initial residual = 9.1705362e-05, Final residual = 3.0938238e-07, No Iterations 1
DILUPBiCGStab:  Solving for Uy, Initial residual = 0.00010905916, Final residual = 1.0912535e-06, No Iterations 1
DILUPBiCGStab:  Solving for Uz, Initial residual = 0.00011324677, Final residual = 4.6298086e-07, No Iterations 1
DILUPBiCGStab:  Solving for h, Initial residual = 6.6817967e-05, Final residual = 2.1764346e-07, No Iterations 1
Min/max T:139.8 505.53887
GAMG:  Solving for p_rgh, Initial residual = 3.8607658e-05, Final residual = 4.3994752e-07, No Iterations 100
time step continuity errors : sum local = 0.0037394662, global = -2.7164454e-05, cumulative = -2.7164454e-05
GAMG:  Solving for p_rgh, Initial residual = 1.1526459e-05, Final residual = 1.1373909e-07, No Iterations 70
time step continuity errors : sum local = 0.00096692061, global = -1.053144e-05, cumulative = -3.7695894e-05
PIMPLE: Iteration 2

Solving for solid region solid
DICPCG:  Solving for e, Initial residual = 0.00018190338, Final residual = 2.4928839e-06, No Iterations 2
Min/max T:360.75096 539.26506

Solving for fluid region fluid
DILUPBiCGStab:  Solving for Ux, Initial residual = 9.1849931e-05, Final residual = 3.0987676e-07, No Iterations 1
DILUPBiCGStab:  Solving for Uy, Initial residual = 0.00010889709, Final residual = 1.1052318e-06, No Iterations 1
DILUPBiCGStab:  Solving for Uz, Initial residual = 0.00011338117, Final residual = 4.6489071e-07, No Iterations 1
DILUPBiCGStab:  Solving for h, Initial residual = 6.6910955e-05, Final residual = 2.182567e-07, No Iterations 1
Min/max T:139.8 505.55935
GAMG:  Solving for p_rgh, Initial residual = 3.8471348e-05, Final residual = 4.3586416e-07, No Iterations 100
time step continuity errors : sum local = 0.003705086, global = -2.3413701e-05, cumulative = -2.3413701e-05
GAMG:  Solving for p_rgh, Initial residual = 1.1499699e-05, Final residual = 1.0902341e-07, No Iterations 68
time step continuity errors : sum local = 0.00092690178, global = -9.7213416e-06, cumulative = -3.3135043e-05
DILUPBiCGStab:  Solving for omega, Initial residual = 7.2763621e-06, Final residual = 3.1506697e-08, No Iterations 1
DILUPBiCGStab:  Solving for k, Initial residual = 9.225817e-05, Final residual = 2.2901205e-07, No Iterations 1
ExecutionTime = 8.181877 s  ClockTime = 32 s

Region: fluid Courant Number mean: 6421.2397 max: 9963.547
Region: solid Diffusion Number mean: 5397.6312 max: 53365.575
Time = 5013s

PIMPLE: Iteration 1

Solving for solid region solid
DICPCG:  Solving for e, Initial residual = 0.00018188984, Final residual = 2.4930793e-06, No Iterations 2
Min/max T:360.76816 539.2857

Solving for fluid region fluid
DILUPBiCGStab:  Solving for Ux, Initial residual = 9.1693131e-05, Final residual = 3.093033e-07, No Iterations 1
DILUPBiCGStab:  Solving for Uy, Initial residual = 0.00010960475, Final residual = 1.0984265e-06, No Iterations 1
DILUPBiCGStab:  Solving for Uz, Initial residual = 0.0001134117, Final residual = 4.6413913e-07, No Iterations 1
DILUPBiCGStab:  Solving for h, Initial residual = 6.6806068e-05, Final residual = 2.1767217e-07, No Iterations 1
Min/max T:139.8 505.57984
GAMG:  Solving for p_rgh, Initial residual = 3.8631394e-05, Final residual = 4.4345711e-07, No Iterations 100
time step continuity errors : sum local = 0.0037697998, global = -2.7356234e-05, cumulative = -2.7356234e-05
GAMG:  Solving for p_rgh, Initial residual = 1.15248e-05, Final residual = 1.1482351e-07, No Iterations 70
time step continuity errors : sum local = 0.00097627015, global = -1.0659428e-05, cumulative = -3.8015662e-05
PIMPLE: Iteration 2

Solving for solid region solid
DICPCG:  Solving for e, Initial residual = 0.00018186545, Final residual = 2.4923589e-06, No Iterations 2
Min/max T:360.78536 539.30633

Solving for fluid region fluid
DILUPBiCGStab:  Solving for Ux, Initial residual = 9.1838301e-05, Final residual = 3.09805e-07, No Iterations 1
DILUPBiCGStab:  Solving for Uy, Initial residual = 0.00010944267, Final residual = 1.1135638e-06, No Iterations 1
DILUPBiCGStab:  Solving for Uz, Initial residual = 0.00011343071, Final residual = 4.6678329e-07, No Iterations 1
DILUPBiCGStab:  Solving for h, Initial residual = 6.6898977e-05, Final residual = 2.1827974e-07, No Iterations 1
Min/max T:139.8 505.60032
GAMG:  Solving for p_rgh, Initial residual = 3.8980526e-05, Final residual = 4.3156512e-07, No Iterations 100
time step continuity errors : sum local = 0.0036690276, global = -2.3359172e-05, cumulative = -2.3359172e-05
GAMG:  Solving for p_rgh, Initial residual = 1.1602028e-05, Final residual = 1.1018323e-07, No Iterations 68
time step continuity errors : sum local = 0.00093688498, global = -9.6818014e-06, cumulative = -3.3040973e-05
DILUPBiCGStab:  Solving for omega, Initial residual = 7.3918928e-06, Final residual = 3.1897788e-08, No Iterations 1
DILUPBiCGStab:  Solving for k, Initial residual = 9.2739948e-05, Final residual = 2.3093388e-07, No Iterations 1
ExecutionTime = 8.60551 s  ClockTime = 33 s

Region: fluid Courant Number mean: 6421.5891 max: 9965.417
Region: solid Diffusion Number mean: 5397.6312 max: 53365.575
Time = 5014s

PIMPLE: Iteration 1

Solving for solid region solid
DICPCG:  Solving for e, Initial residual = 0.00018185186, Final residual = 2.4925515e-06, No Iterations 2
Min/max T:360.80256 539.32696

Solving for fluid region fluid
DILUPBiCGStab:  Solving for Ux, Initial residual = 9.1670709e-05, Final residual = 3.0920256e-07, No Iterations 1
DILUPBiCGStab:  Solving for Uy, Initial residual = 0.00010950309, Final residual = 1.0898413e-06, No Iterations 1
DILUPBiCGStab:  Solving for Uz, Initial residual = 0.00011328069, Final residual = 4.6370784e-07, No Iterations 1
DILUPBiCGStab:  Solving for h, Initial residual = 6.679513e-05, Final residual = 2.176916e-07, No Iterations 1
Min/max T:139.8 505.62081
GAMG:  Solving for p_rgh, Initial residual = 3.856783e-05, Final residual = 4.4676805e-07, No Iterations 100
time step continuity errors : sum local = 0.0037984405, global = -2.6244286e-05, cumulative = -2.6244286e-05
GAMG:  Solving for p_rgh, Initial residual = 1.1523637e-05, Final residual = 1.0683646e-07, No Iterations 72
time step continuity errors : sum local = 0.00090847976, global = -9.7494964e-06, cumulative = -3.5993783e-05
PIMPLE: Iteration 2

Solving for solid region solid
DICPCG:  Solving for e, Initial residual = 0.00018182747, Final residual = 2.4918334e-06, No Iterations 2
Min/max T:360.81976 539.34759

Solving for fluid region fluid
DILUPBiCGStab:  Solving for Ux, Initial residual = 9.1818621e-05, Final residual = 3.0971854e-07, No Iterations 1
DILUPBiCGStab:  Solving for Uy, Initial residual = 0.00010952491, Final residual = 1.1009864e-06, No Iterations 1
DILUPBiCGStab:  Solving for Uz, Initial residual = 0.00011323015, Final residual = 4.6427272e-07, No Iterations 1
DILUPBiCGStab:  Solving for h, Initial residual = 6.6887853e-05, Final residual = 2.1829047e-07, No Iterations 1
Min/max T:139.8 505.64128
GAMG:  Solving for p_rgh, Initial residual = 3.8599458e-05, Final residual = 4.4014736e-07, No Iterations 100
time step continuity errors : sum local = 0.00374248, global = -2.4020596e-05, cumulative = -2.4020596e-05
GAMG:  Solving for p_rgh, Initial residual = 1.1557447e-05, Final residual = 1.1219133e-07, No Iterations 68
time step continuity errors : sum local = 0.00095408484, global = -1.0150594e-05, cumulative = -3.417119e-05
DILUPBiCGStab:  Solving for omega, Initial residual = 7.4772451e-06, Final residual = 3.215702e-08, No Iterations 1
DILUPBiCGStab:  Solving for k, Initial residual = 9.312369e-05, Final residual = 2.3254357e-07, No Iterations 1
ExecutionTime = 9.075451 s  ClockTime = 33 s

Region: fluid Courant Number mean: 6421.9386 max: 9967.2983
Region: solid Diffusion Number mean: 5397.6312 max: 53365.575
Time = 5015s

PIMPLE: Iteration 1

Solving for solid region solid
DICPCG:  Solving for e, Initial residual = 0.00018181384, Final residual = 2.4920238e-06, No Iterations 2
Min/max T:360.83695 539.36821

Solving for fluid region fluid
DILUPBiCGStab:  Solving for Ux, Initial residual = 9.1667511e-05, Final residual = 3.0917067e-07, No Iterations 1
DILUPBiCGStab:  Solving for Uy, Initial residual = 0.0001105604, Final residual = 1.0936222e-06, No Iterations 1
DILUPBiCGStab:  Solving for Uz, Initial residual = 0.00011335685, Final residual = 4.621078e-07, No Iterations 1
DILUPBiCGStab:  Solving for h, Initial residual = 6.678472e-05, Final residual = 2.1769228e-07, No Iterations 1
Min/max T:139.8 505.66177
GAMG:  Solving for p_rgh, Initial residual = 3.845093e-05, Final residual = 4.4465657e-07, No Iterations 100
time step continuity errors : sum local = 0.0037809903, global = -2.6952672e-05, cumulative = -2.6952672e-05
GAMG:  Solving for p_rgh, Initial residual = 1.1500829e-05, Final residual = 1.066997e-07, No Iterations 72
time step continuity errors : sum local = 0.00090743708, global = -9.7818328e-06, cumulative = -3.6734505e-05
PIMPLE: Iteration 2

Solving for solid region solid
DICPCG:  Solving for e, Initial residual = 0.00018178945, Final residual = 2.4913076e-06, No Iterations 2
Min/max T:360.85415 539.38884

Solving for fluid region fluid
DILUPBiCGStab:  Solving for Ux, Initial residual = 9.1814225e-05, Final residual = 3.0968302e-07, No Iterations 1
DILUPBiCGStab:  Solving for Uy, Initial residual = 0.00010980712, Final residual = 1.1071664e-06, No Iterations 1
DILUPBiCGStab:  Solving for Uz, Initial residual = 0.00011337228, Final residual = 4.6107997e-07, No Iterations 1
DILUPBiCGStab:  Solving for h, Initial residual = 6.6877305e-05, Final residual = 2.1828838e-07, No Iterations 1
Min/max T:139.8 505.68224
GAMG:  Solving for p_rgh, Initial residual = 3.8740318e-05, Final residual = 4.3662601e-07, No Iterations 100
time step continuity errors : sum local = 0.0037130294, global = -2.3643865e-05, cumulative = -2.3643865e-05
GAMG:  Solving for p_rgh, Initial residual = 1.1602703e-05, Final residual = 1.1195094e-07, No Iterations 68
time step continuity errors : sum local = 0.00095216328, global = -9.4028894e-06, cumulative = -3.3046755e-05
DILUPBiCGStab:  Solving for omega, Initial residual = 7.5388963e-06, Final residual = 3.231888e-08, No Iterations 1
DILUPBiCGStab:  Solving for k, Initial residual = 9.3430292e-05, Final residual = 2.3389621e-07, No Iterations 1
ExecutionTime = 9.418466 s  ClockTime = 34 s

Region: fluid Courant Number mean: 6422.2882 max: 9969.2155
Region: solid Diffusion Number mean: 5397.6312 max: 53365.575
Time = 5016s

PIMPLE: Iteration 1

Solving for solid region solid
DICPCG:  Solving for e, Initial residual = 0.00018177579, Final residual = 2.4914959e-06, No Iterations 2
Min/max T:360.87134 539.40946

Solving for fluid region fluid
DILUPBiCGStab:  Solving for Ux, Initial residual = 9.1640171e-05, Final residual = 3.0907745e-07, No Iterations 1
DILUPBiCGStab:  Solving for Uy, Initial residual = 0.00011072698, Final residual = 1.1133559e-06, No Iterations 1
DILUPBiCGStab:  Solving for Uz, Initial residual = 0.00011322864, Final residual = 4.5660245e-07, No Iterations 1
DILUPBiCGStab:  Solving for h, Initial residual = 6.6774768e-05, Final residual = 2.1768557e-07, No Iterations 1
Min/max T:139.8 505.70272
GAMG:  Solving for p_rgh, Initial residual = 3.8849339e-05, Final residual = 4.4651325e-07, No Iterations 100
time step continuity errors : sum local = 0.003797265, global = -2.7500574e-05, cumulative = -2.7500574e-05
GAMG:  Solving for p_rgh, Initial residual = 1.1645317e-05, Final residual = 1.078746e-07, No Iterations 72
time step continuity errors : sum local = 0.00091754522, global = -9.7231378e-06, cumulative = -3.7223712e-05
PIMPLE: Iteration 2

Solving for solid region solid
DICPCG:  Solving for e, Initial residual = 0.00018175141, Final residual = 2.4907812e-06, No Iterations 2
Min/max T:360.88852 539.43008

Solving for fluid region fluid
DILUPBiCGStab:  Solving for Ux, Initial residual = 9.1788981e-05, Final residual = 3.0960151e-07, No Iterations 1
DILUPBiCGStab:  Solving for Uy, Initial residual = 0.00011085809, Final residual = 1.1300944e-06, No Iterations 1
DILUPBiCGStab:  Solving for Uz, Initial residual = 0.0001131746, Final residual = 4.5730347e-07, No Iterations 1
DILUPBiCGStab:  Solving for h, Initial residual = 6.6867089e-05, Final residual = 2.1827496e-07, No Iterations 1
Min/max T:139.8 505.72318
GAMG:  Solving for p_rgh, Initial residual = 3.8736962e-05, Final residual = 4.3711435e-07, No Iterations 100
time step continuity errors : sum local = 0.003717656, global = -2.3798251e-05, cumulative = -2.3798251e-05
GAMG:  Solving for p_rgh, Initial residual = 1.1618395e-05, Final residual = 1.1284466e-07, No Iterations 68
time step continuity errors : sum local = 0.0009598895, global = -9.8180439e-06, cumulative = -3.3616295e-05
DILUPBiCGStab:  Solving for omega, Initial residual = 7.5828657e-06, Final residual = 3.2411274e-08, No Iterations 1
DILUPBiCGStab:  Solving for k, Initial residual = 9.3677791e-05, Final residual = 2.3504369e-07, No Iterations 1
ExecutionTime = 9.829608 s  ClockTime = 34 s

Region: fluid Courant Number mean: 6422.6377 max: 9971.143
Region: solid Diffusion Number mean: 5397.6312 max: 53365.575
Time = 5017s

PIMPLE: Iteration 1

Solving for solid region solid
DICPCG:  Solving for e, Initial residual = 0.00018173773, Final residual = 2.4909683e-06, No Iterations 2
Min/max T:360.90571 539.4507

Solving for fluid region fluid
DILUPBiCGStab:  Solving for Ux, Initial residual = 9.1624617e-05, Final residual = 3.090178e-07, No Iterations 1
DILUPBiCGStab:  Solving for Uy, Initial residual = 0.00011146592, Final residual = 1.1154374e-06, No Iterations 1
DILUPBiCGStab:  Solving for Uz, Initial residual = 0.00011279572, Final residual = 4.614016e-07, No Iterations 1
DILUPBiCGStab:  Solving for h, Initial residual = 6.6764516e-05, Final residual = 2.1766015e-07, No Iterations 1
Min/max T:139.8 505.74366
GAMG:  Solving for p_rgh, Initial residual = 3.8778296e-05, Final residual = 4.4591182e-07, No Iterations 100
time step continuity errors : sum local = 0.0037926401, global = -2.7509644e-05, cumulative = -2.7509644e-05
GAMG:  Solving for p_rgh, Initial residual = 1.1571601e-05, Final residual = 1.0670709e-07, No Iterations 72
time step continuity errors : sum local = 0.00090773329, global = -9.7587711e-06, cumulative = -3.7268415e-05
PIMPLE: Iteration 2

Solving for solid region solid
DICPCG:  Solving for e, Initial residual = 0.00018171335, Final residual = 2.4902547e-06, No Iterations 2
Min/max T:360.92289 539.47131

Solving for fluid region fluid
DILUPBiCGStab:  Solving for Ux, Initial residual = 9.1771709e-05, Final residual = 3.095201e-07, No Iterations 1
DILUPBiCGStab:  Solving for Uy, Initial residual = 0.00011066351, Final residual = 1.1261767e-06, No Iterations 1
DILUPBiCGStab:  Solving for Uz, Initial residual = 0.00011209778, Final residual = 4.5252277e-07, No Iterations 1
DILUPBiCGStab:  Solving for h, Initial residual = 6.6855955e-05, Final residual = 2.1824009e-07, No Iterations 1
Min/max T:139.8 505.76412
GAMG:  Solving for p_rgh, Initial residual = 3.8268789e-05, Final residual = 4.3297806e-07, No Iterations 100
time step continuity errors : sum local = 0.0036829558, global = -2.3668762e-05, cumulative = -2.3668762e-05
GAMG:  Solving for p_rgh, Initial residual = 1.1466551e-05, Final residual = 1.1023461e-07, No Iterations 68
time step continuity errors : sum local = 0.00093780955, global = -9.7279061e-06, cumulative = -3.3396668e-05
DILUPBiCGStab:  Solving for omega, Initial residual = 7.6136384e-06, Final residual = 3.245479e-08, No Iterations 1
DILUPBiCGStab:  Solving for k, Initial residual = 9.3880023e-05, Final residual = 2.360251e-07, No Iterations 1
ExecutionTime = 10.228371 s  ClockTime = 35 s

Region: fluid Courant Number mean: 6422.9869 max: 9973.0046
Region: solid Diffusion Number mean: 5397.6312 max: 53365.575
Time = 5018s

PIMPLE: Iteration 1

Solving for solid region solid
DICPCG:  Solving for e, Initial residual = 0.00018169964, Final residual = 2.4904405e-06, No Iterations 2
Min/max T:360.94007 539.49193

Solving for fluid region fluid
DILUPBiCGStab:  Solving for Ux, Initial residual = 9.1611805e-05, Final residual = 3.0895267e-07, No Iterations 1
DILUPBiCGStab:  Solving for Uy, Initial residual = 0.00011127823, Final residual = 1.1154108e-06, No Iterations 1
DILUPBiCGStab:  Solving for Uz, Initial residual = 0.0001121342, Final residual = 4.4976848e-07, No Iterations 1
DILUPBiCGStab:  Solving for h, Initial residual = 6.6753751e-05, Final residual = 2.1761769e-07, No Iterations 1
Min/max T:139.8 505.78459
GAMG:  Solving for p_rgh, Initial residual = 3.8202058e-05, Final residual = 4.4445828e-07, No Iterations 100
time step continuity errors : sum local = 0.0037807693, global = -2.7494535e-05, cumulative = -2.7494535e-05
GAMG:  Solving for p_rgh, Initial residual = 1.1436147e-05, Final residual = 1.0694447e-07, No Iterations 72
time step continuity errors : sum local = 0.00090987162, global = -9.7159786e-06, cumulative = -3.7210514e-05
PIMPLE: Iteration 2

Solving for solid region solid
DICPCG:  Solving for e, Initial residual = 0.00018167528, Final residual = 2.4897278e-06, No Iterations 2
Min/max T:360.95725 539.51254

Solving for fluid region fluid
DILUPBiCGStab:  Solving for Ux, Initial residual = 9.1763931e-05, Final residual = 3.0947973e-07, No Iterations 1
DILUPBiCGStab:  Solving for Uy, Initial residual = 0.00011030804, Final residual = 1.1263452e-06, No Iterations 1
DILUPBiCGStab:  Solving for Uz, Initial residual = 0.00011217311, Final residual = 4.4793743e-07, No Iterations 1
DILUPBiCGStab:  Solving for h, Initial residual = 6.6845513e-05, Final residual = 2.1819863e-07, No Iterations 1
Min/max T:139.8 505.80505
GAMG:  Solving for p_rgh, Initial residual = 3.8274585e-05, Final residual = 4.3517281e-07, No Iterations 100
time step continuity errors : sum local = 0.0037021076, global = -2.3871698e-05, cumulative = -2.3871698e-05
GAMG:  Solving for p_rgh, Initial residual = 1.1457924e-05, Final residual = 1.1088747e-07, No Iterations 68
time step continuity errors : sum local = 0.00094348685, global = -9.7018566e-06, cumulative = -3.3573555e-05
DILUPBiCGStab:  Solving for omega, Initial residual = 7.6348843e-06, Final residual = 3.2467204e-08, No Iterations 1
DILUPBiCGStab:  Solving for k, Initial residual = 9.4048289e-05, Final residual = 2.3686723e-07, No Iterations 1
ExecutionTime = 10.663326 s  ClockTime = 35 s

Region: fluid Courant Number mean: 6423.3362 max: 9974.8788
Region: solid Diffusion Number mean: 5397.6312 max: 53365.575
Time = 5019s

PIMPLE: Iteration 1

Solving for solid region solid
DICPCG:  Solving for e, Initial residual = 0.00018166155, Final residual = 2.4899124e-06, No Iterations 2
Min/max T:360.97442 539.53315

Solving for fluid region fluid
DILUPBiCGStab:  Solving for Ux, Initial residual = 9.1602403e-05, Final residual = 3.0891502e-07, No Iterations 1
DILUPBiCGStab:  Solving for Uy, Initial residual = 0.00011106964, Final residual = 1.1169427e-06, No Iterations 1
DILUPBiCGStab:  Solving for Uz, Initial residual = 0.00011218937, Final residual = 4.4776715e-07, No Iterations 1
DILUPBiCGStab:  Solving for h, Initial residual = 6.6743784e-05, Final residual = 2.1757298e-07, No Iterations 1
Min/max T:139.8 505.82552
GAMG:  Solving for p_rgh, Initial residual = 3.8228235e-05, Final residual = 4.4558445e-07, No Iterations 100
time step continuity errors : sum local = 0.0037908419, global = -2.7284161e-05, cumulative = -2.7284161e-05
GAMG:  Solving for p_rgh, Initial residual = 1.144935e-05, Final residual = 1.075008e-07, No Iterations 72
time step continuity errors : sum local = 0.00091472273, global = -9.675275e-06, cumulative = -3.6959436e-05
PIMPLE: Iteration 2

Solving for solid region solid
DICPCG:  Solving for e, Initial residual = 0.00018163719, Final residual = 2.4892007e-06, No Iterations 2
Min/max T:360.99159 539.55376

Solving for fluid region fluid
DILUPBiCGStab:  Solving for Ux, Initial residual = 9.1749055e-05, Final residual = 3.094267e-07, No Iterations 1
DILUPBiCGStab:  Solving for Uy, Initial residual = 0.00011062417, Final residual = 1.1302206e-06, No Iterations 1
DILUPBiCGStab:  Solving for Uz, Initial residual = 0.00011209974, Final residual = 4.4683363e-07, No Iterations 1
DILUPBiCGStab:  Solving for h, Initial residual = 6.6835606e-05, Final residual = 2.1815724e-07, No Iterations 1
Min/max T:139.8 505.84597
GAMG:  Solving for p_rgh, Initial residual = 3.8739267e-05, Final residual = 4.3445555e-07, No Iterations 100
time step continuity errors : sum local = 0.0036964843, global = -2.3437913e-05, cumulative = -2.3437913e-05
GAMG:  Solving for p_rgh, Initial residual = 1.1603405e-05, Final residual = 1.0925801e-07, No Iterations 68
time step continuity errors : sum local = 0.0009297418, global = -9.1930153e-06, cumulative = -3.2630929e-05
DILUPBiCGStab:  Solving for omega, Initial residual = 7.6493639e-06, Final residual = 3.2459605e-08, No Iterations 1
DILUPBiCGStab:  Solving for k, Initial residual = 9.418837e-05, Final residual = 2.3759396e-07, No Iterations 1
ExecutionTime = 11.138353 s  ClockTime = 36 s

Region: fluid Courant Number mean: 6423.6856 max: 9976.7502
Region: solid Diffusion Number mean: 5397.6312 max: 53365.575
Time = 5020s

PIMPLE: Iteration 1

Solving for solid region solid
DICPCG:  Solving for e, Initial residual = 0.00018162346, Final residual = 2.4893845e-06, No Iterations 2
Min/max T:361.00876 539.57436

Solving for fluid region fluid
DILUPBiCGStab:  Solving for Ux, Initial residual = 9.1581336e-05, Final residual = 3.0885065e-07, No Iterations 1
DILUPBiCGStab:  Solving for Uy, Initial residual = 0.00011054218, Final residual = 1.1084373e-06, No Iterations 1
DILUPBiCGStab:  Solving for Uz, Initial residual = 0.00011192247, Final residual = 4.3839601e-07, No Iterations 1
DILUPBiCGStab:  Solving for h, Initial residual = 6.6734249e-05, Final residual = 2.175299e-07, No Iterations 1
Min/max T:139.8 505.86644
GAMG:  Solving for p_rgh, Initial residual = 3.8251739e-05, Final residual = 4.4367494e-07, No Iterations 100
time step continuity errors : sum local = 0.00377508, global = -2.7105579e-05, cumulative = -2.7105579e-05
GAMG:  Solving for p_rgh, Initial residual = 1.148777e-05, Final residual = 1.1448162e-07, No Iterations 70
time step continuity errors : sum local = 0.00097424716, global = -1.0434576e-05, cumulative = -3.7540155e-05
PIMPLE: Iteration 2

Solving for solid region solid
DICPCG:  Solving for e, Initial residual = 0.0001815991, Final residual = 2.4886734e-06, No Iterations 2
Min/max T:361.02593 539.59497

Solving for fluid region fluid
DILUPBiCGStab:  Solving for Ux, Initial residual = 9.1731485e-05, Final residual = 3.0937025e-07, No Iterations 1
DILUPBiCGStab:  Solving for Uy, Initial residual = 0.00011020629, Final residual = 1.1212264e-06, No Iterations 1
DILUPBiCGStab:  Solving for Uz, Initial residual = 0.00011183504, Final residual = 4.3762047e-07, No Iterations 1
DILUPBiCGStab:  Solving for h, Initial residual = 6.6826121e-05, Final residual = 2.1811785e-07, No Iterations 1
Min/max T:139.8 505.88689
GAMG:  Solving for p_rgh, Initial residual = 3.8532807e-05, Final residual = 4.3553682e-07, No Iterations 100
time step continuity errors : sum local = 0.0037061593, global = -2.3706141e-05, cumulative = -2.3706141e-05
GAMG:  Solving for p_rgh, Initial residual = 1.1565828e-05, Final residual = 1.1048821e-07, No Iterations 68
time step continuity errors : sum local = 0.00094033343, global = -9.6196664e-06, cumulative = -3.3325807e-05
DILUPBiCGStab:  Solving for omega, Initial residual = 7.6589764e-06, Final residual = 3.2439538e-08, No Iterations 1
DILUPBiCGStab:  Solving for k, Initial residual = 9.4307727e-05, Final residual = 2.3822644e-07, No Iterations 1
ExecutionTime = 11.659119 s  ClockTime = 36 s

Region: fluid Courant Number mean: 6424.035 max: 9978.6171
Region: solid Diffusion Number mean: 5397.6312 max: 53365.575
Time = 5021s

PIMPLE: Iteration 1

Solving for solid region solid
DICPCG:  Solving for e, Initial residual = 0.00018158536, Final residual = 2.4888567e-06, No Iterations 2
Min/max T:361.0431 539.61557

Solving for fluid region fluid
DILUPBiCGStab:  Solving for Ux, Initial residual = 9.1578047e-05, Final residual = 3.0883611e-07, No Iterations 1
DILUPBiCGStab:  Solving for Uy, Initial residual = 0.00011092107, Final residual = 1.1084513e-06, No Iterations 1
DILUPBiCGStab:  Solving for Uz, Initial residual = 0.00011178957, Final residual = 4.3704867e-07, No Iterations 1
DILUPBiCGStab:  Solving for h, Initial residual = 6.6725068e-05, Final residual = 2.1748656e-07, No Iterations 1
Min/max T:139.8 505.90735
GAMG:  Solving for p_rgh, Initial residual = 3.8396173e-05, Final residual = 4.4630831e-07, No Iterations 100
time step continuity errors : sum local = 0.0037979793, global = -2.7610527e-05, cumulative = -2.7610527e-05
GAMG:  Solving for p_rgh, Initial residual = 1.1538612e-05, Final residual = 1.0676181e-07, No Iterations 72
time step continuity errors : sum local = 0.00090866943, global = -9.652718e-06, cumulative = -3.7263245e-05
PIMPLE: Iteration 2

Solving for solid region solid
DICPCG:  Solving for e, Initial residual = 0.00018156101, Final residual = 2.4881461e-06, No Iterations 2
Min/max T:361.06026 539.63617

Solving for fluid region fluid
DILUPBiCGStab:  Solving for Ux, Initial residual = 9.1732485e-05, Final residual = 3.0936749e-07, No Iterations 1
DILUPBiCGStab:  Solving for Uy, Initial residual = 0.00011033541, Final residual = 1.1174271e-06, No Iterations 1
DILUPBiCGStab:  Solving for Uz, Initial residual = 0.00011167949, Final residual = 4.3861264e-07, No Iterations 1
DILUPBiCGStab:  Solving for h, Initial residual = 6.6816989e-05, Final residual = 2.1807669e-07, No Iterations 1
Min/max T:139.8 505.92779
GAMG:  Solving for p_rgh, Initial residual = 3.877163e-05, Final residual = 4.3215392e-07, No Iterations 100
time step continuity errors : sum local = 0.0036778522, global = -2.3274613e-05, cumulative = -2.3274613e-05
GAMG:  Solving for p_rgh, Initial residual = 1.1628577e-05, Final residual = 1.0792104e-07, No Iterations 68
time step continuity errors : sum local = 0.0009186015, global = -9.23085e-06, cumulative = -3.2505463e-05
DILUPBiCGStab:  Solving for omega, Initial residual = 7.6651885e-06, Final residual = 3.2413078e-08, No Iterations 1
DILUPBiCGStab:  Solving for k, Initial residual = 9.4410386e-05, Final residual = 2.3878007e-07, No Iterations 1
ExecutionTime = 12.214089 s  ClockTime = 37 s

Region: fluid Courant Number mean: 6424.3844 max: 9980.481
Region: solid Diffusion Number mean: 5397.6312 max: 53365.575
Time = 5022s

PIMPLE: Iteration 1

Solving for solid region solid
DICPCG:  Solving for e, Initial residual = 0.00018154726, Final residual = 2.4883285e-06, No Iterations 2
Min/max T:361.07742 539.65677

Solving for fluid region fluid
DILUPBiCGStab:  Solving for Ux, Initial residual = 9.1561165e-05, Final residual = 3.0878495e-07, No Iterations 1
DILUPBiCGStab:  Solving for Uy, Initial residual = 0.00011075579, Final residual = 1.1029177e-06, No Iterations 1
DILUPBiCGStab:  Solving for Uz, Initial residual = 0.00011158477, Final residual = 4.3716991e-07, No Iterations 1
DILUPBiCGStab:  Solving for h, Initial residual = 6.6716322e-05, Final residual = 2.1744287e-07, No Iterations 1
Min/max T:139.8 505.94825
GAMG:  Solving for p_rgh, Initial residual = 3.8398592e-05, Final residual = 4.4519754e-07, No Iterations 100
time step continuity errors : sum local = 0.0037890153, global = -2.7149754e-05, cumulative = -2.7149754e-05
GAMG:  Solving for p_rgh, Initial residual = 1.150576e-05, Final residual = 1.144078e-07, No Iterations 70
time step continuity errors : sum local = 0.00097387112, global = -1.0453081e-05, cumulative = -3.7602835e-05
PIMPLE: Iteration 2

Solving for solid region solid
DICPCG:  Solving for e, Initial residual = 0.00018152291, Final residual = 2.4876186e-06, No Iterations 2
Min/max T:361.09458 539.67736

Solving for fluid region fluid
DILUPBiCGStab:  Solving for Ux, Initial residual = 9.1713559e-05, Final residual = 3.093074e-07, No Iterations 1
DILUPBiCGStab:  Solving for Uy, Initial residual = 0.00011050493, Final residual = 1.1154829e-06, No Iterations 1
DILUPBiCGStab:  Solving for Uz, Initial residual = 0.00011146559, Final residual = 4.3371298e-07, No Iterations 1
DILUPBiCGStab:  Solving for h, Initial residual = 6.6808288e-05, Final residual = 2.1804143e-07, No Iterations 1
Min/max T:139.8 505.96869
GAMG:  Solving for p_rgh, Initial residual = 3.8780052e-05, Final residual = 4.2989393e-07, No Iterations 100
time step continuity errors : sum local = 0.003659089, global = -2.3396053e-05, cumulative = -2.3396053e-05
GAMG:  Solving for p_rgh, Initial residual = 1.1631857e-05, Final residual = 1.0783504e-07, No Iterations 68
time step continuity errors : sum local = 0.0009179896, global = -9.381253e-06, cumulative = -3.2777306e-05
DILUPBiCGStab:  Solving for omega, Initial residual = 7.6690074e-06, Final residual = 3.2382243e-08, No Iterations 1
DILUPBiCGStab:  Solving for k, Initial residual = 9.4498916e-05, Final residual = 2.3926439e-07, No Iterations 1
ExecutionTime = 12.746516 s  ClockTime = 37 s

Region: fluid Courant Number mean: 6424.7338 max: 9982.3409
Region: solid Diffusion Number mean: 5397.6312 max: 53365.575
Time = 5023s

PIMPLE: Iteration 1

Solving for solid region solid
DICPCG:  Solving for e, Initial residual = 0.00018150916, Final residual = 2.4878008e-06, No Iterations 2
Min/max T:361.11173 539.69796

Solving for fluid region fluid
DILUPBiCGStab:  Solving for Ux, Initial residual = 9.1548132e-05, Final residual = 3.0873827e-07, No Iterations 1
DILUPBiCGStab:  Solving for Uy, Initial residual = 0.00011127032, Final residual = 1.1041251e-06, No Iterations 1
DILUPBiCGStab:  Solving for Uz, Initial residual = 0.00011133203, Final residual = 4.235797e-07, No Iterations 1
DILUPBiCGStab:  Solving for h, Initial residual = 6.6707828e-05, Final residual = 2.1740411e-07, No Iterations 1
Min/max T:139.8 505.98914
GAMG:  Solving for p_rgh, Initial residual = 3.8869646e-05, Final residual = 4.393532e-07, No Iterations 100
time step continuity errors : sum local = 0.0037397552, global = -2.6801763e-05, cumulative = -2.6801763e-05
GAMG:  Solving for p_rgh, Initial residual = 1.1713551e-05, Final residual = 1.1378958e-07, No Iterations 70
time step continuity errors : sum local = 0.00096873085, global = -1.0388881e-05, cumulative = -3.7190644e-05
PIMPLE: Iteration 2

Solving for solid region solid
DICPCG:  Solving for e, Initial residual = 0.00018148482, Final residual = 2.4870913e-06, No Iterations 2
Min/max T:361.12889 539.71855

Solving for fluid region fluid
DILUPBiCGStab:  Solving for Ux, Initial residual = 9.1689171e-05, Final residual = 3.0921888e-07, No Iterations 1
DILUPBiCGStab:  Solving for Uy, Initial residual = 0.00011021699, Final residual = 1.1117948e-06, No Iterations 1
DILUPBiCGStab:  Solving for Uz, Initial residual = 0.00011116711, Final residual = 4.231319e-07, No Iterations 1
DILUPBiCGStab:  Solving for h, Initial residual = 6.6799893e-05, Final residual = 2.1800149e-07, No Iterations 1
Min/max T:139.8 506.00958
GAMG:  Solving for p_rgh, Initial residual = 3.8538558e-05, Final residual = 4.3344359e-07, No Iterations 100
time step continuity errors : sum local = 0.0036897714, global = -2.3606617e-05, cumulative = -2.3606617e-05
GAMG:  Solving for p_rgh, Initial residual = 1.1583623e-05, Final residual = 1.0936513e-07, No Iterations 68
time step continuity errors : sum local = 0.00093113196, global = -9.3786874e-06, cumulative = -3.2985304e-05
DILUPBiCGStab:  Solving for omega, Initial residual = 7.6709537e-06, Final residual = 3.2349914e-08, No Iterations 1
DILUPBiCGStab:  Solving for k, Initial residual = 9.4574173e-05, Final residual = 2.3968771e-07, No Iterations 1
ExecutionTime = 13.135062 s  ClockTime = 38 s

Region: fluid Courant Number mean: 6425.0831 max: 9984.1966
Region: solid Diffusion Number mean: 5397.6312 max: 53365.575
Time = 5024s

PIMPLE: Iteration 1

Solving for solid region solid
DICPCG:  Solving for e, Initial residual = 0.00018147106, Final residual = 2.487273e-06, No Iterations 2
Min/max T:361.14604 539.73914

Solving for fluid region fluid
DILUPBiCGStab:  Solving for Ux, Initial residual = 9.1527757e-05, Final residual = 3.086701e-07, No Iterations 1
DILUPBiCGStab:  Solving for Uy, Initial residual = 0.00011131726, Final residual = 1.1075755e-06, No Iterations 1
DILUPBiCGStab:  Solving for Uz, Initial residual = 0.00011116747, Final residual = 4.2409655e-07, No Iterations 1
DILUPBiCGStab:  Solving for h, Initial residual = 6.6699752e-05, Final residual = 2.1735734e-07, No Iterations 1
Min/max T:139.8 506.03003
GAMG:  Solving for p_rgh, Initial residual = 3.8267134e-05, Final residual = 4.457361e-07, No Iterations 100
time step continuity errors : sum local = 0.0037945689, global = -2.7395962e-05, cumulative = -2.7395962e-05
GAMG:  Solving for p_rgh, Initial residual = 1.1509882e-05, Final residual = 1.1487891e-07, No Iterations 70
time step continuity errors : sum local = 0.00097813052, global = -1.0443132e-05, cumulative = -3.7839093e-05
PIMPLE: Iteration 2

Solving for solid region solid
DICPCG:  Solving for e, Initial residual = 0.00018144672, Final residual = 2.4865639e-06, No Iterations 2
Min/max T:361.16319 539.75973

Solving for fluid region fluid
DILUPBiCGStab:  Solving for Ux, Initial residual = 9.1682437e-05, Final residual = 3.0919807e-07, No Iterations 1
DILUPBiCGStab:  Solving for Uy, Initial residual = 0.00011077945, Final residual = 1.1227631e-06, No Iterations 1
DILUPBiCGStab:  Solving for Uz, Initial residual = 0.00011109658, Final residual = 4.2330364e-07, No Iterations 1
DILUPBiCGStab:  Solving for h, Initial residual = 6.6791898e-05, Final residual = 2.1795761e-07, No Iterations 1
Min/max T:139.8 506.05046
GAMG:  Solving for p_rgh, Initial residual = 3.8558198e-05, Final residual = 4.3579012e-07, No Iterations 100
time step continuity errors : sum local = 0.0037102227, global = -2.3817302e-05, cumulative = -2.3817302e-05
GAMG:  Solving for p_rgh, Initial residual = 1.1614291e-05, Final residual = 1.1005047e-07, No Iterations 68
time step continuity errors : sum local = 0.00093708778, global = -9.4210199e-06, cumulative = -3.3238322e-05
DILUPBiCGStab:  Solving for omega, Initial residual = 7.6715369e-06, Final residual = 3.2316316e-08, No Iterations 1
DILUPBiCGStab:  Solving for k, Initial residual = 9.4641558e-05, Final residual = 2.400646e-07, No Iterations 1
ExecutionTime = 13.536101 s  ClockTime = 38 s

Region: fluid Courant Number mean: 6425.4326 max: 9986.05
Region: solid Diffusion Number mean: 5397.6312 max: 53365.575
Time = 5025s

PIMPLE: Iteration 1

Solving for solid region solid
DICPCG:  Solving for e, Initial residual = 0.00018143296, Final residual = 2.486745e-06, No Iterations 2
Min/max T:361.18033 539.78031

Solving for fluid region fluid
DILUPBiCGStab:  Solving for Ux, Initial residual = 9.1521741e-05, Final residual = 3.0865004e-07, No Iterations 1
DILUPBiCGStab:  Solving for Uy, Initial residual = 0.00011141383, Final residual = 1.1139108e-06, No Iterations 1
DILUPBiCGStab:  Solving for Uz, Initial residual = 0.00011105808, Final residual = 4.234566e-07, No Iterations 1
DILUPBiCGStab:  Solving for h, Initial residual = 6.6692067e-05, Final residual = 2.1730883e-07, No Iterations 1
Min/max T:139.8 506.07091
GAMG:  Solving for p_rgh, Initial residual = 3.8812102e-05, Final residual = 4.4154092e-07, No Iterations 100
time step continuity errors : sum local = 0.003759338, global = -2.6709284e-05, cumulative = -2.6709284e-05
GAMG:  Solving for p_rgh, Initial residual = 1.168672e-05, Final residual = 1.129191e-07, No Iterations 70
time step continuity errors : sum local = 0.00096156706, global = -1.0115099e-05, cumulative = -3.6824383e-05
PIMPLE: Iteration 2

Solving for solid region solid
DICPCG:  Solving for e, Initial residual = 0.00018140863, Final residual = 2.4860364e-06, No Iterations 2
Min/max T:361.19747 539.8009

Solving for fluid region fluid
DILUPBiCGStab:  Solving for Ux, Initial residual = 9.1660136e-05, Final residual = 3.0912837e-07, No Iterations 1
DILUPBiCGStab:  Solving for Uy, Initial residual = 0.00011121569, Final residual = 1.1313468e-06, No Iterations 1
DILUPBiCGStab:  Solving for Uz, Initial residual = 0.00011099144, Final residual = 4.2879515e-07, No Iterations 1
DILUPBiCGStab:  Solving for h, Initial residual = 6.6784292e-05, Final residual = 2.1791351e-07, No Iterations 1
Min/max T:139.8 506.09134
GAMG:  Solving for p_rgh, Initial residual = 3.9550935e-05, Final residual = 4.3209031e-07, No Iterations 100
time step continuity errors : sum local = 0.0036791908, global = -2.3218323e-05, cumulative = -2.3218323e-05
GAMG:  Solving for p_rgh, Initial residual = 1.1871827e-05, Final residual = 1.1609477e-07, No Iterations 66
time step continuity errors : sum local = 0.00098867983, global = -9.6872933e-06, cumulative = -3.2905616e-05
DILUPBiCGStab:  Solving for omega, Initial residual = 7.6712367e-06, Final residual = 3.2283343e-08, No Iterations 1
DILUPBiCGStab:  Solving for k, Initial residual = 9.4699657e-05, Final residual = 2.4039796e-07, No Iterations 1
ExecutionTime = 13.893113 s  ClockTime = 39 s

Region: fluid Courant Number mean: 6425.782 max: 9987.9031
Region: solid Diffusion Number mean: 5397.6312 max: 53365.575
Time = 5026s

PIMPLE: Iteration 1

Solving for solid region solid
DICPCG:  Solving for e, Initial residual = 0.00018139487, Final residual = 2.4862173e-06, No Iterations 2
Min/max T:361.21462 539.82148

Solving for fluid region fluid
DILUPBiCGStab:  Solving for Ux, Initial residual = 9.1492128e-05, Final residual = 3.085676e-07, No Iterations 1
DILUPBiCGStab:  Solving for Uy, Initial residual = 0.00011230638, Final residual = 1.1244117e-06, No Iterations 1
DILUPBiCGStab:  Solving for Uz, Initial residual = 0.00011093372, Final residual = 4.3281261e-07, No Iterations 1
DILUPBiCGStab:  Solving for h, Initial residual = 6.668464e-05, Final residual = 2.1726083e-07, No Iterations 1
Min/max T:139.8 506.11178
GAMG:  Solving for p_rgh, Initial residual = 3.9605485e-05, Final residual = 4.4205664e-07, No Iterations 100
time step continuity errors : sum local = 0.003764201, global = -2.6688209e-05, cumulative = -2.6688209e-05
GAMG:  Solving for p_rgh, Initial residual = 1.1919811e-05, Final residual = 1.1264529e-07, No Iterations 70
time step continuity errors : sum local = 0.00095935629, global = -1.0052428e-05, cumulative = -3.6740637e-05
PIMPLE: Iteration 2

Solving for solid region solid
DICPCG:  Solving for e, Initial residual = 0.00018137054, Final residual = 2.4855091e-06, No Iterations 2
Min/max T:361.23175 539.84206

Solving for fluid region fluid
DILUPBiCGStab:  Solving for Ux, Initial residual = 9.1643349e-05, Final residual = 3.0908435e-07, No Iterations 1
DILUPBiCGStab:  Solving for Uy, Initial residual = 0.00011207868, Final residual = 1.1409711e-06, No Iterations 1
DILUPBiCGStab:  Solving for Uz, Initial residual = 0.00011091521, Final residual = 4.3388225e-07, No Iterations 1
DILUPBiCGStab:  Solving for h, Initial residual = 6.6776884e-05, Final residual = 2.1786793e-07, No Iterations 1
Min/max T:139.8 506.1322
GAMG:  Solving for p_rgh, Initial residual = 3.9578989e-05, Final residual = 4.294923e-07, No Iterations 100
time step continuity errors : sum local = 0.0036575308, global = -2.3229951e-05, cumulative = -2.3229951e-05
GAMG:  Solving for p_rgh, Initial residual = 1.1901292e-05, Final residual = 1.1640428e-07, No Iterations 66
time step continuity errors : sum local = 0.00099144155, global = -1.0035185e-05, cumulative = -3.3265136e-05
DILUPBiCGStab:  Solving for omega, Initial residual = 7.6700259e-06, Final residual = 3.224892e-08, No Iterations 1
DILUPBiCGStab:  Solving for k, Initial residual = 9.4751367e-05, Final residual = 2.4069408e-07, No Iterations 1
ExecutionTime = 14.309338 s  ClockTime = 39 s

Region: fluid Courant Number mean: 6426.1315 max: 9989.7551
Region: solid Diffusion Number mean: 5397.6312 max: 53365.575
Time = 5027s

PIMPLE: Iteration 1

Solving for solid region solid
DICPCG:  Solving for e, Initial residual = 0.00018135678, Final residual = 2.4856897e-06, No Iterations 2
Min/max T:361.24889 539.86264

Solving for fluid region fluid
DILUPBiCGStab:  Solving for Ux, Initial residual = 9.1480598e-05, Final residual = 3.0853593e-07, No Iterations 1
DILUPBiCGStab:  Solving for Uy, Initial residual = 0.00011298079, Final residual = 1.1316396e-06, No Iterations 1
DILUPBiCGStab:  Solving for Uz, Initial residual = 0.00011092643, Final residual = 4.3397331e-07, No Iterations 1
DILUPBiCGStab:  Solving for h, Initial residual = 6.6677394e-05, Final residual = 2.1720582e-07, No Iterations 1
Min/max T:139.8 506.15264
GAMG:  Solving for p_rgh, Initial residual = 3.9623237e-05, Final residual = 4.4216544e-07, No Iterations 100
time step continuity errors : sum local = 0.003765606, global = -2.7228537e-05, cumulative = -2.7228537e-05
GAMG:  Solving for p_rgh, Initial residual = 1.1920139e-05, Final residual = 1.1302299e-07, No Iterations 70
time step continuity errors : sum local = 0.00096269632, global = -1.0245894e-05, cumulative = -3.7474431e-05
PIMPLE: Iteration 2

Solving for solid region solid
DICPCG:  Solving for e, Initial residual = 0.00018133246, Final residual = 2.4849818e-06, No Iterations 2
Min/max T:361.26602 539.88321

Solving for fluid region fluid
DILUPBiCGStab:  Solving for Ux, Initial residual = 9.1632206e-05, Final residual = 3.0905223e-07, No Iterations 1
DILUPBiCGStab:  Solving for Uy, Initial residual = 0.00011281179, Final residual = 1.1476198e-06, No Iterations 1
DILUPBiCGStab:  Solving for Uz, Initial residual = 0.00011092192, Final residual = 4.3867007e-07, No Iterations 1
DILUPBiCGStab:  Solving for h, Initial residual = 6.676961e-05, Final residual = 2.1781084e-07, No Iterations 1
Min/max T:139.8 506.17306
GAMG:  Solving for p_rgh, Initial residual = 3.9684719e-05, Final residual = 4.3478426e-07, No Iterations 100
time step continuity errors : sum local = 0.0037030689, global = -2.3744894e-05, cumulative = -2.3744894e-05
GAMG:  Solving for p_rgh, Initial residual = 1.192962e-05, Final residual = 1.1782607e-07, No Iterations 66
time step continuity errors : sum local = 0.0010036808, global = -1.0295294e-05, cumulative = -3.4040189e-05
DILUPBiCGStab:  Solving for omega, Initial residual = 7.6680788e-06, Final residual = 3.2213554e-08, No Iterations 1
DILUPBiCGStab:  Solving for k, Initial residual = 9.4798711e-05, Final residual = 2.4095895e-07, No Iterations 1
ExecutionTime = 14.659528 s  ClockTime = 39 s

Region: fluid Courant Number mean: 6426.4811 max: 9991.6084
Region: solid Diffusion Number mean: 5397.6312 max: 53365.575
Time = 5028s

PIMPLE: Iteration 1

Solving for solid region solid
DICPCG:  Solving for e, Initial residual = 0.00018131869, Final residual = 2.4851619e-06, No Iterations 2
Min/max T:361.28315 539.90379

Solving for fluid region fluid
DILUPBiCGStab:  Solving for Ux, Initial residual = 9.1474887e-05, Final residual = 3.0852232e-07, No Iterations 1
DILUPBiCGStab:  Solving for Uy, Initial residual = 0.00011374636, Final residual = 1.1365652e-06, No Iterations 1
DILUPBiCGStab:  Solving for Uz, Initial residual = 0.00011094156, Final residual = 4.3956414e-07, No Iterations 1
DILUPBiCGStab:  Solving for h, Initial residual = 6.6670272e-05, Final residual = 2.1714822e-07, No Iterations 1
Min/max T:139.8 506.1935
GAMG:  Solving for p_rgh, Initial residual = 3.9754693e-05, Final residual = 4.4344298e-07, No Iterations 100
time step continuity errors : sum local = 0.0037769682, global = -2.7272029e-05, cumulative = -2.7272029e-05
GAMG:  Solving for p_rgh, Initial residual = 1.1978957e-05, Final residual = 1.1287592e-07, No Iterations 70
time step continuity errors : sum local = 0.00096156747, global = -1.0175822e-05, cumulative = -3.7447851e-05
PIMPLE: Iteration 2

Solving for solid region solid
DICPCG:  Solving for e, Initial residual = 0.00018129438, Final residual = 2.4844544e-06, No Iterations 2
Min/max T:361.30028 539.92436

Solving for fluid region fluid
DILUPBiCGStab:  Solving for Ux, Initial residual = 9.1626619e-05, Final residual = 3.0903783e-07, No Iterations 1
DILUPBiCGStab:  Solving for Uy, Initial residual = 0.000113382, Final residual = 1.1492853e-06, No Iterations 1
DILUPBiCGStab:  Solving for Uz, Initial residual = 0.00011095976, Final residual = 4.446023e-07, No Iterations 1
DILUPBiCGStab:  Solving for h, Initial residual = 6.6762427e-05, Final residual = 2.1775553e-07, No Iterations 1
Min/max T:139.8 506.21391
GAMG:  Solving for p_rgh, Initial residual = 4.0161471e-05, Final residual = 4.3319714e-07, No Iterations 100
time step continuity errors : sum local = 0.0036900241, global = -2.3654214e-05, cumulative = -2.3654214e-05
GAMG:  Solving for p_rgh, Initial residual = 1.2089479e-05, Final residual = 1.1713096e-07, No Iterations 66
time step continuity errors : sum local = 0.00099788793, global = -1.0064781e-05, cumulative = -3.3718994e-05
DILUPBiCGStab:  Solving for omega, Initial residual = 7.6654813e-06, Final residual = 3.2177763e-08, No Iterations 1
DILUPBiCGStab:  Solving for k, Initial residual = 9.4842739e-05, Final residual = 2.4119909e-07, No Iterations 1
ExecutionTime = 15.012801 s  ClockTime = 40 s

Region: fluid Courant Number mean: 6426.8308 max: 9993.4826
Region: solid Diffusion Number mean: 5397.6312 max: 53365.575
Time = 5029s

PIMPLE: Iteration 1

Solving for solid region solid
DICPCG:  Solving for e, Initial residual = 0.00018128061, Final residual = 2.4846343e-06, No Iterations 2
Min/max T:361.31741 539.94493

Solving for fluid region fluid
DILUPBiCGStab:  Solving for Ux, Initial residual = 9.1468481e-05, Final residual = 3.0850895e-07, No Iterations 1
DILUPBiCGStab:  Solving for Uy, Initial residual = 0.0001139041, Final residual = 1.1346457e-06, No Iterations 1
DILUPBiCGStab:  Solving for Uz, Initial residual = 0.00011095362, Final residual = 4.4679052e-07, No Iterations 1
DILUPBiCGStab:  Solving for h, Initial residual = 6.6663128e-05, Final residual = 2.1708899e-07, No Iterations 1
Min/max T:139.8 506.23434
GAMG:  Solving for p_rgh, Initial residual = 3.9961389e-05, Final residual = 4.4334221e-07, No Iterations 100
time step continuity errors : sum local = 0.0037765955, global = -2.6940336e-05, cumulative = -2.6940336e-05
GAMG:  Solving for p_rgh, Initial residual = 1.2033187e-05, Final residual = 1.1279429e-07, No Iterations 70
time step continuity errors : sum local = 0.00096099375, global = -9.9834256e-06, cumulative = -3.6923762e-05
PIMPLE: Iteration 2

Solving for solid region solid
DICPCG:  Solving for e, Initial residual = 0.0001812563, Final residual = 2.4839271e-06, No Iterations 2
Min/max T:361.33453 539.9655

Solving for fluid region fluid
DILUPBiCGStab:  Solving for Ux, Initial residual = 9.1615076e-05, Final residual = 3.0900327e-07, No Iterations 1
DILUPBiCGStab:  Solving for Uy, Initial residual = 0.0001134312, Final residual = 1.1447323e-06, No Iterations 1
DILUPBiCGStab:  Solving for Uz, Initial residual = 0.00011049532, Final residual = 4.4882691e-07, No Iterations 1
DILUPBiCGStab:  Solving for h, Initial residual = 6.6754758e-05, Final residual = 2.1769308e-07, No Iterations 1
Min/max T:139.8 506.25475
GAMG:  Solving for p_rgh, Initial residual = 4.0023207e-05, Final residual = 4.3394912e-07, No Iterations 100
time step continuity errors : sum local = 0.0036969033, global = -2.3026535e-05, cumulative = -2.3026535e-05
GAMG:  Solving for p_rgh, Initial residual = 1.201121e-05, Final residual = 1.1433906e-07, No Iterations 66
time step continuity errors : sum local = 0.00097422542, global = -9.722904e-06, cumulative = -3.2749439e-05
DILUPBiCGStab:  Solving for omega, Initial residual = 7.6627773e-06, Final residual = 3.2141646e-08, No Iterations 1
DILUPBiCGStab:  Solving for k, Initial residual = 9.4882012e-05, Final residual = 2.4141847e-07, No Iterations 1
ExecutionTime = 15.402097 s  ClockTime = 40 s

Region: fluid Courant Number mean: 6427.1802 max: 9995.2949
Region: solid Diffusion Number mean: 5397.6312 max: 53365.575
Time = 5030s

PIMPLE: Iteration 1

Solving for solid region solid
DICPCG:  Solving for e, Initial residual = 0.00018124253, Final residual = 2.4841068e-06, No Iterations 2
Min/max T:361.35165 539.98606

Solving for fluid region fluid
DILUPBiCGStab:  Solving for Ux, Initial residual = 9.1446637e-05, Final residual = 3.0843894e-07, No Iterations 1
DILUPBiCGStab:  Solving for Uy, Initial residual = 0.00011344223, Final residual = 1.1260371e-06, No Iterations 1
DILUPBiCGStab:  Solving for Uz, Initial residual = 0.00011036873, Final residual = 4.4426934e-07, No Iterations 1
DILUPBiCGStab:  Solving for h, Initial residual = 6.6655181e-05, Final residual = 2.1702349e-07, No Iterations 1
Min/max T:139.8 506.27518
GAMG:  Solving for p_rgh, Initial residual = 3.9306772e-05, Final residual = 4.4391038e-07, No Iterations 100
time step continuity errors : sum local = 0.0037819159, global = -2.7022782e-05, cumulative = -2.7022782e-05
GAMG:  Solving for p_rgh, Initial residual = 1.1888158e-05, Final residual = 1.1265119e-07, No Iterations 70
time step continuity errors : sum local = 0.00095989671, global = -1.023379e-05, cumulative = -3.7256572e-05
PIMPLE: Iteration 2

Solving for solid region solid
DICPCG:  Solving for e, Initial residual = 0.00018121823, Final residual = 2.4834e-06, No Iterations 2
Min/max T:361.36877 540.00663

Solving for fluid region fluid
DILUPBiCGStab:  Solving for Ux, Initial residual = 9.160053e-05, Final residual = 3.0895711e-07, No Iterations 1
DILUPBiCGStab:  Solving for Uy, Initial residual = 0.00011284338, Final residual = 1.1399276e-06, No Iterations 1
DILUPBiCGStab:  Solving for Uz, Initial residual = 0.0001104787, Final residual = 4.4828198e-07, No Iterations 1
DILUPBiCGStab:  Solving for h, Initial residual = 6.6746908e-05, Final residual = 2.1763127e-07, No Iterations 1
Min/max T:139.8 506.29559
GAMG:  Solving for p_rgh, Initial residual = 3.9455337e-05, Final residual = 4.3285203e-07, No Iterations 100
time step continuity errors : sum local = 0.0036880315, global = -2.3685265e-05, cumulative = -2.3685265e-05
GAMG:  Solving for p_rgh, Initial residual = 1.1902267e-05, Final residual = 1.1619569e-07, No Iterations 66
time step continuity errors : sum local = 0.00099017428, global = -1.0299898e-05, cumulative = -3.3985164e-05
DILUPBiCGStab:  Solving for omega, Initial residual = 7.6594331e-06, Final residual = 3.2105314e-08, No Iterations 1
DILUPBiCGStab:  Solving for k, Initial residual = 9.4918805e-05, Final residual = 2.4161623e-07, No Iterations 1
ExecutionTime = 15.75276 s  ClockTime = 41 s

Region: fluid Courant Number mean: 6427.5298 max: 9997.1207
Region: solid Diffusion Number mean: 5397.6312 max: 53365.575
Time = 5031s

PIMPLE: Iteration 1

Solving for solid region solid
DICPCG:  Solving for e, Initial residual = 0.00018120446, Final residual = 2.4835794e-06, No Iterations 2
Min/max T:361.38589 540.02719

Solving for fluid region fluid
DILUPBiCGStab:  Solving for Ux, Initial residual = 9.1445526e-05, Final residual = 3.0843745e-07, No Iterations 1
DILUPBiCGStab:  Solving for Uy, Initial residual = 0.00011307377, Final residual = 1.1228797e-06, No Iterations 1
DILUPBiCGStab:  Solving for Uz, Initial residual = 0.00011048898, Final residual = 4.4870481e-07, No Iterations 1
DILUPBiCGStab:  Solving for h, Initial residual = 6.6647502e-05, Final residual = 2.1696623e-07, No Iterations 1
Min/max T:139.8 506.31601
GAMG:  Solving for p_rgh, Initial residual = 3.9468889e-05, Final residual = 4.4364109e-07, No Iterations 100
time step continuity errors : sum local = 0.0037801144, global = -2.7308619e-05, cumulative = -2.7308619e-05
GAMG:  Solving for p_rgh, Initial residual = 1.1926101e-05, Final residual = 1.1365618e-07, No Iterations 70
time step continuity errors : sum local = 0.00096858711, global = -1.0306949e-05, cumulative = -3.7615568e-05
PIMPLE: Iteration 2

Solving for solid region solid
DICPCG:  Solving for e, Initial residual = 0.00018118016, Final residual = 2.4828728e-06, No Iterations 2
Min/max T:361.403 540.04775

Solving for fluid region fluid
DILUPBiCGStab:  Solving for Ux, Initial residual = 9.1598682e-05, Final residual = 3.0895311e-07, No Iterations 1
DILUPBiCGStab:  Solving for Uy, Initial residual = 0.00011245717, Final residual = 1.1340498e-06, No Iterations 1
DILUPBiCGStab:  Solving for Uz, Initial residual = 0.00011052239, Final residual = 4.5375096e-07, No Iterations 1
DILUPBiCGStab:  Solving for h, Initial residual = 6.6739193e-05, Final residual = 2.1757788e-07, No Iterations 1
Min/max T:139.8 506.33642
GAMG:  Solving for p_rgh, Initial residual = 3.9515401e-05, Final residual = 4.3028814e-07, No Iterations 100
time step continuity errors : sum local = 0.003666664, global = -2.3434553e-05, cumulative = -2.3434553e-05
GAMG:  Solving for p_rgh, Initial residual = 1.1917318e-05, Final residual = 1.1596674e-07, No Iterations 66
time step continuity errors : sum local = 0.00098835112, global = -1.0173571e-05, cumulative = -3.3608125e-05
DILUPBiCGStab:  Solving for omega, Initial residual = 7.6557451e-06, Final residual = 3.2069388e-08, No Iterations 1
DILUPBiCGStab:  Solving for k, Initial residual = 9.4953234e-05, Final residual = 2.4179548e-07, No Iterations 1
ExecutionTime = 16.317598 s  ClockTime = 41 s

Region: fluid Courant Number mean: 6427.8796 max: 9998.9472
Region: solid Diffusion Number mean: 5397.6312 max: 53365.575
Time = 5032s

PIMPLE: Iteration 1

Solving for solid region solid
DICPCG:  Solving for e, Initial residual = 0.00018116638, Final residual = 2.4830517e-06, No Iterations 2
Min/max T:361.42012 540.06831

Solving for fluid region fluid
DILUPBiCGStab:  Solving for Ux, Initial residual = 9.1437286e-05, Final residual = 3.0841572e-07, No Iterations 1
DILUPBiCGStab:  Solving for Uy, Initial residual = 0.00011271815, Final residual = 1.1181677e-06, No Iterations 1
DILUPBiCGStab:  Solving for Uz, Initial residual = 0.00011049224, Final residual = 4.4729643e-07, No Iterations 1
DILUPBiCGStab:  Solving for h, Initial residual = 6.6639944e-05, Final residual = 2.1691199e-07, No Iterations 1
Min/max T:139.8 506.35683
GAMG:  Solving for p_rgh, Initial residual = 3.9720119e-05, Final residual = 4.4200454e-07, No Iterations 100
time step continuity errors : sum local = 0.003766658, global = -2.7009415e-05, cumulative = -2.7009415e-05
GAMG:  Solving for p_rgh, Initial residual = 1.201102e-05, Final residual = 1.1262314e-07, No Iterations 70
time step continuity errors : sum local = 0.00095990778, global = -1.0191035e-05, cumulative = -3.720045e-05
PIMPLE: Iteration 2

Solving for solid region solid
DICPCG:  Solving for e, Initial residual = 0.00018114209, Final residual = 2.4823456e-06, No Iterations 2
Min/max T:361.43722 540.08886

Solving for fluid region fluid
DILUPBiCGStab:  Solving for Ux, Initial residual = 9.1589448e-05, Final residual = 3.0892885e-07, No Iterations 1
DILUPBiCGStab:  Solving for Uy, Initial residual = 0.00011202672, Final residual = 1.1293283e-06, No Iterations 1
DILUPBiCGStab:  Solving for Uz, Initial residual = 0.00011055031, Final residual = 4.4295222e-07, No Iterations 1
DILUPBiCGStab:  Solving for h, Initial residual = 6.6731528e-05, Final residual = 2.175253e-07, No Iterations 1
Min/max T:139.8 506.37723
GAMG:  Solving for p_rgh, Initial residual = 3.9730352e-05, Final residual = 4.3560133e-07, No Iterations 100
time step continuity errors : sum local = 0.0037124191, global = -2.4026926e-05, cumulative = -2.4026926e-05
GAMG:  Solving for p_rgh, Initial residual = 1.1987925e-05, Final residual = 1.1837834e-07, No Iterations 66
time step continuity errors : sum local = 0.0010090372, global = -1.0618116e-05, cumulative = -3.4645041e-05
DILUPBiCGStab:  Solving for omega, Initial residual = 7.6517775e-06, Final residual = 3.2034098e-08, No Iterations 1
DILUPBiCGStab:  Solving for k, Initial residual = 9.498647e-05, Final residual = 2.4195957e-07, No Iterations 1
ExecutionTime = 16.705505 s  ClockTime = 42 s

Region: fluid Courant Number mean: 6428.2294 max: 10000.776
Region: solid Diffusion Number mean: 5397.6312 max: 53365.575
Time = 5033s

PIMPLE: Iteration 1

Solving for solid region solid
DICPCG:  Solving for e, Initial residual = 0.00018112832, Final residual = 2.4825243e-06, No Iterations 2
Min/max T:361.45433 540.10942

Solving for fluid region fluid
DILUPBiCGStab:  Solving for Ux, Initial residual = 9.1439202e-05, Final residual = 3.0842769e-07, No Iterations 1
DILUPBiCGStab:  Solving for Uy, Initial residual = 0.00011212429, Final residual = 1.1139979e-06, No Iterations 1
DILUPBiCGStab:  Solving for Uz, Initial residual = 0.00011062909, Final residual = 4.4155671e-07, No Iterations 1
DILUPBiCGStab:  Solving for h, Initial residual = 6.6632266e-05, Final residual = 2.1685807e-07, No Iterations 1
Min/max T:139.8 506.39765
GAMG:  Solving for p_rgh, Initial residual = 3.97161e-05, Final residual = 4.4444167e-07, No Iterations 100
time step continuity errors : sum local = 0.0037879192, global = -2.7301505e-05, cumulative = -2.7301505e-05
GAMG:  Solving for p_rgh, Initial residual = 1.1996596e-05, Final residual = 1.1488849e-07, No Iterations 70
time step continuity errors : sum local = 0.00097934333, global = -1.0473308e-05, cumulative = -3.7774812e-05
PIMPLE: Iteration 2

Solving for solid region solid
DICPCG:  Solving for e, Initial residual = 0.00018110403, Final residual = 2.4818185e-06, No Iterations 2
Min/max T:361.47144 540.12997

Solving for fluid region fluid
DILUPBiCGStab:  Solving for Ux, Initial residual = 9.1589249e-05, Final residual = 3.0893423e-07, No Iterations 1
DILUPBiCGStab:  Solving for Uy, Initial residual = 0.00011170281, Final residual = 1.1296653e-06, No Iterations 1
DILUPBiCGStab:  Solving for Uz, Initial residual = 0.00011075409, Final residual = 4.4549609e-07, No Iterations 1
DILUPBiCGStab:  Solving for h, Initial residual = 6.6723688e-05, Final residual = 2.1747235e-07, No Iterations 1
Min/max T:139.8 506.41804
GAMG:  Solving for p_rgh, Initial residual = 3.9754331e-05, Final residual = 4.3559182e-07, No Iterations 100
time step continuity errors : sum local = 0.0037128215, global = -2.3828701e-05, cumulative = -2.3828701e-05
GAMG:  Solving for p_rgh, Initial residual = 1.1987068e-05, Final residual = 1.1863499e-07, No Iterations 66
time step continuity errors : sum local = 0.001011355, global = -1.0595259e-05, cumulative = -3.442396e-05
DILUPBiCGStab:  Solving for omega, Initial residual = 7.6476074e-06, Final residual = 3.1999781e-08, No Iterations 1
DILUPBiCGStab:  Solving for k, Initial residual = 9.5017499e-05, Final residual = 2.4210879e-07, No Iterations 1
ExecutionTime = 17.065172 s  ClockTime = 42 s

Region: fluid Courant Number mean: 6428.5794 max: 10002.604
Region: solid Diffusion Number mean: 5397.6312 max: 53365.575
Time = 5034s

PIMPLE: Iteration 1

Solving for solid region solid
DICPCG:  Solving for e, Initial residual = 0.00018109025, Final residual = 2.4819967e-06, No Iterations 2
Min/max T:361.48854 540.15052

Solving for fluid region fluid
DILUPBiCGStab:  Solving for Ux, Initial residual = 9.1430787e-05, Final residual = 3.0840876e-07, No Iterations 1
DILUPBiCGStab:  Solving for Uy, Initial residual = 0.000112154, Final residual = 1.1173512e-06, No Iterations 1
DILUPBiCGStab:  Solving for Uz, Initial residual = 0.000110707, Final residual = 4.4410967e-07, No Iterations 1
DILUPBiCGStab:  Solving for h, Initial residual = 6.6624497e-05, Final residual = 2.1680228e-07, No Iterations 1
Min/max T:139.8 506.43845
GAMG:  Solving for p_rgh, Initial residual = 3.9604187e-05, Final residual = 4.4454328e-07, No Iterations 100
time step continuity errors : sum local = 0.0037892757, global = -2.7203639e-05, cumulative = -2.7203639e-05
GAMG:  Solving for p_rgh, Initial residual = 1.1983022e-05, Final residual = 1.1385762e-07, No Iterations 70
time step continuity errors : sum local = 0.00097068119, global = -1.0434554e-05, cumulative = -3.7638193e-05
PIMPLE: Iteration 2

Solving for solid region solid
DICPCG:  Solving for e, Initial residual = 0.00018106597, Final residual = 2.4812914e-06, No Iterations 2
Min/max T:361.50564 540.17107

Solving for fluid region fluid
DILUPBiCGStab:  Solving for Ux, Initial residual = 9.1578955e-05, Final residual = 3.0890747e-07, No Iterations 1
DILUPBiCGStab:  Solving for Uy, Initial residual = 0.00011189177, Final residual = 1.1329629e-06, No Iterations 1
DILUPBiCGStab:  Solving for Uz, Initial residual = 0.00011074383, Final residual = 4.4707071e-07, No Iterations 1
DILUPBiCGStab:  Solving for h, Initial residual = 6.6715751e-05, Final residual = 2.1741952e-07, No Iterations 1
Min/max T:139.8 506.45885
GAMG:  Solving for p_rgh, Initial residual = 3.9829812e-05, Final residual = 4.3372505e-07, No Iterations 100
time step continuity errors : sum local = 0.0036973871, global = -2.3771514e-05, cumulative = -2.3771514e-05
GAMG:  Solving for p_rgh, Initial residual = 1.2025469e-05, Final residual = 1.1797744e-07, No Iterations 66
time step continuity errors : sum local = 0.0010058787, global = -1.0582603e-05, cumulative = -3.4354117e-05
DILUPBiCGStab:  Solving for omega, Initial residual = 7.6433706e-06, Final residual = 3.1966156e-08, No Iterations 1
DILUPBiCGStab:  Solving for k, Initial residual = 9.5046142e-05, Final residual = 2.4224511e-07, No Iterations 1
ExecutionTime = 17.465334 s  ClockTime = 42 s

Region: fluid Courant Number mean: 6428.9295 max: 10004.436
Region: solid Diffusion Number mean: 5397.6312 max: 53365.575
Time = 5035s

PIMPLE: Iteration 1

Solving for solid region solid
DICPCG:  Solving for e, Initial residual = 0.00018105218, Final residual = 2.4814694e-06, No Iterations 2
Min/max T:361.52273 540.19161

Solving for fluid region fluid
DILUPBiCGStab:  Solving for Ux, Initial residual = 9.1420732e-05, Final residual = 3.0838277e-07, No Iterations 1
DILUPBiCGStab:  Solving for Uy, Initial residual = 0.00011255906, Final residual = 1.1207214e-06, No Iterations 1
DILUPBiCGStab:  Solving for Uz, Initial residual = 0.00011074531, Final residual = 4.4395314e-07, No Iterations 1
DILUPBiCGStab:  Solving for h, Initial residual = 6.6616498e-05, Final residual = 2.1674806e-07, No Iterations 1
Min/max T:139.8 506.47925
GAMG:  Solving for p_rgh, Initial residual = 3.9748463e-05, Final residual = 4.4453978e-07, No Iterations 100
time step continuity errors : sum local = 0.003789735, global = -2.7237812e-05, cumulative = -2.7237812e-05
GAMG:  Solving for p_rgh, Initial residual = 1.2019781e-05, Final residual = 1.1421792e-07, No Iterations 70
time step continuity errors : sum local = 0.00097387916, global = -1.049227e-05, cumulative = -3.7730082e-05
PIMPLE: Iteration 2

Solving for solid region solid
DICPCG:  Solving for e, Initial residual = 0.00018102791, Final residual = 2.4807644e-06, No Iterations 2
Min/max T:361.53983 540.21216

Solving for fluid region fluid
DILUPBiCGStab:  Solving for Ux, Initial residual = 9.1572684e-05, Final residual = 3.0889273e-07, No Iterations 1
DILUPBiCGStab:  Solving for Uy, Initial residual = 0.00011244918, Final residual = 1.1388673e-06, No Iterations 1
DILUPBiCGStab:  Solving for Uz, Initial residual = 0.00011082466, Final residual = 4.4511599e-07, No Iterations 1
DILUPBiCGStab:  Solving for h, Initial residual = 6.670755e-05, Final residual = 2.1736612e-07, No Iterations 1
Min/max T:139.8 506.49964
GAMG:  Solving for p_rgh, Initial residual = 4.0131552e-05, Final residual = 4.3567981e-07, No Iterations 100
time step continuity errors : sum local = 0.0037145331, global = -2.3991864e-05, cumulative = -2.3991864e-05
GAMG:  Solving for p_rgh, Initial residual = 1.2107491e-05, Final residual = 1.1861152e-07, No Iterations 66
time step continuity errors : sum local = 0.0010114175, global = -1.0702581e-05, cumulative = -3.4694445e-05
DILUPBiCGStab:  Solving for omega, Initial residual = 7.6390453e-06, Final residual = 3.1933352e-08, No Iterations 1
DILUPBiCGStab:  Solving for k, Initial residual = 9.507339e-05, Final residual = 2.4237011e-07, No Iterations 1
ExecutionTime = 17.810016 s  ClockTime = 43 s

Region: fluid Courant Number mean: 6429.2797 max: 10006.272
Region: solid Diffusion Number mean: 5397.6312 max: 53365.575
Time = 5036s

PIMPLE: Iteration 1

Solving for solid region solid
DICPCG:  Solving for e, Initial residual = 0.00018101412, Final residual = 2.480942e-06, No Iterations 2
Min/max T:361.55692 540.2327

Solving for fluid region fluid
DILUPBiCGStab:  Solving for Ux, Initial residual = 9.1418619e-05, Final residual = 3.0838255e-07, No Iterations 1
DILUPBiCGStab:  Solving for Uy, Initial residual = 0.00011274258, Final residual = 1.1246753e-06, No Iterations 1
DILUPBiCGStab:  Solving for Uz, Initial residual = 0.00011083539, Final residual = 4.3975638e-07, No Iterations 1
DILUPBiCGStab:  Solving for h, Initial residual = 6.6608265e-05, Final residual = 2.1669537e-07, No Iterations 1
Min/max T:139.8 506.52004
GAMG:  Solving for p_rgh, Initial residual = 4.0076452e-05, Final residual = 4.4507601e-07, No Iterations 100
time step continuity errors : sum local = 0.0037948023, global = -2.6459803e-05, cumulative = -2.6459803e-05
GAMG:  Solving for p_rgh, Initial residual = 1.2115816e-05, Final residual = 1.1377894e-07, No Iterations 70
time step continuity errors : sum local = 0.00097026306, global = -1.0508429e-05, cumulative = -3.6968232e-05
PIMPLE: Iteration 2

Solving for solid region solid
DICPCG:  Solving for e, Initial residual = 0.00018098986, Final residual = 2.4802374e-06, No Iterations 2
Min/max T:361.57401 540.25324

Solving for fluid region fluid
DILUPBiCGStab:  Solving for Ux, Initial residual = 9.1569434e-05, Final residual = 3.0888772e-07, No Iterations 1
DILUPBiCGStab:  Solving for Uy, Initial residual = 0.00011225063, Final residual = 1.1399093e-06, No Iterations 1
DILUPBiCGStab:  Solving for Uz, Initial residual = 0.00011091209, Final residual = 4.4074372e-07, No Iterations 1
DILUPBiCGStab:  Solving for h, Initial residual = 6.6699124e-05, Final residual = 2.1731453e-07, No Iterations 1
Min/max T:139.8 506.54043
GAMG:  Solving for p_rgh, Initial residual = 4.0230513e-05, Final residual = 4.3507426e-07, No Iterations 100
time step continuity errors : sum local = 0.0037098545, global = -2.3660369e-05, cumulative = -2.3660369e-05
GAMG:  Solving for p_rgh, Initial residual = 1.2125388e-05, Final residual = 1.186906e-07, No Iterations 66
time step continuity errors : sum local = 0.0010122229, global = -1.0516399e-05, cumulative = -3.4176769e-05
DILUPBiCGStab:  Solving for omega, Initial residual = 7.6347005e-06, Final residual = 3.1901282e-08, No Iterations 1
DILUPBiCGStab:  Solving for k, Initial residual = 9.5098431e-05, Final residual = 2.42484e-07, No Iterations 1
ExecutionTime = 18.165586 s  ClockTime = 43 s

Region: fluid Courant Number mean: 6429.63 max: 10008.117
Region: solid Diffusion Number mean: 5397.6312 max: 53365.575
Time = 5037s

PIMPLE: Iteration 1

Solving for solid region solid
DICPCG:  Solving for e, Initial residual = 0.00018097607, Final residual = 2.4804146e-06, No Iterations 2
Min/max T:361.5911 540.27377

Solving for fluid region fluid
DILUPBiCGStab:  Solving for Ux, Initial residual = 9.140693e-05, Final residual = 3.0835401e-07, No Iterations 1
DILUPBiCGStab:  Solving for Uy, Initial residual = 0.00011321544, Final residual = 1.1290646e-06, No Iterations 1
DILUPBiCGStab:  Solving for Uz, Initial residual = 0.00011084033, Final residual = 4.3578928e-07, No Iterations 1
DILUPBiCGStab:  Solving for h, Initial residual = 6.6599832e-05, Final residual = 2.1664483e-07, No Iterations 1
Min/max T:139.8 506.56083
GAMG:  Solving for p_rgh, Initial residual = 4.0398736e-05, Final residual = 4.4646018e-07, No Iterations 100
time step continuity errors : sum local = 0.0038070929, global = -2.7217826e-05, cumulative = -2.7217826e-05
GAMG:  Solving for p_rgh, Initial residual = 1.2214309e-05, Final residual = 1.1525216e-07, No Iterations 70
time step continuity errors : sum local = 0.00098295081, global = -1.0535232e-05, cumulative = -3.7753058e-05
PIMPLE: Iteration 2

Solving for solid region solid
DICPCG:  Solving for e, Initial residual = 0.0001809518, Final residual = 2.4797104e-06, No Iterations 2
Min/max T:361.60818 540.29431

Solving for fluid region fluid
DILUPBiCGStab:  Solving for Ux, Initial residual = 9.155451e-05, Final residual = 3.0885513e-07, No Iterations 1
DILUPBiCGStab:  Solving for Uy, Initial residual = 0.0001136817, Final residual = 1.1485666e-06, No Iterations 1
DILUPBiCGStab:  Solving for Uz, Initial residual = 0.0001108182, Final residual = 4.3545331e-07, No Iterations 1
DILUPBiCGStab:  Solving for h, Initial residual = 6.6690466e-05, Final residual = 2.1726028e-07, No Iterations 1
Min/max T:139.8 506.58121
GAMG:  Solving for p_rgh, Initial residual = 4.0630094e-05, Final residual = 4.370136e-07, No Iterations 100
time step continuity errors : sum local = 0.0037268652, global = -2.3876173e-05, cumulative = -2.3876173e-05
GAMG:  Solving for p_rgh, Initial residual = 1.22476e-05, Final residual = 1.2062431e-07, No Iterations 66
time step continuity errors : sum local = 0.0010288445, global = -1.068788e-05, cumulative = -3.4564053e-05
DILUPBiCGStab:  Solving for omega, Initial residual = 7.6302953e-06, Final residual = 3.1869231e-08, No Iterations 1
DILUPBiCGStab:  Solving for k, Initial residual = 9.5120881e-05, Final residual = 2.4258688e-07, No Iterations 1
ExecutionTime = 18.520439 s  ClockTime = 44 s

Region: fluid Courant Number mean: 6429.9805 max: 10009.982
Region: solid Diffusion Number mean: 5397.6312 max: 53365.575
Time = 5038s

PIMPLE: Iteration 1

Solving for solid region solid
DICPCG:  Solving for e, Initial residual = 0.00018093801, Final residual = 2.4798874e-06, No Iterations 2
Min/max T:361.62526 540.31484

Solving for fluid region fluid
DILUPBiCGStab:  Solving for Ux, Initial residual = 9.1397899e-05, Final residual = 3.0834433e-07, No Iterations 1
DILUPBiCGStab:  Solving for Uy, Initial residual = 0.00011408463, Final residual = 1.1376887e-06, No Iterations 1
DILUPBiCGStab:  Solving for Uz, Initial residual = 0.0001110134, Final residual = 4.3114824e-07, No Iterations 1
DILUPBiCGStab:  Solving for h, Initial residual = 6.6591024e-05, Final residual = 2.1658887e-07, No Iterations 1
Min/max T:139.8 506.6016
GAMG:  Solving for p_rgh, Initial residual = 4.0371358e-05, Final residual = 4.4985883e-07, No Iterations 100
time step continuity errors : sum local = 0.0038365642, global = -2.7614491e-05, cumulative = -2.7614491e-05
GAMG:  Solving for p_rgh, Initial residual = 1.2187771e-05, Final residual = 1.175132e-07, No Iterations 70
time step continuity errors : sum local = 0.0010023645, global = -1.0667141e-05, cumulative = -3.8281632e-05
PIMPLE: Iteration 2

Solving for solid region solid
DICPCG:  Solving for e, Initial residual = 0.00018091375, Final residual = 2.4791836e-06, No Iterations 2
Min/max T:361.64234 540.33538

Solving for fluid region fluid
DILUPBiCGStab:  Solving for Ux, Initial residual = 9.1549251e-05, Final residual = 3.0885364e-07, No Iterations 1
DILUPBiCGStab:  Solving for Uy, Initial residual = 0.00011411701, Final residual = 1.1567342e-06, No Iterations 1
DILUPBiCGStab:  Solving for Uz, Initial residual = 0.00011103288, Final residual = 4.304903e-07, No Iterations 1
DILUPBiCGStab:  Solving for h, Initial residual = 6.6681386e-05, Final residual = 2.1720091e-07, No Iterations 1
Min/max T:139.8 506.62198
GAMG:  Solving for p_rgh, Initial residual = 4.0438454e-05, Final residual = 4.357852e-07, No Iterations 100
time step continuity errors : sum local = 0.0037168701, global = -2.404339e-05, cumulative = -2.404339e-05
GAMG:  Solving for p_rgh, Initial residual = 1.216858e-05, Final residual = 1.197746e-07, No Iterations 66
time step continuity errors : sum local = 0.0010217306, global = -1.0668493e-05, cumulative = -3.4711883e-05
DILUPBiCGStab:  Solving for omega, Initial residual = 7.6259344e-06, Final residual = 3.1837977e-08, No Iterations 1
DILUPBiCGStab:  Solving for k, Initial residual = 9.5141855e-05, Final residual = 2.4268211e-07, No Iterations 1
ExecutionTime = 18.993617 s  ClockTime = 44 s

Region: fluid Courant Number mean: 6430.3309 max: 10011.839
Region: solid Diffusion Number mean: 5397.6312 max: 53365.575
Time = 5039s

PIMPLE: Iteration 1

Solving for solid region solid
DICPCG:  Solving for e, Initial residual = 0.00018089996, Final residual = 2.4793602e-06, No Iterations 2
Min/max T:361.65942 540.35591

Solving for fluid region fluid
DILUPBiCGStab:  Solving for Ux, Initial residual = 9.138991e-05, Final residual = 3.0832482e-07, No Iterations 1
DILUPBiCGStab:  Solving for Uy, Initial residual = 0.00011438587, Final residual = 1.1428581e-06, No Iterations 1
DILUPBiCGStab:  Solving for Uz, Initial residual = 0.00011078569, Final residual = 4.2793697e-07, No Iterations 1
DILUPBiCGStab:  Solving for h, Initial residual = 6.6581643e-05, Final residual = 2.1653054e-07, No Iterations 1
Min/max T:139.8 506.64237
GAMG:  Solving for p_rgh, Initial residual = 4.0356129e-05, Final residual = 4.4684751e-07, No Iterations 100
time step continuity errors : sum local = 0.0038113786, global = -2.7725381e-05, cumulative = -2.7725381e-05
GAMG:  Solving for p_rgh, Initial residual = 1.2187868e-05, Final residual = 1.166753e-07, No Iterations 70
time step continuity errors : sum local = 0.0009953472, global = -1.0695092e-05, cumulative = -3.8420473e-05
PIMPLE: Iteration 2

Solving for solid region solid
DICPCG:  Solving for e, Initial residual = 0.00018087571, Final residual = 2.4786568e-06, No Iterations 2
Min/max T:361.67649 540.37643

Solving for fluid region fluid
DILUPBiCGStab:  Solving for Ux, Initial residual = 9.154238e-05, Final residual = 3.0883276e-07, No Iterations 1
DILUPBiCGStab:  Solving for Uy, Initial residual = 0.00011404363, Final residual = 1.1570707e-06, No Iterations 1
DILUPBiCGStab:  Solving for Uz, Initial residual = 0.00011080946, Final residual = 4.3029587e-07, No Iterations 1
DILUPBiCGStab:  Solving for h, Initial residual = 6.6671757e-05, Final residual = 2.1714306e-07, No Iterations 1
Min/max T:139.8 506.66274
GAMG:  Solving for p_rgh, Initial residual = 3.9992204e-05, Final residual = 4.3151881e-07, No Iterations 100
time step continuity errors : sum local = 0.0036809629, global = -2.3433951e-05, cumulative = -2.3433951e-05
GAMG:  Solving for p_rgh, Initial residual = 1.2023684e-05, Final residual = 1.1854282e-07, No Iterations 66
time step continuity errors : sum local = 0.0010113532, global = -1.0472494e-05, cumulative = -3.3906445e-05
DILUPBiCGStab:  Solving for omega, Initial residual = 7.6216777e-06, Final residual = 3.1807885e-08, No Iterations 1
DILUPBiCGStab:  Solving for k, Initial residual = 9.5161309e-05, Final residual = 2.4277187e-07, No Iterations 1
ExecutionTime = 19.366125 s  ClockTime = 45 s

Region: fluid Courant Number mean: 6430.6814 max: 10013.691
Region: solid Diffusion Number mean: 5397.6312 max: 53365.575
Time = 5040s

PIMPLE: Iteration 1

Solving for solid region solid
DICPCG:  Solving for e, Initial residual = 0.00018086191, Final residual = 2.4788331e-06, No Iterations 2
Min/max T:361.69357 540.39696

Solving for fluid region fluid
DILUPBiCGStab:  Solving for Ux, Initial residual = 9.1376574e-05, Final residual = 3.0828731e-07, No Iterations 1
DILUPBiCGStab:  Solving for Uy, Initial residual = 0.0001141688, Final residual = 1.1368801e-06, No Iterations 1
DILUPBiCGStab:  Solving for Uz, Initial residual = 0.00011078261, Final residual = 4.3102143e-07, No Iterations 1
DILUPBiCGStab:  Solving for h, Initial residual = 6.6572245e-05, Final residual = 2.1646907e-07, No Iterations 1
Min/max T:139.8 506.68313
GAMG:  Solving for p_rgh, Initial residual = 3.9341205e-05, Final residual = 4.4282059e-07, No Iterations 100
time step continuity errors : sum local = 0.0037775196, global = -2.6590944e-05, cumulative = -2.6590944e-05
GAMG:  Solving for p_rgh, Initial residual = 1.1828068e-05, Final residual = 1.1370285e-07, No Iterations 70
time step continuity errors : sum local = 0.0009701115, global = -9.9498566e-06, cumulative = -3.6540801e-05
PIMPLE: Iteration 2

Solving for solid region solid
DICPCG:  Solving for e, Initial residual = 0.00018083766, Final residual = 2.47813e-06, No Iterations 2
Min/max T:361.71064 540.41748

Solving for fluid region fluid
DILUPBiCGStab:  Solving for Ux, Initial residual = 9.1510368e-05, Final residual = 3.0874063e-07, No Iterations 1
DILUPBiCGStab:  Solving for Uy, Initial residual = 0.00011298022, Final residual = 1.1419583e-06, No Iterations 1
DILUPBiCGStab:  Solving for Uz, Initial residual = 0.00011063678, Final residual = 4.2770491e-07, No Iterations 1
DILUPBiCGStab:  Solving for h, Initial residual = 6.6662231e-05, Final residual = 2.1708192e-07, No Iterations 1
Min/max T:139.8 506.7035
GAMG:  Solving for p_rgh, Initial residual = 3.9387241e-05, Final residual = 4.3527562e-07, No Iterations 100
time step continuity errors : sum local = 0.0037134791, global = -2.3784142e-05, cumulative = -2.3784142e-05
GAMG:  Solving for p_rgh, Initial residual = 1.1839482e-05, Final residual = 1.0911483e-07, No Iterations 68
time step continuity errors : sum local = 0.00093103714, global = -9.4893384e-06, cumulative = -3.327348e-05
DILUPBiCGStab:  Solving for omega, Initial residual = 7.6174193e-06, Final residual = 3.177825e-08, No Iterations 1
DILUPBiCGStab:  Solving for k, Initial residual = 9.5176878e-05, Final residual = 2.4285096e-07, No Iterations 1
ExecutionTime = 19.863414 s  ClockTime = 45 s

Region: fluid Courant Number mean: 6431.0318 max: 10015.541
Region: solid Diffusion Number mean: 5397.6312 max: 53365.575
Time = 5041s

PIMPLE: Iteration 1

Solving for solid region solid
DICPCG:  Solving for e, Initial residual = 0.00018082387, Final residual = 2.4783064e-06, No Iterations 2
Min/max T:361.7277 540.438

Solving for fluid region fluid
DILUPBiCGStab:  Solving for Ux, Initial residual = 9.1352867e-05, Final residual = 3.0821641e-07, No Iterations 1
DILUPBiCGStab:  Solving for Uy, Initial residual = 0.00011223677, Final residual = 1.1277079e-06, No Iterations 1
DILUPBiCGStab:  Solving for Uz, Initial residual = 0.00011025022, Final residual = 4.2315739e-07, No Iterations 1
DILUPBiCGStab:  Solving for h, Initial residual = 6.6562538e-05, Final residual = 2.1640302e-07, No Iterations 1
Min/max T:139.8 506.72388
GAMG:  Solving for p_rgh, Initial residual = 3.8997431e-05, Final residual = 4.4599461e-07, No Iterations 100
time step continuity errors : sum local = 0.0038050851, global = -2.6806074e-05, cumulative = -2.6806074e-05
GAMG:  Solving for p_rgh, Initial residual = 1.1727723e-05, Final residual = 1.1371195e-07, No Iterations 70
time step continuity errors : sum local = 0.00097031572, global = -1.0176214e-05, cumulative = -3.6982288e-05
PIMPLE: Iteration 2

Solving for solid region solid
DICPCG:  Solving for e, Initial residual = 0.00018079963, Final residual = 2.4776035e-06, No Iterations 2
Min/max T:361.74477 540.45852

Solving for fluid region fluid
DILUPBiCGStab:  Solving for Ux, Initial residual = 9.1498134e-05, Final residual = 3.0869592e-07, No Iterations 1
DILUPBiCGStab:  Solving for Uy, Initial residual = 0.00011092394, Final residual = 1.1372699e-06, No Iterations 1
DILUPBiCGStab:  Solving for Uz, Initial residual = 0.00011005639, Final residual = 4.2421279e-07, No Iterations 1
DILUPBiCGStab:  Solving for h, Initial residual = 6.665236e-05, Final residual = 2.1701972e-07, No Iterations 1
Min/max T:139.8 506.74424
GAMG:  Solving for p_rgh, Initial residual = 3.9010466e-05, Final residual = 4.3374366e-07, No Iterations 100
time step continuity errors : sum local = 0.0037008935, global = -2.3284142e-05, cumulative = -2.3284142e-05
GAMG:  Solving for p_rgh, Initial residual = 1.1695862e-05, Final residual = 1.1569714e-07, No Iterations 66
time step continuity errors : sum local = 0.00098733097, global = -1.0192008e-05, cumulative = -3.347615e-05
DILUPBiCGStab:  Solving for omega, Initial residual = 7.613073e-06, Final residual = 3.1750442e-08, No Iterations 1
DILUPBiCGStab:  Solving for k, Initial residual = 9.519091e-05, Final residual = 2.4292483e-07, No Iterations 1
ExecutionTime = 20.229914 s  ClockTime = 46 s

Region: fluid Courant Number mean: 6431.3821 max: 10017.398
Region: solid Diffusion Number mean: 5397.6312 max: 53365.575
Time = 5042s

PIMPLE: Iteration 1

Solving for solid region solid
DICPCG:  Solving for e, Initial residual = 0.00018078583, Final residual = 2.4777793e-06, No Iterations 2
Min/max T:361.76183 540.47904

Solving for fluid region fluid
DILUPBiCGStab:  Solving for Ux, Initial residual = 9.1338209e-05, Final residual = 3.0816593e-07, No Iterations 1
DILUPBiCGStab:  Solving for Uy, Initial residual = 0.00011115692, Final residual = 1.120965e-06, No Iterations 1
DILUPBiCGStab:  Solving for Uz, Initial residual = 0.00011006405, Final residual = 4.2136121e-07, No Iterations 1
DILUPBiCGStab:  Solving for h, Initial residual = 6.6552883e-05, Final residual = 2.163415e-07, No Iterations 1
Min/max T:139.8 506.76462
GAMG:  Solving for p_rgh, Initial residual = 3.8777517e-05, Final residual = 4.4290289e-07, No Iterations 100
time step continuity errors : sum local = 0.0037791988, global = -2.7300555e-05, cumulative = -2.7300555e-05
GAMG:  Solving for p_rgh, Initial residual = 1.1633167e-05, Final residual = 1.14669e-07, No Iterations 70
time step continuity errors : sum local = 0.00097861007, global = -1.0316321e-05, cumulative = -3.7616876e-05
PIMPLE: Iteration 2

Solving for solid region solid
DICPCG:  Solving for e, Initial residual = 0.00018076159, Final residual = 2.4770769e-06, No Iterations 2
Min/max T:361.77889 540.49956

Solving for fluid region fluid
DILUPBiCGStab:  Solving for Ux, Initial residual = 9.1483741e-05, Final residual = 3.0864483e-07, No Iterations 1
DILUPBiCGStab:  Solving for Uy, Initial residual = 0.00011116475, Final residual = 1.1377583e-06, No Iterations 1
DILUPBiCGStab:  Solving for Uz, Initial residual = 0.00010989615, Final residual = 4.2322193e-07, No Iterations 1
DILUPBiCGStab:  Solving for h, Initial residual = 6.664254e-05, Final residual = 2.1695651e-07, No Iterations 1
Min/max T:139.8 506.78498
GAMG:  Solving for p_rgh, Initial residual = 3.8455994e-05, Final residual = 4.326e-07, No Iterations 100
time step continuity errors : sum local = 0.0036916159, global = -2.3537183e-05, cumulative = -2.3537183e-05
GAMG:  Solving for p_rgh, Initial residual = 1.1562726e-05, Final residual = 1.0746236e-07, No Iterations 68
time step continuity errors : sum local = 0.00091717512, global = -9.3994652e-06, cumulative = -3.2936648e-05
DILUPBiCGStab:  Solving for omega, Initial residual = 7.6084307e-06, Final residual = 3.172309e-08, No Iterations 1
DILUPBiCGStab:  Solving for k, Initial residual = 9.5203826e-05, Final residual = 2.4299224e-07, No Iterations 1
ExecutionTime = 20.615573 s  ClockTime = 46 s

Region: fluid Courant Number mean: 6431.7323 max: 10019.24
Region: solid Diffusion Number mean: 5397.6312 max: 53365.575
Time = 5043s

PIMPLE: Iteration 1

Solving for solid region solid
DICPCG:  Solving for e, Initial residual = 0.00018074779, Final residual = 2.4772525e-06, No Iterations 2
Min/max T:361.79595 540.52007

Solving for fluid region fluid
DILUPBiCGStab:  Solving for Ux, Initial residual = 9.1318515e-05, Final residual = 3.0809104e-07, No Iterations 1
DILUPBiCGStab:  Solving for Uy, Initial residual = 0.00011037151, Final residual = 1.1233991e-06, No Iterations 1
DILUPBiCGStab:  Solving for Uz, Initial residual = 0.00010933742, Final residual = 4.2119483e-07, No Iterations 1
DILUPBiCGStab:  Solving for h, Initial residual = 6.6542799e-05, Final residual = 2.1627097e-07, No Iterations 1
Min/max T:139.8 506.80536
GAMG:  Solving for p_rgh, Initial residual = 3.8353371e-05, Final residual = 4.4526043e-07, No Iterations 100
time step continuity errors : sum local = 0.0037998104, global = -2.7175376e-05, cumulative = -2.7175376e-05
GAMG:  Solving for p_rgh, Initial residual = 1.1525913e-05, Final residual = 1.1343207e-07, No Iterations 70
time step continuity errors : sum local = 0.00096818013, global = -1.0262091e-05, cumulative = -3.7437467e-05
PIMPLE: Iteration 2

Solving for solid region solid
DICPCG:  Solving for e, Initial residual = 0.00018072356, Final residual = 2.4765504e-06, No Iterations 2
Min/max T:361.813 540.54058

Solving for fluid region fluid
DILUPBiCGStab:  Solving for Ux, Initial residual = 9.1471213e-05, Final residual = 3.0859362e-07, No Iterations 1
DILUPBiCGStab:  Solving for Uy, Initial residual = 0.00011040279, Final residual = 1.1354761e-06, No Iterations 1
DILUPBiCGStab:  Solving for Uz, Initial residual = 0.0001093666, Final residual = 4.219172e-07, No Iterations 1
DILUPBiCGStab:  Solving for h, Initial residual = 6.6632406e-05, Final residual = 2.1688963e-07, No Iterations 1
Min/max T:139.8 506.82572
GAMG:  Solving for p_rgh, Initial residual = 3.8294188e-05, Final residual = 4.3444048e-07, No Iterations 100
time step continuity errors : sum local = 0.0037078102, global = -2.2946431e-05, cumulative = -2.2946431e-05
GAMG:  Solving for p_rgh, Initial residual = 1.1549549e-05, Final residual = 1.0646272e-07, No Iterations 68
time step continuity errors : sum local = 0.00090876392, global = -9.0159756e-06, cumulative = -3.1962406e-05
DILUPBiCGStab:  Solving for omega, Initial residual = 7.6039111e-06, Final residual = 3.1697876e-08, No Iterations 1
DILUPBiCGStab:  Solving for k, Initial residual = 9.5215996e-05, Final residual = 2.4305543e-07, No Iterations 1
ExecutionTime = 20.987441 s  ClockTime = 46 s

Region: fluid Courant Number mean: 6432.0825 max: 10021.09
Region: solid Diffusion Number mean: 5397.6312 max: 53365.575
Time = 5044s

PIMPLE: Iteration 1

Solving for solid region solid
DICPCG:  Solving for e, Initial residual = 0.00018070976, Final residual = 2.4767258e-06, No Iterations 2
Min/max T:361.83006 540.56109

Solving for fluid region fluid
DILUPBiCGStab:  Solving for Ux, Initial residual = 9.1304361e-05, Final residual = 3.080433e-07, No Iterations 1
DILUPBiCGStab:  Solving for Uy, Initial residual = 0.00010954492, Final residual = 1.1083691e-06, No Iterations 1
DILUPBiCGStab:  Solving for Uz, Initial residual = 0.00010934179, Final residual = 4.1439659e-07, No Iterations 1
DILUPBiCGStab:  Solving for h, Initial residual = 6.6533009e-05, Final residual = 2.1620855e-07, No Iterations 1
Min/max T:139.8 506.84609
GAMG:  Solving for p_rgh, Initial residual = 3.8241398e-05, Final residual = 4.4438387e-07, No Iterations 100
time step continuity errors : sum local = 0.0037928276, global = -2.6970161e-05, cumulative = -2.6970161e-05
GAMG:  Solving for p_rgh, Initial residual = 1.1516923e-05, Final residual = 1.1304952e-07, No Iterations 70
time step continuity errors : sum local = 0.00096504089, global = -1.0168379e-05, cumulative = -3.7138541e-05
PIMPLE: Iteration 2

Solving for solid region solid
DICPCG:  Solving for e, Initial residual = 0.00018068553, Final residual = 2.476024e-06, No Iterations 2
Min/max T:361.84711 540.5816

Solving for fluid region fluid
DILUPBiCGStab:  Solving for Ux, Initial residual = 9.1451597e-05, Final residual = 3.0853018e-07, No Iterations 1
DILUPBiCGStab:  Solving for Uy, Initial residual = 0.00010921285, Final residual = 1.1163702e-06, No Iterations 1
DILUPBiCGStab:  Solving for Uz, Initial residual = 0.00010936906, Final residual = 4.1493045e-07, No Iterations 1
DILUPBiCGStab:  Solving for h, Initial residual = 6.6622641e-05, Final residual = 2.1683091e-07, No Iterations 1
Min/max T:139.8 506.86644
GAMG:  Solving for p_rgh, Initial residual = 3.8238726e-05, Final residual = 4.3403854e-07, No Iterations 100
time step continuity errors : sum local = 0.0037048627, global = -2.3556039e-05, cumulative = -2.3556039e-05
GAMG:  Solving for p_rgh, Initial residual = 1.153442e-05, Final residual = 1.0765983e-07, No Iterations 68
time step continuity errors : sum local = 0.00091910277, global = -9.3060454e-06, cumulative = -3.2862084e-05
DILUPBiCGStab:  Solving for omega, Initial residual = 7.5995353e-06, Final residual = 3.1673835e-08, No Iterations 1
DILUPBiCGStab:  Solving for k, Initial residual = 9.5227002e-05, Final residual = 2.4311308e-07, No Iterations 1
ExecutionTime = 21.320793 s  ClockTime = 47 s

Region: fluid Courant Number mean: 6432.4328 max: 10022.942
Region: solid Diffusion Number mean: 5397.6312 max: 53365.575
Time = 5045s

PIMPLE: Iteration 1

Solving for solid region solid
DICPCG:  Solving for e, Initial residual = 0.00018067173, Final residual = 2.4761992e-06, No Iterations 2
Min/max T:361.86416 540.60211

Solving for fluid region fluid
DILUPBiCGStab:  Solving for Ux, Initial residual = 9.1292768e-05, Final residual = 3.0800586e-07, No Iterations 1
DILUPBiCGStab:  Solving for Uy, Initial residual = 0.00010936279, Final residual = 1.1043557e-06, No Iterations 1
DILUPBiCGStab:  Solving for Uz, Initial residual = 0.00010928751, Final residual = 4.1233111e-07, No Iterations 1
DILUPBiCGStab:  Solving for h, Initial residual = 6.6523411e-05, Final residual = 2.1615032e-07, No Iterations 1
Min/max T:139.8 506.8868
GAMG:  Solving for p_rgh, Initial residual = 3.8227572e-05, Final residual = 4.4534084e-07, No Iterations 100
time step continuity errors : sum local = 0.003801494, global = -2.7126262e-05, cumulative = -2.7126262e-05
GAMG:  Solving for p_rgh, Initial residual = 1.1479273e-05, Final residual = 1.1430204e-07, No Iterations 70
time step continuity errors : sum local = 0.00097586245, global = -1.0267582e-05, cumulative = -3.7393844e-05
PIMPLE: Iteration 2

Solving for solid region solid
DICPCG:  Solving for e, Initial residual = 0.00018064751, Final residual = 2.4754976e-06, No Iterations 2
Min/max T:361.8812 540.62261

Solving for fluid region fluid
DILUPBiCGStab:  Solving for Ux, Initial residual = 9.1445775e-05, Final residual = 3.0850983e-07, No Iterations 1
DILUPBiCGStab:  Solving for Uy, Initial residual = 0.00010926044, Final residual = 1.1132169e-06, No Iterations 1
DILUPBiCGStab:  Solving for Uz, Initial residual = 0.0001092727, Final residual = 4.1715409e-07, No Iterations 1
DILUPBiCGStab:  Solving for h, Initial residual = 6.6613074e-05, Final residual = 2.1677253e-07, No Iterations 1
Min/max T:139.8 506.90715
GAMG:  Solving for p_rgh, Initial residual = 3.8238119e-05, Final residual = 4.2597946e-07, No Iterations 100
time step continuity errors : sum local = 0.0036365503, global = -2.2533601e-05, cumulative = -2.2533601e-05
GAMG:  Solving for p_rgh, Initial residual = 1.1468202e-05, Final residual = 1.1271023e-07, No Iterations 66
time step continuity errors : sum local = 0.00096234209, global = -9.6148585e-06, cumulative = -3.214846e-05
DILUPBiCGStab:  Solving for omega, Initial residual = 7.595427e-06, Final residual = 3.1650851e-08, No Iterations 1
DILUPBiCGStab:  Solving for k, Initial residual = 9.5237277e-05, Final residual = 2.4316779e-07, No Iterations 1
ExecutionTime = 21.720223 s  ClockTime = 47 s

Region: fluid Courant Number mean: 6432.7831 max: 10024.794
Region: solid Diffusion Number mean: 5397.6312 max: 53365.575
Time = 5046s

PIMPLE: Iteration 1

Solving for solid region solid
DICPCG:  Solving for e, Initial residual = 0.00018063371, Final residual = 2.4756725e-06, No Iterations 2
Min/max T:361.89824 540.64311

Solving for fluid region fluid
DILUPBiCGStab:  Solving for Ux, Initial residual = 9.1269897e-05, Final residual = 3.0793294e-07, No Iterations 1
DILUPBiCGStab:  Solving for Uy, Initial residual = 0.00010830642, Final residual = 1.0903657e-06, No Iterations 1
DILUPBiCGStab:  Solving for Uz, Initial residual = 0.00010919181, Final residual = 4.1261716e-07, No Iterations 1
DILUPBiCGStab:  Solving for h, Initial residual = 6.6514026e-05, Final residual = 2.1609425e-07, No Iterations 1
Min/max T:139.8 506.92752
GAMG:  Solving for p_rgh, Initial residual = 3.7536021e-05, Final residual = 4.4402703e-07, No Iterations 100
time step continuity errors : sum local = 0.0037907678, global = -2.7047545e-05, cumulative = -2.7047545e-05
GAMG:  Solving for p_rgh, Initial residual = 1.1267727e-05, Final residual = 1.0421556e-07, No Iterations 72
time step continuity errors : sum local = 0.00088986285, global = -9.2286936e-06, cumulative = -3.6276238e-05
PIMPLE: Iteration 2

Solving for solid region solid
DICPCG:  Solving for e, Initial residual = 0.00018060949, Final residual = 2.4749713e-06, No Iterations 2
Min/max T:361.91528 540.66361

Solving for fluid region fluid
DILUPBiCGStab:  Solving for Ux, Initial residual = 9.1420869e-05, Final residual = 3.0843107e-07, No Iterations 1
DILUPBiCGStab:  Solving for Uy, Initial residual = 0.00010808468, Final residual = 1.0964723e-06, No Iterations 1
DILUPBiCGStab:  Solving for Uz, Initial residual = 0.00010920258, Final residual = 4.1679392e-07, No Iterations 1
DILUPBiCGStab:  Solving for h, Initial residual = 6.6603683e-05, Final residual = 2.1672023e-07, No Iterations 1
Min/max T:139.8 506.94786
GAMG:  Solving for p_rgh, Initial residual = 3.7626246e-05, Final residual = 4.3441078e-07, No Iterations 100
time step continuity errors : sum local = 0.0037090022, global = -2.4001561e-05, cumulative = -2.4001561e-05
GAMG:  Solving for p_rgh, Initial residual = 1.1337951e-05, Final residual = 1.0849524e-07, No Iterations 68
time step continuity errors : sum local = 0.00092647537, global = -9.4134045e-06, cumulative = -3.3414965e-05
DILUPBiCGStab:  Solving for omega, Initial residual = 7.5915168e-06, Final residual = 3.1628255e-08, No Iterations 1
DILUPBiCGStab:  Solving for k, Initial residual = 9.5246864e-05, Final residual = 2.4321818e-07, No Iterations 1
ExecutionTime = 22.090128 s  ClockTime = 48 s

Region: fluid Courant Number mean: 6433.1334 max: 10026.647
Region: solid Diffusion Number mean: 5397.6312 max: 53365.575
Time = 5047s

PIMPLE: Iteration 1

Solving for solid region solid
DICPCG:  Solving for e, Initial residual = 0.00018059569, Final residual = 2.4751463e-06, No Iterations 2
Min/max T:361.93232 540.68411

Solving for fluid region fluid
DILUPBiCGStab:  Solving for Ux, Initial residual = 9.1259984e-05, Final residual = 3.0790242e-07, No Iterations 1
DILUPBiCGStab:  Solving for Uy, Initial residual = 0.00010761392, Final residual = 1.0806628e-06, No Iterations 1
DILUPBiCGStab:  Solving for Uz, Initial residual = 0.00010913561, Final residual = 4.1645034e-07, No Iterations 1
DILUPBiCGStab:  Solving for h, Initial residual = 6.6504706e-05, Final residual = 2.1604214e-07, No Iterations 1
Min/max T:139.8 506.96822
GAMG:  Solving for p_rgh, Initial residual = 3.7593428e-05, Final residual = 4.4469274e-07, No Iterations 100
time step continuity errors : sum local = 0.0037969449, global = -2.7368256e-05, cumulative = -2.7368256e-05
GAMG:  Solving for p_rgh, Initial residual = 1.1307413e-05, Final residual = 1.0536633e-07, No Iterations 72
time step continuity errors : sum local = 0.00089980587, global = -9.3918976e-06, cumulative = -3.6760154e-05
PIMPLE: Iteration 2

Solving for solid region solid
DICPCG:  Solving for e, Initial residual = 0.00018057148, Final residual = 2.4744452e-06, No Iterations 2
Min/max T:361.94936 540.70461

Solving for fluid region fluid
DILUPBiCGStab:  Solving for Ux, Initial residual = 9.1410993e-05, Final residual = 3.0839892e-07, No Iterations 1
DILUPBiCGStab:  Solving for Uy, Initial residual = 0.00010781163, Final residual = 1.0938646e-06, No Iterations 1
DILUPBiCGStab:  Solving for Uz, Initial residual = 0.00010915314, Final residual = 4.2249911e-07, No Iterations 1
DILUPBiCGStab:  Solving for h, Initial residual = 6.659437e-05, Final residual = 2.1667128e-07, No Iterations 1
Min/max T:139.8 506.98856
GAMG:  Solving for p_rgh, Initial residual = 3.7589037e-05, Final residual = 4.3405873e-07, No Iterations 100
time step continuity errors : sum local = 0.0037064801, global = -2.3782165e-05, cumulative = -2.3782165e-05
GAMG:  Solving for p_rgh, Initial residual = 1.1321359e-05, Final residual = 1.0759583e-07, No Iterations 68
time step continuity errors : sum local = 0.00091891415, global = -9.3073159e-06, cumulative = -3.3089481e-05
DILUPBiCGStab:  Solving for omega, Initial residual = 7.5877604e-06, Final residual = 3.1606066e-08, No Iterations 1
DILUPBiCGStab:  Solving for k, Initial residual = 9.5256956e-05, Final residual = 2.4326673e-07, No Iterations 1
ExecutionTime = 22.600975 s  ClockTime = 48 s

Region: fluid Courant Number mean: 6433.4838 max: 10028.501
Region: solid Diffusion Number mean: 5397.6312 max: 53365.575
Time = 5048s

PIMPLE: Iteration 1

Solving for solid region solid
DICPCG:  Solving for e, Initial residual = 0.00018055768, Final residual = 2.4746198e-06, No Iterations 2
Min/max T:361.96639 540.7251

Solving for fluid region fluid
DILUPBiCGStab:  Solving for Ux, Initial residual = 9.1255119e-05, Final residual = 3.0788747e-07, No Iterations 1
DILUPBiCGStab:  Solving for Uy, Initial residual = 0.00010733476, Final residual = 1.0792664e-06, No Iterations 1
DILUPBiCGStab:  Solving for Uz, Initial residual = 0.0001091001, Final residual = 4.2445059e-07, No Iterations 1
DILUPBiCGStab:  Solving for h, Initial residual = 6.6495574e-05, Final residual = 2.1599313e-07, No Iterations 1
Min/max T:139.8 507.00892
GAMG:  Solving for p_rgh, Initial residual = 3.7111808e-05, Final residual = 4.443756e-07, No Iterations 100
time step continuity errors : sum local = 0.003794734, global = -2.7037321e-05, cumulative = -2.7037321e-05
GAMG:  Solving for p_rgh, Initial residual = 1.1139634e-05, Final residual = 1.0378008e-07, No Iterations 72
time step continuity errors : sum local = 0.0008863751, global = -9.1945946e-06, cumulative = -3.6231916e-05
PIMPLE: Iteration 2

Solving for solid region solid
DICPCG:  Solving for e, Initial residual = 0.00018053347, Final residual = 2.4739191e-06, No Iterations 2
Min/max T:361.98342 540.74559

Solving for fluid region fluid
DILUPBiCGStab:  Solving for Ux, Initial residual = 9.1404066e-05, Final residual = 3.0837818e-07, No Iterations 1
DILUPBiCGStab:  Solving for Uy, Initial residual = 0.00010736143, Final residual = 1.0913097e-06, No Iterations 1
DILUPBiCGStab:  Solving for Uz, Initial residual = 0.00010911439, Final residual = 4.2622156e-07, No Iterations 1
DILUPBiCGStab:  Solving for h, Initial residual = 6.6585231e-05, Final residual = 2.1662274e-07, No Iterations 1
Min/max T:139.8 507.02925
GAMG:  Solving for p_rgh, Initial residual = 3.7402456e-05, Final residual = 4.3833139e-07, No Iterations 100
time step continuity errors : sum local = 0.0037434553, global = -2.3648097e-05, cumulative = -2.3648097e-05
GAMG:  Solving for p_rgh, Initial residual = 1.1271699e-05, Final residual = 1.0809168e-07, No Iterations 68
time step continuity errors : sum local = 0.00092327063, global = -9.2524485e-06, cumulative = -3.2900545e-05
DILUPBiCGStab:  Solving for omega, Initial residual = 7.5841714e-06, Final residual = 3.158441e-08, No Iterations 1
DILUPBiCGStab:  Solving for k, Initial residual = 9.5267763e-05, Final residual = 2.433144e-07, No Iterations 1
ExecutionTime = 22.954985 s  ClockTime = 48 s

Region: fluid Courant Number mean: 6433.8343 max: 10030.355
Region: solid Diffusion Number mean: 5397.6312 max: 53365.575
Time = 5049s

PIMPLE: Iteration 1

Solving for solid region solid
DICPCG:  Solving for e, Initial residual = 0.00018051967, Final residual = 2.4740935e-06, No Iterations 2
Min/max T:362.00045 540.76608

Solving for fluid region fluid
DILUPBiCGStab:  Solving for Ux, Initial residual = 9.1246823e-05, Final residual = 3.0786279e-07, No Iterations 1
DILUPBiCGStab:  Solving for Uy, Initial residual = 0.00010695448, Final residual = 1.0753992e-06, No Iterations 1
DILUPBiCGStab:  Solving for Uz, Initial residual = 0.00010906241, Final residual = 4.2368105e-07, No Iterations 1
DILUPBiCGStab:  Solving for h, Initial residual = 6.6486537e-05, Final residual = 2.1594045e-07, No Iterations 1
Min/max T:139.8 507.04961
GAMG:  Solving for p_rgh, Initial residual = 3.7196961e-05, Final residual = 4.4744047e-07, No Iterations 100
time step continuity errors : sum local = 0.0038214049, global = -2.7098677e-05, cumulative = -2.7098677e-05
GAMG:  Solving for p_rgh, Initial residual = 1.1159206e-05, Final residual = 1.0524309e-07, No Iterations 72
time step continuity errors : sum local = 0.00089898852, global = -9.3074962e-06, cumulative = -3.6406173e-05
PIMPLE: Iteration 2

Solving for solid region solid
DICPCG:  Solving for e, Initial residual = 0.00018049547, Final residual = 2.473393e-06, No Iterations 2
Min/max T:362.01748 540.78657

Solving for fluid region fluid
DILUPBiCGStab:  Solving for Ux, Initial residual = 9.1399195e-05, Final residual = 3.0836541e-07, No Iterations 1
DILUPBiCGStab:  Solving for Uy, Initial residual = 0.00010706717, Final residual = 1.0890629e-06, No Iterations 1
DILUPBiCGStab:  Solving for Uz, Initial residual = 0.00010908389, Final residual = 4.2850952e-07, No Iterations 1
DILUPBiCGStab:  Solving for h, Initial residual = 6.6576166e-05, Final residual = 2.1657512e-07, No Iterations 1
Min/max T:139.8 507.06994
GAMG:  Solving for p_rgh, Initial residual = 3.7297785e-05, Final residual = 4.3305249e-07, No Iterations 100
time step continuity errors : sum local = 0.0036988562, global = -2.3425133e-05, cumulative = -2.3425133e-05
GAMG:  Solving for p_rgh, Initial residual = 1.1246108e-05, Final residual = 1.0683562e-07, No Iterations 68
time step continuity errors : sum local = 0.00091266043, global = -9.2799595e-06, cumulative = -3.2705093e-05
DILUPBiCGStab:  Solving for omega, Initial residual = 7.5807333e-06, Final residual = 3.1563278e-08, No Iterations 1
DILUPBiCGStab:  Solving for k, Initial residual = 9.5278553e-05, Final residual = 2.4336023e-07, No Iterations 1
ExecutionTime = 23.303789 s  ClockTime = 49 s

Region: fluid Courant Number mean: 6434.1848 max: 10032.21
Region: solid Diffusion Number mean: 5397.6312 max: 53365.575
Time = 5050s

PIMPLE: Iteration 1

Solving for solid region solid
DICPCG:  Solving for e, Initial residual = 0.00018048166, Final residual = 2.4735671e-06, No Iterations 2
Min/max T:362.0345 540.80705

Solving for fluid region fluid
DILUPBiCGStab:  Solving for Ux, Initial residual = 9.1236594e-05, Final residual = 3.0783291e-07, No Iterations 1
DILUPBiCGStab:  Solving for Uy, Initial residual = 0.00010709285, Final residual = 1.0775512e-06, No Iterations 1
DILUPBiCGStab:  Solving for Uz, Initial residual = 0.0001090397, Final residual = 4.2714055e-07, No Iterations 1
DILUPBiCGStab:  Solving for h, Initial residual = 6.6477598e-05, Final residual = 2.1589282e-07, No Iterations 1
Min/max T:139.8 507.09029
GAMG:  Solving for p_rgh, Initial residual = 3.7408852e-05, Final residual = 4.4283141e-07, No Iterations 100
time step continuity errors : sum local = 0.0037825325, global = -2.7038622e-05, cumulative = -2.7038622e-05
GAMG:  Solving for p_rgh, Initial residual = 1.1242352e-05, Final residual = 1.0410641e-07, No Iterations 72
time step continuity errors : sum local = 0.00088939312, global = -9.1715783e-06, cumulative = -3.62102e-05
PIMPLE: Iteration 2

Solving for solid region solid
DICPCG:  Solving for e, Initial residual = 0.00018045747, Final residual = 2.472867e-06, No Iterations 2
Min/max T:362.05152 540.82754

Solving for fluid region fluid
DILUPBiCGStab:  Solving for Ux, Initial residual = 9.1379432e-05, Final residual = 3.0830722e-07, No Iterations 1
DILUPBiCGStab:  Solving for Uy, Initial residual = 0.00010703349, Final residual = 1.0872982e-06, No Iterations 1
DILUPBiCGStab:  Solving for Uz, Initial residual = 0.00010890711, Final residual = 4.2735913e-07, No Iterations 1
DILUPBiCGStab:  Solving for h, Initial residual = 6.6567175e-05, Final residual = 2.1652966e-07, No Iterations 1
Min/max T:139.8 507.11062
GAMG:  Solving for p_rgh, Initial residual = 3.7996292e-05, Final residual = 4.3525355e-07, No Iterations 100
time step continuity errors : sum local = 0.0037181324, global = -2.3730279e-05, cumulative = -2.3730279e-05
GAMG:  Solving for p_rgh, Initial residual = 1.1431298e-05, Final residual = 1.0960229e-07, No Iterations 68
time step continuity errors : sum local = 0.00093641383, global = -9.2574245e-06, cumulative = -3.2987704e-05
DILUPBiCGStab:  Solving for omega, Initial residual = 7.5772676e-06, Final residual = 3.1543346e-08, No Iterations 1
DILUPBiCGStab:  Solving for k, Initial residual = 9.5286776e-05, Final residual = 2.4340122e-07, No Iterations 1
ExecutionTime = 23.676788 s  ClockTime = 49 s

Region: fluid Courant Number mean: 6434.5353 max: 10034.099
Region: solid Diffusion Number mean: 5397.6312 max: 53365.575
Time = 5051s

PIMPLE: Iteration 1

Solving for solid region solid
DICPCG:  Solving for e, Initial residual = 0.00018044366, Final residual = 2.4730409e-06, No Iterations 2
Min/max T:362.06854 540.84802

Solving for fluid region fluid
DILUPBiCGStab:  Solving for Ux, Initial residual = 9.1216572e-05, Final residual = 3.0778281e-07, No Iterations 1
DILUPBiCGStab:  Solving for Uy, Initial residual = 0.00010595501, Final residual = 1.07189e-06, No Iterations 1
DILUPBiCGStab:  Solving for Uz, Initial residual = 0.00010877881, Final residual = 4.2111885e-07, No Iterations 1
DILUPBiCGStab:  Solving for h, Initial residual = 6.6468555e-05, Final residual = 2.1584344e-07, No Iterations 1
Min/max T:139.8 507.13096
GAMG:  Solving for p_rgh, Initial residual = 3.7575348e-05, Final residual = 4.4590945e-07, No Iterations 100
time step continuity errors : sum local = 0.003809308, global = -2.7161416e-05, cumulative = -2.7161416e-05
GAMG:  Solving for p_rgh, Initial residual = 1.1270496e-05, Final residual = 1.0514405e-07, No Iterations 72
time step continuity errors : sum local = 0.00089837271, global = -9.303271e-06, cumulative = -3.6464687e-05
PIMPLE: Iteration 2

Solving for solid region solid
DICPCG:  Solving for e, Initial residual = 0.00018041948, Final residual = 2.472341e-06, No Iterations 2
Min/max T:362.08555 540.8685

Solving for fluid region fluid
DILUPBiCGStab:  Solving for Ux, Initial residual = 9.1364744e-05, Final residual = 3.0826834e-07, No Iterations 1
DILUPBiCGStab:  Solving for Uy, Initial residual = 0.00010616748, Final residual = 1.0882433e-06, No Iterations 1
DILUPBiCGStab:  Solving for Uz, Initial residual = 0.00010863202, Final residual = 4.2351586e-07, No Iterations 1
DILUPBiCGStab:  Solving for h, Initial residual = 6.6558e-05, Final residual = 2.1647758e-07, No Iterations 1
Min/max T:139.8 507.15128
GAMG:  Solving for p_rgh, Initial residual = 3.7761897e-05, Final residual = 4.3492147e-07, No Iterations 100
time step continuity errors : sum local = 0.0037157716, global = -2.3532434e-05, cumulative = -2.3532434e-05
GAMG:  Solving for p_rgh, Initial residual = 1.1346307e-05, Final residual = 1.0785696e-07, No Iterations 68
time step continuity errors : sum local = 0.00092162209, global = -9.3602265e-06, cumulative = -3.2892661e-05
DILUPBiCGStab:  Solving for omega, Initial residual = 7.5742819e-06, Final residual = 3.152439e-08, No Iterations 1
DILUPBiCGStab:  Solving for k, Initial residual = 9.5294593e-05, Final residual = 2.4344095e-07, No Iterations 1
ExecutionTime = 24.033975 s  ClockTime = 50 s

Region: fluid Courant Number mean: 6434.8859 max: 10035.996
Region: solid Diffusion Number mean: 5397.6312 max: 53365.575
Time = 5052s

PIMPLE: Iteration 1

Solving for solid region solid
DICPCG:  Solving for e, Initial residual = 0.00018040567, Final residual = 2.4725146e-06, No Iterations 2
Min/max T:362.10257 540.88898

Solving for fluid region fluid
DILUPBiCGStab:  Solving for Ux, Initial residual = 9.1207298e-05, Final residual = 3.077504e-07, No Iterations 1
DILUPBiCGStab:  Solving for Uy, Initial residual = 0.00010627981, Final residual = 1.0761877e-06, No Iterations 1
DILUPBiCGStab:  Solving for Uz, Initial residual = 0.00010861634, Final residual = 4.2362989e-07, No Iterations 1
DILUPBiCGStab:  Solving for h, Initial residual = 6.6459522e-05, Final residual = 2.1579291e-07, No Iterations 1
Min/max T:139.8 507.17162
GAMG:  Solving for p_rgh, Initial residual = 3.7418786e-05, Final residual = 4.4283507e-07, No Iterations 100
time step continuity errors : sum local = 0.0037835327, global = -2.7010917e-05, cumulative = -2.7010917e-05
GAMG:  Solving for p_rgh, Initial residual = 1.1233527e-05, Final residual = 1.0401209e-07, No Iterations 72
time step continuity errors : sum local = 0.00088881506, global = -9.157227e-06, cumulative = -3.6168144e-05
PIMPLE: Iteration 2

Solving for solid region solid
DICPCG:  Solving for e, Initial residual = 0.00018038149, Final residual = 2.4718151e-06, No Iterations 2
Min/max T:362.11958 540.90945

Solving for fluid region fluid
DILUPBiCGStab:  Solving for Ux, Initial residual = 9.1355313e-05, Final residual = 3.0823413e-07, No Iterations 1
DILUPBiCGStab:  Solving for Uy, Initial residual = 0.00010659194, Final residual = 1.0920803e-06, No Iterations 1
DILUPBiCGStab:  Solving for Uz, Initial residual = 0.00010861015, Final residual = 4.2616402e-07, No Iterations 1
DILUPBiCGStab:  Solving for h, Initial residual = 6.6548908e-05, Final residual = 2.1642958e-07, No Iterations 1
Min/max T:139.8 507.19194
GAMG:  Solving for p_rgh, Initial residual = 3.7532073e-05, Final residual = 4.3233448e-07, No Iterations 100
time step continuity errors : sum local = 0.0036941459, global = -2.3423105e-05, cumulative = -2.3423105e-05
GAMG:  Solving for p_rgh, Initial residual = 1.1287428e-05, Final residual = 1.0660793e-07, No Iterations 68
time step continuity errors : sum local = 0.0009110676, global = -9.2218769e-06, cumulative = -3.2644982e-05
DILUPBiCGStab:  Solving for omega, Initial residual = 7.5713401e-06, Final residual = 3.150596e-08, No Iterations 1
DILUPBiCGStab:  Solving for k, Initial residual = 9.5302052e-05, Final residual = 2.4347778e-07, No Iterations 1
ExecutionTime = 24.381043 s  ClockTime = 50 s

Region: fluid Courant Number mean: 6435.2365 max: 10037.893
Region: solid Diffusion Number mean: 5397.6312 max: 53365.575
Time = 5053s

PIMPLE: Iteration 1

Solving for solid region solid
DICPCG:  Solving for e, Initial residual = 0.00018036767, Final residual = 2.4719884e-06, No Iterations 2
Min/max T:362.13659 540.92993

Solving for fluid region fluid
DILUPBiCGStab:  Solving for Ux, Initial residual = 9.1195437e-05, Final residual = 3.0771048e-07, No Iterations 1
DILUPBiCGStab:  Solving for Uy, Initial residual = 0.00010663606, Final residual = 1.079853e-06, No Iterations 1
DILUPBiCGStab:  Solving for Uz, Initial residual = 0.00010861241, Final residual = 4.2387105e-07, No Iterations 1
DILUPBiCGStab:  Solving for h, Initial residual = 6.6450556e-05, Final residual = 2.157459e-07, No Iterations 1
Min/max T:139.8 507.21228
GAMG:  Solving for p_rgh, Initial residual = 3.7519845e-05, Final residual = 4.4553616e-07, No Iterations 100
time step continuity errors : sum local = 0.0038070996, global = -2.716991e-05, cumulative = -2.716991e-05
GAMG:  Solving for p_rgh, Initial residual = 1.1274193e-05, Final residual = 1.0484382e-07, No Iterations 72
time step continuity errors : sum local = 0.00089603859, global = -9.311825e-06, cumulative = -3.6481735e-05
PIMPLE: Iteration 2

Solving for solid region solid
DICPCG:  Solving for e, Initial residual = 0.0001803435, Final residual = 2.4712892e-06, No Iterations 2
Min/max T:362.15359 540.9504

Solving for fluid region fluid
DILUPBiCGStab:  Solving for Ux, Initial residual = 9.134816e-05, Final residual = 3.0821041e-07, No Iterations 1
DILUPBiCGStab:  Solving for Uy, Initial residual = 0.00010681606, Final residual = 1.0950498e-06, No Iterations 1
DILUPBiCGStab:  Solving for Uz, Initial residual = 0.00010858271, Final residual = 4.2450745e-07, No Iterations 1
DILUPBiCGStab:  Solving for h, Initial residual = 6.6539924e-05, Final residual = 2.1638416e-07, No Iterations 1
Min/max T:139.8 507.2326
GAMG:  Solving for p_rgh, Initial residual = 3.8007903e-05, Final residual = 4.347803e-07, No Iterations 100
time step continuity errors : sum local = 0.0037155207, global = -2.3418021e-05, cumulative = -2.3418021e-05
GAMG:  Solving for p_rgh, Initial residual = 1.1391265e-05, Final residual = 1.0821912e-07, No Iterations 68
time step continuity errors : sum local = 0.00092495341, global = -9.2193243e-06, cumulative = -3.2637346e-05
DILUPBiCGStab:  Solving for omega, Initial residual = 7.5684712e-06, Final residual = 3.1487945e-08, No Iterations 1
DILUPBiCGStab:  Solving for k, Initial residual = 9.5309694e-05, Final residual = 2.4351342e-07, No Iterations 1
ExecutionTime = 24.714071 s  ClockTime = 50 s

Region: fluid Courant Number mean: 6435.5872 max: 10039.791
Region: solid Diffusion Number mean: 5397.6312 max: 53365.575
Time = 5054s

PIMPLE: Iteration 1

Solving for solid region solid
DICPCG:  Solving for e, Initial residual = 0.00018032968, Final residual = 2.471462e-06, No Iterations 2
Min/max T:362.1706 540.97087

Solving for fluid region fluid
DILUPBiCGStab:  Solving for Ux, Initial residual = 9.1189553e-05, Final residual = 3.0768956e-07, No Iterations 1
DILUPBiCGStab:  Solving for Uy, Initial residual = 0.00010673353, Final residual = 1.0808432e-06, No Iterations 1
DILUPBiCGStab:  Solving for Uz, Initial residual = 0.00010850659, Final residual = 4.1764961e-07, No Iterations 1
DILUPBiCGStab:  Solving for h, Initial residual = 6.644175e-05, Final residual = 2.1570102e-07, No Iterations 1
Min/max T:139.8 507.25293
GAMG:  Solving for p_rgh, Initial residual = 3.7811333e-05, Final residual = 4.4438581e-07, No Iterations 100
time step continuity errors : sum local = 0.0037977535, global = -2.6621344e-05, cumulative = -2.6621344e-05
GAMG:  Solving for p_rgh, Initial residual = 1.1282261e-05, Final residual = 1.0402719e-07, No Iterations 72
time step continuity errors : sum local = 0.00088917132, global = -8.9443561e-06, cumulative = -3.55657e-05
PIMPLE: Iteration 2

Solving for solid region solid
DICPCG:  Solving for e, Initial residual = 0.00018030551, Final residual = 2.4707633e-06, No Iterations 2
Min/max T:362.1876 540.99134

Solving for fluid region fluid
DILUPBiCGStab:  Solving for Ux, Initial residual = 9.1331656e-05, Final residual = 3.0815516e-07, No Iterations 1
DILUPBiCGStab:  Solving for Uy, Initial residual = 0.00010665503, Final residual = 1.0948508e-06, No Iterations 1
DILUPBiCGStab:  Solving for Uz, Initial residual = 0.00010857515, Final residual = 4.2144012e-07, No Iterations 1
DILUPBiCGStab:  Solving for h, Initial residual = 6.6531114e-05, Final residual = 2.1634107e-07, No Iterations 1
Min/max T:139.8 507.27324
GAMG:  Solving for p_rgh, Initial residual = 3.7756254e-05, Final residual = 4.3308169e-07, No Iterations 100
time step continuity errors : sum local = 0.0037014703, global = -2.3503425e-05, cumulative = -2.3503425e-05
GAMG:  Solving for p_rgh, Initial residual = 1.1288226e-05, Final residual = 1.0719083e-07, No Iterations 68
time step continuity errors : sum local = 0.00091628009, global = -9.0716649e-06, cumulative = -3.257509e-05
DILUPBiCGStab:  Solving for omega, Initial residual = 7.5657202e-06, Final residual = 3.1470969e-08, No Iterations 1
DILUPBiCGStab:  Solving for k, Initial residual = 9.5316107e-05, Final residual = 2.4354727e-07, No Iterations 1
ExecutionTime = 25.054943 s  ClockTime = 51 s

Region: fluid Courant Number mean: 6435.938 max: 10041.689
Region: solid Diffusion Number mean: 5397.6312 max: 53365.575
Time = 5055s

PIMPLE: Iteration 1

Solving for solid region solid
DICPCG:  Solving for e, Initial residual = 0.00018029169, Final residual = 2.470936e-06, No Iterations 2
Min/max T:362.20459 541.0118

Solving for fluid region fluid
DILUPBiCGStab:  Solving for Ux, Initial residual = 9.1174244e-05, Final residual = 3.0763863e-07, No Iterations 1
DILUPBiCGStab:  Solving for Uy, Initial residual = 0.00010612715, Final residual = 1.0780544e-06, No Iterations 1
DILUPBiCGStab:  Solving for Uz, Initial residual = 0.00010861239, Final residual = 4.193885e-07, No Iterations 1
DILUPBiCGStab:  Solving for h, Initial residual = 6.643306e-05, Final residual = 2.1565357e-07, No Iterations 1
Min/max T:139.8 507.29357
GAMG:  Solving for p_rgh, Initial residual = 3.7480311e-05, Final residual = 4.4364432e-07, No Iterations 100
time step continuity errors : sum local = 0.0037918935, global = -2.7065273e-05, cumulative = -2.7065273e-05
GAMG:  Solving for p_rgh, Initial residual = 1.1191072e-05, Final residual = 1.0384501e-07, No Iterations 72
time step continuity errors : sum local = 0.00088772703, global = -9.3040925e-06, cumulative = -3.6369365e-05
PIMPLE: Iteration 2

Solving for solid region solid
DICPCG:  Solving for e, Initial residual = 0.00018026752, Final residual = 2.4702375e-06, No Iterations 2
Min/max T:362.22159 541.03227

Solving for fluid region fluid
DILUPBiCGStab:  Solving for Ux, Initial residual = 9.1326526e-05, Final residual = 3.0813348e-07, No Iterations 1
DILUPBiCGStab:  Solving for Uy, Initial residual = 0.00010605046, Final residual = 1.090286e-06, No Iterations 1
DILUPBiCGStab:  Solving for Uz, Initial residual = 0.0001086199, Final residual = 4.2183087e-07, No Iterations 1
DILUPBiCGStab:  Solving for h, Initial residual = 6.6522434e-05, Final residual = 2.1629207e-07, No Iterations 1
Min/max T:139.8 507.31388
GAMG:  Solving for p_rgh, Initial residual = 3.7726717e-05, Final residual = 4.3516953e-07, No Iterations 100
time step continuity errors : sum local = 0.0037197858, global = -2.3687508e-05, cumulative = -2.3687508e-05
GAMG:  Solving for p_rgh, Initial residual = 1.1305628e-05, Final residual = 1.0815652e-07, No Iterations 68
time step continuity errors : sum local = 0.0009246519, global = -9.3534426e-06, cumulative = -3.304095e-05
DILUPBiCGStab:  Solving for omega, Initial residual = 7.5629896e-06, Final residual = 3.1454331e-08, No Iterations 1
DILUPBiCGStab:  Solving for k, Initial residual = 9.532293e-05, Final residual = 2.4357832e-07, No Iterations 1
ExecutionTime = 25.376104 s  ClockTime = 51 s

Region: fluid Courant Number mean: 6436.2888 max: 10043.584
Region: solid Diffusion Number mean: 5397.6312 max: 53365.575
Time = 5056s

PIMPLE: Iteration 1

Solving for solid region solid
DICPCG:  Solving for e, Initial residual = 0.0001802537, Final residual = 2.4704097e-06, No Iterations 2
Min/max T:362.23858 541.05273

Solving for fluid region fluid
DILUPBiCGStab:  Solving for Ux, Initial residual = 9.1169921e-05, Final residual = 3.076212e-07, No Iterations 1
DILUPBiCGStab:  Solving for Uy, Initial residual = 0.00010572438, Final residual = 1.0737213e-06, No Iterations 1
DILUPBiCGStab:  Solving for Uz, Initial residual = 0.0001086584, Final residual = 4.1806449e-07, No Iterations 1
DILUPBiCGStab:  Solving for h, Initial residual = 6.6424617e-05, Final residual = 2.1560576e-07, No Iterations 1
Min/max T:139.8 507.3342
GAMG:  Solving for p_rgh, Initial residual = 3.7534291e-05, Final residual = 4.4342678e-07, No Iterations 100
time step continuity errors : sum local = 0.0037905138, global = -2.7149988e-05, cumulative = -2.7149988e-05
GAMG:  Solving for p_rgh, Initial residual = 1.1211183e-05, Final residual = 1.0463117e-07, No Iterations 72
time step continuity errors : sum local = 0.00089455979, global = -9.2500969e-06, cumulative = -3.6400085e-05
PIMPLE: Iteration 2

Solving for solid region solid
DICPCG:  Solving for e, Initial residual = 0.00018022954, Final residual = 2.4697117e-06, No Iterations 2
Min/max T:362.25558 541.07319

Solving for fluid region fluid
DILUPBiCGStab:  Solving for Ux, Initial residual = 9.131865e-05, Final residual = 3.0810554e-07, No Iterations 1
DILUPBiCGStab:  Solving for Uy, Initial residual = 0.000105948, Final residual = 1.087243e-06, No Iterations 1
DILUPBiCGStab:  Solving for Uz, Initial residual = 0.00010855523, Final residual = 4.1819519e-07, No Iterations 1
DILUPBiCGStab:  Solving for h, Initial residual = 6.6513998e-05, Final residual = 2.1624674e-07, No Iterations 1
Min/max T:139.8 507.35451
GAMG:  Solving for p_rgh, Initial residual = 3.7748106e-05, Final residual = 4.3402007e-07, No Iterations 100
time step continuity errors : sum local = 0.0037104291, global = -2.3523701e-05, cumulative = -2.3523701e-05
GAMG:  Solving for p_rgh, Initial residual = 1.1301481e-05, Final residual = 1.0728274e-07, No Iterations 68
time step continuity errors : sum local = 0.00091729697, global = -9.204295e-06, cumulative = -3.2727996e-05
DILUPBiCGStab:  Solving for omega, Initial residual = 7.5604253e-06, Final residual = 3.1438337e-08, No Iterations 1
DILUPBiCGStab:  Solving for k, Initial residual = 9.5329714e-05, Final residual = 2.4360868e-07, No Iterations 1
ExecutionTime = 25.698695 s  ClockTime = 51 s

Region: fluid Courant Number mean: 6436.6397 max: 10045.479
Region: solid Diffusion Number mean: 5397.6312 max: 53365.575
Time = 5057s

PIMPLE: Iteration 1

Solving for solid region solid
DICPCG:  Solving for e, Initial residual = 0.00018021571, Final residual = 2.4698836e-06, No Iterations 2
Min/max T:362.27256 541.09365

Solving for fluid region fluid
DILUPBiCGStab:  Solving for Ux, Initial residual = 9.1160799e-05, Final residual = 3.0758665e-07, No Iterations 1
DILUPBiCGStab:  Solving for Uy, Initial residual = 0.000105836, Final residual = 1.0720234e-06, No Iterations 1
DILUPBiCGStab:  Solving for Uz, Initial residual = 0.00010844004, Final residual = 4.1504492e-07, No Iterations 1
DILUPBiCGStab:  Solving for h, Initial residual = 6.6416342e-05, Final residual = 2.1556087e-07, No Iterations 1
Min/max T:139.8 507.37483
GAMG:  Solving for p_rgh, Initial residual = 3.7681832e-05, Final residual = 4.4531175e-07, No Iterations 100
time step continuity errors : sum local = 0.0038071076, global = -2.7320492e-05, cumulative = -2.7320492e-05
GAMG:  Solving for p_rgh, Initial residual = 1.1258021e-05, Final residual = 1.0488268e-07, No Iterations 72
time step continuity errors : sum local = 0.00089682352, global = -9.2920008e-06, cumulative = -3.6612493e-05
PIMPLE: Iteration 2

Solving for solid region solid
DICPCG:  Solving for e, Initial residual = 0.00018019156, Final residual = 2.469186e-06, No Iterations 2
Min/max T:362.28955 541.1141

Solving for fluid region fluid
DILUPBiCGStab:  Solving for Ux, Initial residual = 9.1314755e-05, Final residual = 3.0808634e-07, No Iterations 1
DILUPBiCGStab:  Solving for Uy, Initial residual = 0.00010617339, Final residual = 1.0866572e-06, No Iterations 1
DILUPBiCGStab:  Solving for Uz, Initial residual = 0.00010839626, Final residual = 4.1694568e-07, No Iterations 1
DILUPBiCGStab:  Solving for h, Initial residual = 6.6505707e-05, Final residual = 2.162036e-07, No Iterations 1
Min/max T:139.8 507.39513
GAMG:  Solving for p_rgh, Initial residual = 3.768323e-05, Final residual = 4.3254026e-07, No Iterations 100
time step continuity errors : sum local = 0.003698247, global = -2.3602913e-05, cumulative = -2.3602913e-05
GAMG:  Solving for p_rgh, Initial residual = 1.1295082e-05, Final residual = 1.0709162e-07, No Iterations 68
time step continuity errors : sum local = 0.00091577913, global = -9.1894812e-06, cumulative = -3.2792394e-05
DILUPBiCGStab:  Solving for omega, Initial residual = 7.5579385e-06, Final residual = 3.1422758e-08, No Iterations 1
DILUPBiCGStab:  Solving for k, Initial residual = 9.5337294e-05, Final residual = 2.4363935e-07, No Iterations 1
ExecutionTime = 26.011599 s  ClockTime = 52 s

Region: fluid Courant Number mean: 6436.9907 max: 10047.372
Region: solid Diffusion Number mean: 5397.6312 max: 53365.575
Time = 5058s

PIMPLE: Iteration 1

Solving for solid region solid
DICPCG:  Solving for e, Initial residual = 0.00018017773, Final residual = 2.4693576e-06, No Iterations 2
Min/max T:362.30653 541.13456

Solving for fluid region fluid
DILUPBiCGStab:  Solving for Ux, Initial residual = 9.1156382e-05, Final residual = 3.0756416e-07, No Iterations 1
DILUPBiCGStab:  Solving for Uy, Initial residual = 0.00010605302, Final residual = 1.0724062e-06, No Iterations 1
DILUPBiCGStab:  Solving for Uz, Initial residual = 0.00010835374, Final residual = 4.1439046e-07, No Iterations 1
DILUPBiCGStab:  Solving for h, Initial residual = 6.6408211e-05, Final residual = 2.1551776e-07, No Iterations 1
Min/max T:139.8 507.41545
GAMG:  Solving for p_rgh, Initial residual = 3.7612598e-05, Final residual = 4.4307961e-07, No Iterations 100
time step continuity errors : sum local = 0.0037885044, global = -2.7115309e-05, cumulative = -2.7115309e-05
GAMG:  Solving for p_rgh, Initial residual = 1.123671e-05, Final residual = 1.0380587e-07, No Iterations 72
time step continuity errors : sum local = 0.00088772778, global = -9.2150665e-06, cumulative = -3.6330375e-05
PIMPLE: Iteration 2

Solving for solid region solid
DICPCG:  Solving for e, Initial residual = 0.00018015358, Final residual = 2.4686603e-06, No Iterations 2
Min/max T:362.32352 541.15501

Solving for fluid region fluid
DILUPBiCGStab:  Solving for Ux, Initial residual = 9.1307777e-05, Final residual = 3.0805477e-07, No Iterations 1
DILUPBiCGStab:  Solving for Uy, Initial residual = 0.00010603917, Final residual = 1.0854491e-06, No Iterations 1
DILUPBiCGStab:  Solving for Uz, Initial residual = 0.00010838355, Final residual = 4.159513e-07, No Iterations 1
DILUPBiCGStab:  Solving for h, Initial residual = 6.6497586e-05, Final residual = 2.1616258e-07, No Iterations 1
Min/max T:139.8 507.43574
GAMG:  Solving for p_rgh, Initial residual = 3.7993656e-05, Final residual = 4.2856084e-07, No Iterations 100
time step continuity errors : sum local = 0.0036646859, global = -2.3258011e-05, cumulative = -2.3258011e-05
GAMG:  Solving for p_rgh, Initial residual = 1.1380158e-05, Final residual = 1.0547584e-07, No Iterations 68
time step continuity errors : sum local = 0.00090207532, global = -9.0283387e-06, cumulative = -3.2286349e-05
DILUPBiCGStab:  Solving for omega, Initial residual = 7.5556072e-06, Final residual = 3.1408488e-08, No Iterations 1
DILUPBiCGStab:  Solving for k, Initial residual = 9.5344284e-05, Final residual = 2.4366796e-07, No Iterations 1
ExecutionTime = 26.346643 s  ClockTime = 52 s

Region: fluid Courant Number mean: 6437.3417 max: 10049.266
Region: solid Diffusion Number mean: 5397.6312 max: 53365.575
Time = 5059s

PIMPLE: Iteration 1

Solving for solid region solid
DICPCG:  Solving for e, Initial residual = 0.00018013974, Final residual = 2.4688315e-06, No Iterations 2
Min/max T:362.34049 541.17546

Solving for fluid region fluid
DILUPBiCGStab:  Solving for Ux, Initial residual = 9.1145579e-05, Final residual = 3.0752348e-07, No Iterations 1
DILUPBiCGStab:  Solving for Uy, Initial residual = 0.00010491865, Final residual = 1.0588592e-06, No Iterations 1
DILUPBiCGStab:  Solving for Uz, Initial residual = 0.00010837423, Final residual = 4.1189564e-07, No Iterations 1
DILUPBiCGStab:  Solving for h, Initial residual = 6.6400288e-05, Final residual = 2.1547794e-07, No Iterations 1
Min/max T:139.8 507.45606
GAMG:  Solving for p_rgh, Initial residual = 3.7718402e-05, Final residual = 4.4678924e-07, No Iterations 100
time step continuity errors : sum local = 0.0038207039, global = -2.7468233e-05, cumulative = -2.7468233e-05
GAMG:  Solving for p_rgh, Initial residual = 1.1282864e-05, Final residual = 1.0528184e-07, No Iterations 72
time step continuity errors : sum local = 0.0009004643, global = -9.2802123e-06, cumulative = -3.6748445e-05
PIMPLE: Iteration 2

Solving for solid region solid
DICPCG:  Solving for e, Initial residual = 0.0001801156, Final residual = 2.4681346e-06, No Iterations 2
Min/max T:362.35747 541.19591

Solving for fluid region fluid
DILUPBiCGStab:  Solving for Ux, Initial residual = 9.1297607e-05, Final residual = 3.0801971e-07, No Iterations 1
DILUPBiCGStab:  Solving for Uy, Initial residual = 0.00010512531, Final residual = 1.0718811e-06, No Iterations 1
DILUPBiCGStab:  Solving for Uz, Initial residual = 0.00010835501, Final residual = 4.1273235e-07, No Iterations 1
DILUPBiCGStab:  Solving for h, Initial residual = 6.6489658e-05, Final residual = 2.1612639e-07, No Iterations 1
Min/max T:139.8 507.47635
GAMG:  Solving for p_rgh, Initial residual = 3.7794266e-05, Final residual = 4.3820844e-07, No Iterations 100
time step continuity errors : sum local = 0.0037476553, global = -2.3848223e-05, cumulative = -2.3848223e-05
GAMG:  Solving for p_rgh, Initial residual = 1.1311667e-05, Final residual = 1.0968985e-07, No Iterations 68
time step continuity errors : sum local = 0.0009382346, global = -9.4102888e-06, cumulative = -3.3258512e-05
DILUPBiCGStab:  Solving for omega, Initial residual = 7.5533489e-06, Final residual = 3.1394653e-08, No Iterations 1
DILUPBiCGStab:  Solving for k, Initial residual = 9.5351115e-05, Final residual = 2.4369838e-07, No Iterations 1
ExecutionTime = 26.66531 s  ClockTime = 52 s

Region: fluid Courant Number mean: 6437.6929 max: 10051.159
Region: solid Diffusion Number mean: 5397.6312 max: 53365.575
Time = 5060s

PIMPLE: Iteration 1

Solving for solid region solid
DICPCG:  Solving for e, Initial residual = 0.00018010176, Final residual = 2.4683055e-06, No Iterations 2
Min/max T:362.37444 541.21635

Solving for fluid region fluid
DILUPBiCGStab:  Solving for Ux, Initial residual = 9.1145376e-05, Final residual = 3.0752175e-07, No Iterations 1
DILUPBiCGStab:  Solving for Uy, Initial residual = 0.00010502572, Final residual = 1.0584114e-06, No Iterations 1
DILUPBiCGStab:  Solving for Uz, Initial residual = 0.00010832683, Final residual = 4.1022411e-07, No Iterations 1
DILUPBiCGStab:  Solving for h, Initial residual = 6.6392522e-05, Final residual = 2.1544232e-07, No Iterations 1
Min/max T:139.8 507.49666
GAMG:  Solving for p_rgh, Initial residual = 3.8033698e-05, Final residual = 4.4894965e-07, No Iterations 100
time step continuity errors : sum local = 0.0038396654, global = -2.745619e-05, cumulative = -2.745619e-05
GAMG:  Solving for p_rgh, Initial residual = 1.1366425e-05, Final residual = 1.0696747e-07, No Iterations 72
time step continuity errors : sum local = 0.00091499673, global = -9.5017027e-06, cumulative = -3.6957893e-05
PIMPLE: Iteration 2

Solving for solid region solid
DICPCG:  Solving for e, Initial residual = 0.00018007762, Final residual = 2.4676089e-06, No Iterations 2
Min/max T:362.39142 541.2368

Solving for fluid region fluid
DILUPBiCGStab:  Solving for Ux, Initial residual = 9.129831e-05, Final residual = 3.080181e-07, No Iterations 1
DILUPBiCGStab:  Solving for Uy, Initial residual = 0.0001052136, Final residual = 1.0726558e-06, No Iterations 1
DILUPBiCGStab:  Solving for Uz, Initial residual = 0.00010821387, Final residual = 4.1053733e-07, No Iterations 1
DILUPBiCGStab:  Solving for h, Initial residual = 6.6481831e-05, Final residual = 2.1609745e-07, No Iterations 1
Min/max T:139.8 507.51695
GAMG:  Solving for p_rgh, Initial residual = 3.8040656e-05, Final residual = 4.3031133e-07, No Iterations 100
time step continuity errors : sum local = 0.0036805863, global = -2.3132247e-05, cumulative = -2.3132247e-05
GAMG:  Solving for p_rgh, Initial residual = 1.1366513e-05, Final residual = 1.0554532e-07, No Iterations 68
time step continuity errors : sum local = 0.00090289708, global = -9.0664168e-06, cumulative = -3.2198663e-05
DILUPBiCGStab:  Solving for omega, Initial residual = 7.5513661e-06, Final residual = 3.1382198e-08, No Iterations 1
DILUPBiCGStab:  Solving for k, Initial residual = 9.5357387e-05, Final residual = 2.4372612e-07, No Iterations 1
ExecutionTime = 27.117797 s  ClockTime = 53 s

Region: fluid Courant Number mean: 6438.0439 max: 10053.048
Region: solid Diffusion Number mean: 5397.6312 max: 53365.575
Time = 5061s

PIMPLE: Iteration 1

Solving for solid region solid
DICPCG:  Solving for e, Initial residual = 0.00018006378, Final residual = 2.4677793e-06, No Iterations 2
Min/max T:362.40838 541.25724

Solving for fluid region fluid
DILUPBiCGStab:  Solving for Ux, Initial residual = 9.1127086e-05, Final residual = 3.0744964e-07, No Iterations 1
DILUPBiCGStab:  Solving for Uy, Initial residual = 0.00010533133, Final residual = 1.0687535e-06, No Iterations 1
DILUPBiCGStab:  Solving for Uz, Initial residual = 0.0001077853, Final residual = 4.0965515e-07, No Iterations 1
DILUPBiCGStab:  Solving for h, Initial residual = 6.6384693e-05, Final residual = 2.1541146e-07, No Iterations 1
Min/max T:139.8 507.53725
GAMG:  Solving for p_rgh, Initial residual = 3.7219878e-05, Final residual = 4.4308735e-07, No Iterations 100
time step continuity errors : sum local = 0.0037900049, global = -2.6961772e-05, cumulative = -2.6961772e-05
GAMG:  Solving for p_rgh, Initial residual = 1.1121096e-05, Final residual = 1.0338535e-07, No Iterations 72
time step continuity errors : sum local = 0.00088446766, global = -9.2310704e-06, cumulative = -3.6192842e-05
PIMPLE: Iteration 2

Solving for solid region solid
DICPCG:  Solving for e, Initial residual = 0.00018003964, Final residual = 2.4670832e-06, No Iterations 2
Min/max T:362.42535 541.27768

Solving for fluid region fluid
DILUPBiCGStab:  Solving for Ux, Initial residual = 9.1277206e-05, Final residual = 3.0793759e-07, No Iterations 1
DILUPBiCGStab:  Solving for Uy, Initial residual = 0.00010577754, Final residual = 1.0891584e-06, No Iterations 1
DILUPBiCGStab:  Solving for Uz, Initial residual = 0.00010777951, Final residual = 4.1189441e-07, No Iterations 1
DILUPBiCGStab:  Solving for h, Initial residual = 6.6473919e-05, Final residual = 2.160647e-07, No Iterations 1
Min/max T:139.8 507.55754
GAMG:  Solving for p_rgh, Initial residual = 3.7331716e-05, Final residual = 4.3359592e-07, No Iterations 100
time step continuity errors : sum local = 0.0037091461, global = -2.3722094e-05, cumulative = -2.3722094e-05
GAMG:  Solving for p_rgh, Initial residual = 1.1177714e-05, Final residual = 1.0731045e-07, No Iterations 68
time step continuity errors : sum local = 0.00091811407, global = -9.3227358e-06, cumulative = -3.304483e-05
DILUPBiCGStab:  Solving for omega, Initial residual = 7.5495609e-06, Final residual = 3.1370012e-08, No Iterations 1
DILUPBiCGStab:  Solving for k, Initial residual = 9.5362772e-05, Final residual = 2.4375203e-07, No Iterations 1
ExecutionTime = 27.449457 s  ClockTime = 53 s

Region: fluid Courant Number mean: 6438.3951 max: 10054.94
Region: solid Diffusion Number mean: 5397.6312 max: 53365.575
Time = 5062s

PIMPLE: Iteration 1

Solving for solid region solid
DICPCG:  Solving for e, Initial residual = 0.0001800258, Final residual = 2.4672535e-06, No Iterations 2
Min/max T:362.44232 541.29812

Solving for fluid region fluid
DILUPBiCGStab:  Solving for Ux, Initial residual = 9.1121502e-05, Final residual = 3.0742616e-07, No Iterations 1
DILUPBiCGStab:  Solving for Uy, Initial residual = 0.00010555712, Final residual = 1.074284e-06, No Iterations 1
DILUPBiCGStab:  Solving for Uz, Initial residual = 0.00010784709, Final residual = 4.0886544e-07, No Iterations 1
DILUPBiCGStab:  Solving for h, Initial residual = 6.6376985e-05, Final residual = 2.1537926e-07, No Iterations 1
Min/max T:139.8 507.57784
GAMG:  Solving for p_rgh, Initial residual = 3.7015694e-05, Final residual = 4.4363261e-07, No Iterations 100
time step continuity errors : sum local = 0.0037951514, global = -2.7289432e-05, cumulative = -2.7289432e-05
GAMG:  Solving for p_rgh, Initial residual = 1.1056707e-05, Final residual = 1.04375e-07, No Iterations 72
time step continuity errors : sum local = 0.00089304563, global = -9.2769329e-06, cumulative = -3.6566365e-05
PIMPLE: Iteration 2

Solving for solid region solid
DICPCG:  Solving for e, Initial residual = 0.00018000167, Final residual = 2.4665577e-06, No Iterations 2
Min/max T:362.45928 541.31855

Solving for fluid region fluid
DILUPBiCGStab:  Solving for Ux, Initial residual = 9.1270208e-05, Final residual = 3.0791056e-07, No Iterations 1
DILUPBiCGStab:  Solving for Uy, Initial residual = 0.00010592471, Final residual = 1.0915932e-06, No Iterations 1
DILUPBiCGStab:  Solving for Uz, Initial residual = 0.00010788278, Final residual = 4.1033692e-07, No Iterations 1
DILUPBiCGStab:  Solving for h, Initial residual = 6.6466213e-05, Final residual = 2.1603423e-07, No Iterations 1
Min/max T:139.8 507.59812
GAMG:  Solving for p_rgh, Initial residual = 3.7320734e-05, Final residual = 4.3570023e-07, No Iterations 100
time step continuity errors : sum local = 0.0037276215, global = -2.3755614e-05, cumulative = -2.3755614e-05
GAMG:  Solving for p_rgh, Initial residual = 1.1152905e-05, Final residual = 1.0810263e-07, No Iterations 68
time step continuity errors : sum local = 0.00092500987, global = -9.338756e-06, cumulative = -3.309437e-05
DILUPBiCGStab:  Solving for omega, Initial residual = 7.5478462e-06, Final residual = 3.135832e-08, No Iterations 1
DILUPBiCGStab:  Solving for k, Initial residual = 9.5367995e-05, Final residual = 2.4377521e-07, No Iterations 1
ExecutionTime = 27.761718 s  ClockTime = 54 s

Region: fluid Courant Number mean: 6438.7463 max: 10056.834
Region: solid Diffusion Number mean: 5397.6312 max: 53365.575
Time = 5063s

PIMPLE: Iteration 1

Solving for solid region solid
DICPCG:  Solving for e, Initial residual = 0.00017998782, Final residual = 2.4667275e-06, No Iterations 2
Min/max T:362.47624 541.33899

Solving for fluid region fluid
DILUPBiCGStab:  Solving for Ux, Initial residual = 9.1114011e-05, Final residual = 3.0739841e-07, No Iterations 1
DILUPBiCGStab:  Solving for Uy, Initial residual = 0.00010612752, Final residual = 1.0805523e-06, No Iterations 1
DILUPBiCGStab:  Solving for Uz, Initial residual = 0.00010787697, Final residual = 4.0935028e-07, No Iterations 1
DILUPBiCGStab:  Solving for h, Initial residual = 6.6369465e-05, Final residual = 2.1535051e-07, No Iterations 1
Min/max T:139.8 507.61842
GAMG:  Solving for p_rgh, Initial residual = 3.7520186e-05, Final residual = 4.417911e-07, No Iterations 100
time step continuity errors : sum local = 0.0037798773, global = -2.6795632e-05, cumulative = -2.6795632e-05
GAMG:  Solving for p_rgh, Initial residual = 1.1206239e-05, Final residual = 1.0359354e-07, No Iterations 72
time step continuity errors : sum local = 0.00088647406, global = -9.3486012e-06, cumulative = -3.6144233e-05
PIMPLE: Iteration 2

Solving for solid region solid
DICPCG:  Solving for e, Initial residual = 0.0001799637, Final residual = 2.4660322e-06, No Iterations 2
Min/max T:362.49319 541.35942

Solving for fluid region fluid
DILUPBiCGStab:  Solving for Ux, Initial residual = 9.1261797e-05, Final residual = 3.0788344e-07, No Iterations 1
DILUPBiCGStab:  Solving for Uy, Initial residual = 0.00010643909, Final residual = 1.1006785e-06, No Iterations 1
DILUPBiCGStab:  Solving for Uz, Initial residual = 0.00010788171, Final residual = 4.1618923e-07, No Iterations 1
DILUPBiCGStab:  Solving for h, Initial residual = 6.6458657e-05, Final residual = 2.1600327e-07, No Iterations 1
Min/max T:139.8 507.6387
GAMG:  Solving for p_rgh, Initial residual = 3.7344891e-05, Final residual = 4.3169454e-07, No Iterations 100
time step continuity errors : sum local = 0.0036938191, global = -2.3246797e-05, cumulative = -2.3246797e-05
GAMG:  Solving for p_rgh, Initial residual = 1.1162351e-05, Final residual = 1.0629518e-07, No Iterations 68
time step continuity errors : sum local = 0.00090965806, global = -8.8238926e-06, cumulative = -3.207069e-05
DILUPBiCGStab:  Solving for omega, Initial residual = 7.5462672e-06, Final residual = 3.134744e-08, No Iterations 1
DILUPBiCGStab:  Solving for k, Initial residual = 9.5372024e-05, Final residual = 2.4379663e-07, No Iterations 1
ExecutionTime = 28.128992 s  ClockTime = 54 s

Region: fluid Courant Number mean: 6439.0976 max: 10058.74
Region: solid Diffusion Number mean: 5397.6312 max: 53365.575
Time = 5064s

PIMPLE: Iteration 1

Solving for solid region solid
DICPCG:  Solving for e, Initial residual = 0.00017994985, Final residual = 2.4662018e-06, No Iterations 2
Min/max T:362.51015 541.37985

Solving for fluid region fluid
DILUPBiCGStab:  Solving for Ux, Initial residual = 9.1092458e-05, Final residual = 3.0733811e-07, No Iterations 1
DILUPBiCGStab:  Solving for Uy, Initial residual = 0.00010531073, Final residual = 1.0701023e-06, No Iterations 1
DILUPBiCGStab:  Solving for Uz, Initial residual = 0.00010776846, Final residual = 4.1117237e-07, No Iterations 1
DILUPBiCGStab:  Solving for h, Initial residual = 6.6361972e-05, Final residual = 2.1531791e-07, No Iterations 1
Min/max T:139.8 507.65899
GAMG:  Solving for p_rgh, Initial residual = 3.7714539e-05, Final residual = 4.4308335e-07, No Iterations 100
time step continuity errors : sum local = 0.0037914083, global = -2.6631424e-05, cumulative = -2.6631424e-05
GAMG:  Solving for p_rgh, Initial residual = 1.1302823e-05, Final residual = 1.1247525e-07, No Iterations 70
time step continuity errors : sum local = 0.00096259441, global = -9.947612e-06, cumulative = -3.6579036e-05
PIMPLE: Iteration 2

Solving for solid region solid
DICPCG:  Solving for e, Initial residual = 0.00017992573, Final residual = 2.4655069e-06, No Iterations 2
Min/max T:362.5271 541.40028

Solving for fluid region fluid
DILUPBiCGStab:  Solving for Ux, Initial residual = 9.1232701e-05, Final residual = 3.0780329e-07, No Iterations 1
DILUPBiCGStab:  Solving for Uy, Initial residual = 0.0001044188, Final residual = 1.0638039e-06, No Iterations 1
DILUPBiCGStab:  Solving for Uz, Initial residual = 0.00010770826, Final residual = 4.1248509e-07, No Iterations 1
DILUPBiCGStab:  Solving for h, Initial residual = 6.6451e-05, Final residual = 2.1596963e-07, No Iterations 1
Min/max T:139.8 507.67926
GAMG:  Solving for p_rgh, Initial residual = 3.7042857e-05, Final residual = 4.3579881e-07, No Iterations 100
time step continuity errors : sum local = 0.0037293977, global = -2.4193038e-05, cumulative = -2.4193038e-05
GAMG:  Solving for p_rgh, Initial residual = 1.110247e-05, Final residual = 1.0926693e-07, No Iterations 68
time step continuity errors : sum local = 0.00093520596, global = -9.5063147e-06, cumulative = -3.3699353e-05
DILUPBiCGStab:  Solving for omega, Initial residual = 7.5447671e-06, Final residual = 3.1335834e-08, No Iterations 1
DILUPBiCGStab:  Solving for k, Initial residual = 9.5374699e-05, Final residual = 2.4381565e-07, No Iterations 1
ExecutionTime = 28.468755 s  ClockTime = 55 s

Region: fluid Courant Number mean: 6439.4488 max: 10060.669
Region: solid Diffusion Number mean: 5397.6312 max: 53365.575
Time = 5065s

PIMPLE: Iteration 1

Solving for solid region solid
DICPCG:  Solving for e, Initial residual = 0.00017991188, Final residual = 2.4656765e-06, No Iterations 2
Min/max T:362.54405 541.42071

Solving for fluid region fluid
DILUPBiCGStab:  Solving for Ux, Initial residual = 9.1077047e-05, Final residual = 3.0729385e-07, No Iterations 1
DILUPBiCGStab:  Solving for Uy, Initial residual = 0.00010355733, Final residual = 1.0438587e-06, No Iterations 1
DILUPBiCGStab:  Solving for Uz, Initial residual = 0.00010761126, Final residual = 4.1147684e-07, No Iterations 1
DILUPBiCGStab:  Solving for h, Initial residual = 6.6353964e-05, Final residual = 2.152848e-07, No Iterations 1
Min/max T:139.8 507.69955
GAMG:  Solving for p_rgh, Initial residual = 3.7432471e-05, Final residual = 4.4596326e-07, No Iterations 100
time step continuity errors : sum local = 0.0038165294, global = -2.7684126e-05, cumulative = -2.7684126e-05
GAMG:  Solving for p_rgh, Initial residual = 1.1168381e-05, Final residual = 1.0465173e-07, No Iterations 72
time step continuity errors : sum local = 0.00089575325, global = -9.4272085e-06, cumulative = -3.7111334e-05
PIMPLE: Iteration 2

Solving for solid region solid
DICPCG:  Solving for e, Initial residual = 0.00017988777, Final residual = 2.4649818e-06, No Iterations 2
Min/max T:362.56099 541.44113

Solving for fluid region fluid
DILUPBiCGStab:  Solving for Ux, Initial residual = 9.1232529e-05, Final residual = 3.0779504e-07, No Iterations 1
DILUPBiCGStab:  Solving for Uy, Initial residual = 0.00010347639, Final residual = 1.058385e-06, No Iterations 1
DILUPBiCGStab:  Solving for Uz, Initial residual = 0.00010740767, Final residual = 4.1292889e-07, No Iterations 1
DILUPBiCGStab:  Solving for h, Initial residual = 6.64425e-05, Final residual = 2.1594016e-07, No Iterations 1
Min/max T:139.8 507.71982
GAMG:  Solving for p_rgh, Initial residual = 3.7085129e-05, Final residual = 4.3533607e-07, No Iterations 100
time step continuity errors : sum local = 0.0037259141, global = -2.3413681e-05, cumulative = -2.3413681e-05
GAMG:  Solving for p_rgh, Initial residual = 1.112231e-05, Final residual = 1.0641985e-07, No Iterations 68
time step continuity errors : sum local = 0.00091095612, global = -9.1378719e-06, cumulative = -3.2551553e-05
DILUPBiCGStab:  Solving for omega, Initial residual = 7.5429268e-06, Final residual = 3.1324246e-08, No Iterations 1
DILUPBiCGStab:  Solving for k, Initial residual = 9.5378475e-05, Final residual = 2.4383392e-07, No Iterations 1
ExecutionTime = 28.801641 s  ClockTime = 55 s

Region: fluid Courant Number mean: 6439.8001 max: 10062.569
Region: solid Diffusion Number mean: 5397.6312 max: 53365.575
Time = 5066s

PIMPLE: Iteration 1

Solving for solid region solid
DICPCG:  Solving for e, Initial residual = 0.00017987392, Final residual = 2.4651507e-06, No Iterations 2
Min/max T:362.57794 541.46155

Solving for fluid region fluid
DILUPBiCGStab:  Solving for Ux, Initial residual = 9.10754e-05, Final residual = 3.0728128e-07, No Iterations 1
DILUPBiCGStab:  Solving for Uy, Initial residual = 0.00010299452, Final residual = 1.0439518e-06, No Iterations 1
DILUPBiCGStab:  Solving for Uz, Initial residual = 0.00010747946, Final residual = 4.1168297e-07, No Iterations 1
DILUPBiCGStab:  Solving for h, Initial residual = 6.6345611e-05, Final residual = 2.1525704e-07, No Iterations 1
Min/max T:139.8 507.74011
GAMG:  Solving for p_rgh, Initial residual = 3.7152702e-05, Final residual = 4.4663793e-07, No Iterations 100
time step continuity errors : sum local = 0.0038227909, global = -2.6607551e-05, cumulative = -2.6607551e-05
GAMG:  Solving for p_rgh, Initial residual = 1.1106999e-05, Final residual = 1.0384124e-07, No Iterations 72
time step continuity errors : sum local = 0.00088892904, global = -9.1921743e-06, cumulative = -3.5799725e-05
PIMPLE: Iteration 2

Solving for solid region solid
DICPCG:  Solving for e, Initial residual = 0.00017984981, Final residual = 2.4644564e-06, No Iterations 2
Min/max T:362.59488 541.48197

Solving for fluid region fluid
DILUPBiCGStab:  Solving for Ux, Initial residual = 9.1225888e-05, Final residual = 3.0777276e-07, No Iterations 1
DILUPBiCGStab:  Solving for Uy, Initial residual = 0.0001036369, Final residual = 1.0602146e-06, No Iterations 1
DILUPBiCGStab:  Solving for Uz, Initial residual = 0.00010750563, Final residual = 4.1475521e-07, No Iterations 1
DILUPBiCGStab:  Solving for h, Initial residual = 6.6434169e-05, Final residual = 2.1591396e-07, No Iterations 1
Min/max T:139.8 507.76037
GAMG:  Solving for p_rgh, Initial residual = 3.7031708e-05, Final residual = 4.3273194e-07, No Iterations 100
time step continuity errors : sum local = 0.0037040965, global = -2.3641272e-05, cumulative = -2.3641272e-05
GAMG:  Solving for p_rgh, Initial residual = 1.1113367e-05, Final residual = 1.065539e-07, No Iterations 68
time step continuity errors : sum local = 0.00091221788, global = -9.1518283e-06, cumulative = -3.27931e-05
DILUPBiCGStab:  Solving for omega, Initial residual = 7.541192e-06, Final residual = 3.1312884e-08, No Iterations 1
DILUPBiCGStab:  Solving for k, Initial residual = 9.5382864e-05, Final residual = 2.4385217e-07, No Iterations 1
ExecutionTime = 29.173753 s  ClockTime = 55 s

Region: fluid Courant Number mean: 6440.1514 max: 10064.473
Region: solid Diffusion Number mean: 5397.6312 max: 53365.575
Time = 5067s

PIMPLE: Iteration 1

Solving for solid region solid
DICPCG:  Solving for e, Initial residual = 0.00017983596, Final residual = 2.4646253e-06, No Iterations 2
Min/max T:362.61182 541.50239

Solving for fluid region fluid
DILUPBiCGStab:  Solving for Ux, Initial residual = 9.1065767e-05, Final residual = 3.0725077e-07, No Iterations 1
DILUPBiCGStab:  Solving for Uy, Initial residual = 0.00010317392, Final residual = 1.0442627e-06, No Iterations 1
DILUPBiCGStab:  Solving for Uz, Initial residual = 0.00010755183, Final residual = 4.1362144e-07, No Iterations 1
DILUPBiCGStab:  Solving for h, Initial residual = 6.63373e-05, Final residual = 2.1522759e-07, No Iterations 1
Min/max T:139.8 507.78065
GAMG:  Solving for p_rgh, Initial residual = 3.7289379e-05, Final residual = 4.4347873e-07, No Iterations 100
time step continuity errors : sum local = 0.003796233, global = -2.7118436e-05, cumulative = -2.7118436e-05
GAMG:  Solving for p_rgh, Initial residual = 1.1165222e-05, Final residual = 1.0346495e-07, No Iterations 72
time step continuity errors : sum local = 0.00088582079, global = -9.2248285e-06, cumulative = -3.6343264e-05
PIMPLE: Iteration 2

Solving for solid region solid
DICPCG:  Solving for e, Initial residual = 0.00017981186, Final residual = 2.4639312e-06, No Iterations 2
Min/max T:362.62876 541.52281

Solving for fluid region fluid
DILUPBiCGStab:  Solving for Ux, Initial residual = 9.121706e-05, Final residual = 3.0774383e-07, No Iterations 1
DILUPBiCGStab:  Solving for Uy, Initial residual = 0.00010348907, Final residual = 1.0580334e-06, No Iterations 1
DILUPBiCGStab:  Solving for Uz, Initial residual = 0.000107541, Final residual = 4.1515744e-07, No Iterations 1
DILUPBiCGStab:  Solving for h, Initial residual = 6.6425768e-05, Final residual = 2.15881e-07, No Iterations 1
Min/max T:139.8 507.80092
GAMG:  Solving for p_rgh, Initial residual = 3.7482897e-05, Final residual = 4.3528579e-07, No Iterations 100
time step continuity errors : sum local = 0.0037264318, global = -2.3528771e-05, cumulative = -2.3528771e-05
GAMG:  Solving for p_rgh, Initial residual = 1.1249245e-05, Final residual = 1.0665592e-07, No Iterations 68
time step continuity errors : sum local = 0.00091320856, global = -9.1883954e-06, cumulative = -3.2717166e-05
DILUPBiCGStab:  Solving for omega, Initial residual = 7.5395091e-06, Final residual = 3.130192e-08, No Iterations 1
DILUPBiCGStab:  Solving for k, Initial residual = 9.5387608e-05, Final residual = 2.4387057e-07, No Iterations 1
ExecutionTime = 29.503287 s  ClockTime = 56 s

Region: fluid Courant Number mean: 6440.5029 max: 10066.377
Region: solid Diffusion Number mean: 5397.6312 max: 53365.575
Time = 5068s

PIMPLE: Iteration 1

Solving for solid region solid
DICPCG:  Solving for e, Initial residual = 0.000179798, Final residual = 2.4640998e-06, No Iterations 2
Min/max T:362.64569 541.54322

Solving for fluid region fluid
DILUPBiCGStab:  Solving for Ux, Initial residual = 9.1060842e-05, Final residual = 3.072343e-07, No Iterations 1
DILUPBiCGStab:  Solving for Uy, Initial residual = 0.00010302271, Final residual = 1.041261e-06, No Iterations 1
DILUPBiCGStab:  Solving for Uz, Initial residual = 0.00010757542, Final residual = 4.1447543e-07, No Iterations 1
DILUPBiCGStab:  Solving for h, Initial residual = 6.6328969e-05, Final residual = 2.1519387e-07, No Iterations 1
Min/max T:139.8 507.82119
GAMG:  Solving for p_rgh, Initial residual = 3.763624e-05, Final residual = 4.4536785e-07, No Iterations 100
time step continuity errors : sum local = 0.0038128909, global = -2.7233726e-05, cumulative = -2.7233726e-05
GAMG:  Solving for p_rgh, Initial residual = 1.1273573e-05, Final residual = 1.0396847e-07, No Iterations 72
time step continuity errors : sum local = 0.00089024531, global = -9.2772257e-06, cumulative = -3.6510951e-05
PIMPLE: Iteration 2

Solving for solid region solid
DICPCG:  Solving for e, Initial residual = 0.0001797739, Final residual = 2.463406e-06, No Iterations 2
Min/max T:362.66262 541.56363

Solving for fluid region fluid
DILUPBiCGStab:  Solving for Ux, Initial residual = 9.1211868e-05, Final residual = 3.0772516e-07, No Iterations 1
DILUPBiCGStab:  Solving for Uy, Initial residual = 0.00010352595, Final residual = 1.057729e-06, No Iterations 1
DILUPBiCGStab:  Solving for Uz, Initial residual = 0.00010756116, Final residual = 4.1663277e-07, No Iterations 1
DILUPBiCGStab:  Solving for h, Initial residual = 6.6417359e-05, Final residual = 2.1584828e-07, No Iterations 1
Min/max T:139.8 507.84145
GAMG:  Solving for p_rgh, Initial residual = 3.764035e-05, Final residual = 4.3458729e-07, No Iterations 100
time step continuity errors : sum local = 0.0037209274, global = -2.3267214e-05, cumulative = -2.3267214e-05
GAMG:  Solving for p_rgh, Initial residual = 1.1303525e-05, Final residual = 1.0649909e-07, No Iterations 68
time step continuity errors : sum local = 0.00091198113, global = -9.046489e-06, cumulative = -3.2313703e-05
DILUPBiCGStab:  Solving for omega, Initial residual = 7.5378902e-06, Final residual = 3.1291375e-08, No Iterations 1
DILUPBiCGStab:  Solving for k, Initial residual = 9.5392085e-05, Final residual = 2.4388755e-07, No Iterations 1
ExecutionTime = 29.840676 s  ClockTime = 56 s

Region: fluid Courant Number mean: 6440.8544 max: 10068.281
Region: solid Diffusion Number mean: 5397.6312 max: 53365.575
Time = 5069s

PIMPLE: Iteration 1

Solving for solid region solid
DICPCG:  Solving for e, Initial residual = 0.00017976005, Final residual = 2.4635742e-06, No Iterations 2
Min/max T:362.67955 541.58405

Solving for fluid region fluid
DILUPBiCGStab:  Solving for Ux, Initial residual = 9.1050303e-05, Final residual = 3.0719903e-07, No Iterations 1
DILUPBiCGStab:  Solving for Uy, Initial residual = 0.00010327306, Final residual = 1.0424222e-06, No Iterations 1
DILUPBiCGStab:  Solving for Uz, Initial residual = 0.00010759546, Final residual = 4.1762198e-07, No Iterations 1
DILUPBiCGStab:  Solving for h, Initial residual = 6.6320653e-05, Final residual = 2.1516142e-07, No Iterations 1
Min/max T:139.8 507.86172
GAMG:  Solving for p_rgh, Initial residual = 3.7807548e-05, Final residual = 4.4426763e-07, No Iterations 100
time step continuity errors : sum local = 0.0038039555, global = -2.6926808e-05, cumulative = -2.6926808e-05
GAMG:  Solving for p_rgh, Initial residual = 1.13234e-05, Final residual = 1.1217661e-07, No Iterations 70
time step continuity errors : sum local = 0.00096064968, global = -1.0062617e-05, cumulative = -3.6989424e-05
PIMPLE: Iteration 2

Solving for solid region solid
DICPCG:  Solving for e, Initial residual = 0.00017973595, Final residual = 2.4628809e-06, No Iterations 2
Min/max T:362.69648 541.60445

Solving for fluid region fluid
DILUPBiCGStab:  Solving for Ux, Initial residual = 9.1199816e-05, Final residual = 3.0768437e-07, No Iterations 1
DILUPBiCGStab:  Solving for Uy, Initial residual = 0.00010364639, Final residual = 1.0577141e-06, No Iterations 1
DILUPBiCGStab:  Solving for Uz, Initial residual = 0.00010757628, Final residual = 4.2222884e-07, No Iterations 1
DILUPBiCGStab:  Solving for h, Initial residual = 6.6408957e-05, Final residual = 2.1581454e-07, No Iterations 1
Min/max T:139.8 507.88198
GAMG:  Solving for p_rgh, Initial residual = 3.7683744e-05, Final residual = 4.3517457e-07, No Iterations 100
time step continuity errors : sum local = 0.0037264269, global = -2.3602524e-05, cumulative = -2.3602524e-05
GAMG:  Solving for p_rgh, Initial residual = 1.1330893e-05, Final residual = 1.0715551e-07, No Iterations 68
time step continuity errors : sum local = 0.00091771919, global = -9.1336098e-06, cumulative = -3.2736134e-05
DILUPBiCGStab:  Solving for omega, Initial residual = 7.5363067e-06, Final residual = 3.1281277e-08, No Iterations 1
DILUPBiCGStab:  Solving for k, Initial residual = 9.5396346e-05, Final residual = 2.4390354e-07, No Iterations 1
ExecutionTime = 30.17282 s  ClockTime = 56 s

Region: fluid Courant Number mean: 6441.2061 max: 10070.185
Region: solid Diffusion Number mean: 5397.6312 max: 53365.575
Time = 5070s

PIMPLE: Iteration 1

Solving for solid region solid
DICPCG:  Solving for e, Initial residual = 0.0001797221, Final residual = 2.4630488e-06, No Iterations 2
Min/max T:362.7134 541.62486

Solving for fluid region fluid
DILUPBiCGStab:  Solving for Ux, Initial residual = 9.104387e-05, Final residual = 3.0717484e-07, No Iterations 1
DILUPBiCGStab:  Solving for Uy, Initial residual = 0.00010337375, Final residual = 1.0426621e-06, No Iterations 1
DILUPBiCGStab:  Solving for Uz, Initial residual = 0.0001075987, Final residual = 4.2217388e-07, No Iterations 1
DILUPBiCGStab:  Solving for h, Initial residual = 6.6312313e-05, Final residual = 2.1512675e-07, No Iterations 1
Min/max T:139.8 507.90225
GAMG:  Solving for p_rgh, Initial residual = 3.7907914e-05, Final residual = 4.4388433e-07, No Iterations 100
time step continuity errors : sum local = 0.0038011571, global = -2.7137678e-05, cumulative = -2.7137678e-05
GAMG:  Solving for p_rgh, Initial residual = 1.1381853e-05, Final residual = 1.1290521e-07, No Iterations 70
time step continuity errors : sum local = 0.00096701322, global = -1.0156061e-05, cumulative = -3.7293739e-05
PIMPLE: Iteration 2

Solving for solid region solid
DICPCG:  Solving for e, Initial residual = 0.00017969801, Final residual = 2.4623558e-06, No Iterations 2
Min/max T:362.73032 541.64527

Solving for fluid region fluid
DILUPBiCGStab:  Solving for Ux, Initial residual = 9.1191554e-05, Final residual = 3.0765129e-07, No Iterations 1
DILUPBiCGStab:  Solving for Uy, Initial residual = 0.00010380011, Final residual = 1.058372e-06, No Iterations 1
DILUPBiCGStab:  Solving for Uz, Initial residual = 0.00010757728, Final residual = 4.212276e-07, No Iterations 1
DILUPBiCGStab:  Solving for h, Initial residual = 6.6400546e-05, Final residual = 2.1578189e-07, No Iterations 1
Min/max T:139.8 507.9225
GAMG:  Solving for p_rgh, Initial residual = 3.7958377e-05, Final residual = 4.3538429e-07, No Iterations 100
time step continuity errors : sum local = 0.003728699, global = -2.3699589e-05, cumulative = -2.3699589e-05
GAMG:  Solving for p_rgh, Initial residual = 1.142068e-05, Final residual = 1.0725327e-07, No Iterations 68
time step continuity errors : sum local = 0.00091867309, global = -9.1849303e-06, cumulative = -3.2884519e-05
DILUPBiCGStab:  Solving for omega, Initial residual = 7.5347962e-06, Final residual = 3.127178e-08, No Iterations 1
DILUPBiCGStab:  Solving for k, Initial residual = 9.5400176e-05, Final residual = 2.4391821e-07, No Iterations 1
ExecutionTime = 30.517966 s  ClockTime = 57 s

Region: fluid Courant Number mean: 6441.5578 max: 10072.088
Region: solid Diffusion Number mean: 5397.6312 max: 53365.575
Time = 5071s

PIMPLE: Iteration 1

Solving for solid region solid
DICPCG:  Solving for e, Initial residual = 0.00017968415, Final residual = 2.4625234e-06, No Iterations 2
Min/max T:362.74724 541.66567

Solving for fluid region fluid
DILUPBiCGStab:  Solving for Ux, Initial residual = 9.1033158e-05, Final residual = 3.0713463e-07, No Iterations 1
DILUPBiCGStab:  Solving for Uy, Initial residual = 0.00010347389, Final residual = 1.0434242e-06, No Iterations 1
DILUPBiCGStab:  Solving for Uz, Initial residual = 0.00010760176, Final residual = 4.1845321e-07, No Iterations 1
DILUPBiCGStab:  Solving for h, Initial residual = 6.6303987e-05, Final residual = 2.1509418e-07, No Iterations 1
Min/max T:139.8 507.94276
GAMG:  Solving for p_rgh, Initial residual = 3.8209504e-05, Final residual = 4.4381724e-07, No Iterations 100
time step continuity errors : sum local = 0.0038010679, global = -2.7063694e-05, cumulative = -2.7063694e-05
GAMG:  Solving for p_rgh, Initial residual = 1.1475567e-05, Final residual = 1.1248688e-07, No Iterations 70
time step continuity errors : sum local = 0.00096355238, global = -1.0192952e-05, cumulative = -3.7256645e-05
PIMPLE: Iteration 2

Solving for solid region solid
DICPCG:  Solving for e, Initial residual = 0.00017966007, Final residual = 2.4618308e-06, No Iterations 2
Min/max T:362.76416 541.68607

Solving for fluid region fluid
DILUPBiCGStab:  Solving for Ux, Initial residual = 9.1181798e-05, Final residual = 3.0761477e-07, No Iterations 1
DILUPBiCGStab:  Solving for Uy, Initial residual = 0.00010390193, Final residual = 1.0591184e-06, No Iterations 1
DILUPBiCGStab:  Solving for Uz, Initial residual = 0.00010757907, Final residual = 4.1879965e-07, No Iterations 1
DILUPBiCGStab:  Solving for h, Initial residual = 6.6392145e-05, Final residual = 2.15751e-07, No Iterations 1
Min/max T:139.8 507.96301
GAMG:  Solving for p_rgh, Initial residual = 3.8330147e-05, Final residual = 4.3332367e-07, No Iterations 100
time step continuity errors : sum local = 0.0037115251, global = -2.3581458e-05, cumulative = -2.3581458e-05
GAMG:  Solving for p_rgh, Initial residual = 1.1543774e-05, Final residual = 1.0670865e-07, No Iterations 68
time step continuity errors : sum local = 0.00091412388, global = -9.1720044e-06, cumulative = -3.2753463e-05
DILUPBiCGStab:  Solving for omega, Initial residual = 7.533358e-06, Final residual = 3.1262937e-08, No Iterations 1
DILUPBiCGStab:  Solving for k, Initial residual = 9.5403933e-05, Final residual = 2.4393246e-07, No Iterations 1
ExecutionTime = 30.895078 s  ClockTime = 57 s

Region: fluid Courant Number mean: 6441.9097 max: 10073.99
Region: solid Diffusion Number mean: 5397.6312 max: 53365.575
Time = 5072s

PIMPLE: Iteration 1

Solving for solid region solid
DICPCG:  Solving for e, Initial residual = 0.00017964621, Final residual = 2.4619982e-06, No Iterations 2
Min/max T:362.78107 541.70647

Solving for fluid region fluid
DILUPBiCGStab:  Solving for Ux, Initial residual = 9.1024539e-05, Final residual = 3.0710078e-07, No Iterations 1
DILUPBiCGStab:  Solving for Uy, Initial residual = 0.0001037331, Final residual = 1.0462661e-06, No Iterations 1
DILUPBiCGStab:  Solving for Uz, Initial residual = 0.00010759975, Final residual = 4.1760502e-07, No Iterations 1
DILUPBiCGStab:  Solving for h, Initial residual = 6.6295662e-05, Final residual = 2.1506217e-07, No Iterations 1
Min/max T:139.8 507.98327
GAMG:  Solving for p_rgh, Initial residual = 3.8345735e-05, Final residual = 4.4533491e-07, No Iterations 100
time step continuity errors : sum local = 0.0038145525, global = -2.7215944e-05, cumulative = -2.7215944e-05
GAMG:  Solving for p_rgh, Initial residual = 1.1514505e-05, Final residual = 1.1286521e-07, No Iterations 70
time step continuity errors : sum local = 0.00096691763, global = -1.0237228e-05, cumulative = -3.7453172e-05
PIMPLE: Iteration 2

Solving for solid region solid
DICPCG:  Solving for e, Initial residual = 0.00017962213, Final residual = 2.4613059e-06, No Iterations 2
Min/max T:362.79799 541.72686

Solving for fluid region fluid
DILUPBiCGStab:  Solving for Ux, Initial residual = 9.1174733e-05, Final residual = 3.07585e-07, No Iterations 1
DILUPBiCGStab:  Solving for Uy, Initial residual = 0.00010420274, Final residual = 1.0622392e-06, No Iterations 1
DILUPBiCGStab:  Solving for Uz, Initial residual = 0.00010757666, Final residual = 4.1895113e-07, No Iterations 1
DILUPBiCGStab:  Solving for h, Initial residual = 6.6383751e-05, Final residual = 2.1571773e-07, No Iterations 1
Min/max T:139.8 508.00352
GAMG:  Solving for p_rgh, Initial residual = 3.8330566e-05, Final residual = 4.3550463e-07, No Iterations 100
time step continuity errors : sum local = 0.0037306828, global = -2.3793165e-05, cumulative = -2.3793165e-05
GAMG:  Solving for p_rgh, Initial residual = 1.1546274e-05, Final residual = 1.0790874e-07, No Iterations 68
time step continuity errors : sum local = 0.00092452432, global = -9.2671947e-06, cumulative = -3.306036e-05
DILUPBiCGStab:  Solving for omega, Initial residual = 7.5319612e-06, Final residual = 3.1254435e-08, No Iterations 1
DILUPBiCGStab:  Solving for k, Initial residual = 9.5408129e-05, Final residual = 2.4394685e-07, No Iterations 1
ExecutionTime = 31.220481 s  ClockTime = 57 s

Region: fluid Courant Number mean: 6442.2616 max: 10075.892
Region: solid Diffusion Number mean: 5397.6312 max: 53365.575
Time = 5073s

PIMPLE: Iteration 1

Solving for solid region solid
DICPCG:  Solving for e, Initial residual = 0.00017960827, Final residual = 2.4614731e-06, No Iterations 2
Min/max T:362.8149 541.74726

Solving for fluid region fluid
DILUPBiCGStab:  Solving for Ux, Initial residual = 9.1018514e-05, Final residual = 3.0707398e-07, No Iterations 1
DILUPBiCGStab:  Solving for Uy, Initial residual = 0.00010374272, Final residual = 1.0462363e-06, No Iterations 1
DILUPBiCGStab:  Solving for Uz, Initial residual = 0.00010759553, Final residual = 4.1760571e-07, No Iterations 1
DILUPBiCGStab:  Solving for h, Initial residual = 6.6287339e-05, Final residual = 2.1502878e-07, No Iterations 1
Min/max T:139.8 508.02377
GAMG:  Solving for p_rgh, Initial residual = 3.8362775e-05, Final residual = 4.477283e-07, No Iterations 100
time step continuity errors : sum local = 0.0038355449, global = -2.7486995e-05, cumulative = -2.7486995e-05
GAMG:  Solving for p_rgh, Initial residual = 1.1506533e-05, Final residual = 1.1408362e-07, No Iterations 70
time step continuity errors : sum local = 0.00097748125, global = -1.0498996e-05, cumulative = -3.7985991e-05
PIMPLE: Iteration 2

Solving for solid region solid
DICPCG:  Solving for e, Initial residual = 0.0001795842, Final residual = 2.460781e-06, No Iterations 2
Min/max T:362.8318 541.76765

Solving for fluid region fluid
DILUPBiCGStab:  Solving for Ux, Initial residual = 9.1173677e-05, Final residual = 3.0757234e-07, No Iterations 1
DILUPBiCGStab:  Solving for Uy, Initial residual = 0.0001040462, Final residual = 1.0619821e-06, No Iterations 1
DILUPBiCGStab:  Solving for Uz, Initial residual = 0.00010757778, Final residual = 4.1872707e-07, No Iterations 1
DILUPBiCGStab:  Solving for h, Initial residual = 6.6375368e-05, Final residual = 2.1568421e-07, No Iterations 1
Min/max T:139.8 508.04401
GAMG:  Solving for p_rgh, Initial residual = 3.8270697e-05, Final residual = 4.3505763e-07, No Iterations 100
time step continuity errors : sum local = 0.0037273331, global = -2.3776237e-05, cumulative = -2.3776237e-05
GAMG:  Solving for p_rgh, Initial residual = 1.1520644e-05, Final residual = 1.0693132e-07, No Iterations 68
time step continuity errors : sum local = 0.00091626741, global = -9.216671e-06, cumulative = -3.2992908e-05
DILUPBiCGStab:  Solving for omega, Initial residual = 7.5305997e-06, Final residual = 3.1246291e-08, No Iterations 1
DILUPBiCGStab:  Solving for k, Initial residual = 9.5412814e-05, Final residual = 2.4396156e-07, No Iterations 1
ExecutionTime = 31.58531 s  ClockTime = 58 s

Region: fluid Courant Number mean: 6442.6136 max: 10077.793
Region: solid Diffusion Number mean: 5397.6312 max: 53365.575
Time = 5074s

PIMPLE: Iteration 1

Solving for solid region solid
DICPCG:  Solving for e, Initial residual = 0.00017957034, Final residual = 2.4609478e-06, No Iterations 2
Min/max T:362.84871 541.78804

Solving for fluid region fluid
DILUPBiCGStab:  Solving for Ux, Initial residual = 9.1012985e-05, Final residual = 3.0705007e-07, No Iterations 1
DILUPBiCGStab:  Solving for Uy, Initial residual = 0.00010357645, Final residual = 1.0482771e-06, No Iterations 1
DILUPBiCGStab:  Solving for Uz, Initial residual = 0.00010759157, Final residual = 4.175557e-07, No Iterations 1
DILUPBiCGStab:  Solving for h, Initial residual = 6.6279078e-05, Final residual = 2.1499601e-07, No Iterations 1
Min/max T:139.8 508.06427
GAMG:  Solving for p_rgh, Initial residual = 3.82616e-05, Final residual = 4.4746599e-07, No Iterations 100
time step continuity errors : sum local = 0.0038337884, global = -2.7327938e-05, cumulative = -2.7327938e-05
GAMG:  Solving for p_rgh, Initial residual = 1.1478509e-05, Final residual = 1.1320494e-07, No Iterations 70
time step continuity errors : sum local = 0.00097007572, global = -1.0212704e-05, cumulative = -3.7540642e-05
PIMPLE: Iteration 2

Solving for solid region solid
DICPCG:  Solving for e, Initial residual = 0.00017954627, Final residual = 2.4602561e-06, No Iterations 2
Min/max T:362.86561 541.80843

Solving for fluid region fluid
DILUPBiCGStab:  Solving for Ux, Initial residual = 9.1163046e-05, Final residual = 3.075358e-07, No Iterations 1
DILUPBiCGStab:  Solving for Uy, Initial residual = 0.0001040017, Final residual = 1.0637863e-06, No Iterations 1
DILUPBiCGStab:  Solving for Uz, Initial residual = 0.00010757022, Final residual = 4.197248e-07, No Iterations 1
DILUPBiCGStab:  Solving for h, Initial residual = 6.6367035e-05, Final residual = 2.1565115e-07, No Iterations 1
Min/max T:139.8 508.0845
GAMG:  Solving for p_rgh, Initial residual = 3.8226693e-05, Final residual = 4.3516241e-07, No Iterations 100
time step continuity errors : sum local = 0.0037287048, global = -2.3385864e-05, cumulative = -2.3385864e-05
GAMG:  Solving for p_rgh, Initial residual = 1.148187e-05, Final residual = 1.0617059e-07, No Iterations 68
time step continuity errors : sum local = 0.00090986404, global = -8.9243491e-06, cumulative = -3.2310213e-05
DILUPBiCGStab:  Solving for omega, Initial residual = 7.5293538e-06, Final residual = 3.1238867e-08, No Iterations 1
DILUPBiCGStab:  Solving for k, Initial residual = 9.5417224e-05, Final residual = 2.4397639e-07, No Iterations 1
ExecutionTime = 31.985544 s  ClockTime = 58 s

Region: fluid Courant Number mean: 6442.9657 max: 10079.694
Region: solid Diffusion Number mean: 5397.6312 max: 53365.575
Time = 5075s

PIMPLE: Iteration 1

Solving for solid region solid
DICPCG:  Solving for e, Initial residual = 0.00017953241, Final residual = 2.4604229e-06, No Iterations 2
Min/max T:362.88251 541.82882

Solving for fluid region fluid
DILUPBiCGStab:  Solving for Ux, Initial residual = 9.1001711e-05, Final residual = 3.0701498e-07, No Iterations 1
DILUPBiCGStab:  Solving for Uy, Initial residual = 0.0001029798, Final residual = 1.042269e-06, No Iterations 1
DILUPBiCGStab:  Solving for Uz, Initial residual = 0.00010751932, Final residual = 4.1936519e-07, No Iterations 1
DILUPBiCGStab:  Solving for h, Initial residual = 6.6270758e-05, Final residual = 2.1496546e-07, No Iterations 1
Min/max T:139.8 508.10475
GAMG:  Solving for p_rgh, Initial residual = 3.8930862e-05, Final residual = 4.4154179e-07, No Iterations 100
time step continuity errors : sum local = 0.0037835102, global = -2.6697909e-05, cumulative = -2.6697909e-05
GAMG:  Solving for p_rgh, Initial residual = 1.1703184e-05, Final residual = 1.103319e-07, No Iterations 70
time step continuity errors : sum local = 0.00094557475, global = -9.695528e-06, cumulative = -3.6393437e-05
PIMPLE: Iteration 2

Solving for solid region solid
DICPCG:  Solving for e, Initial residual = 0.00017950835, Final residual = 2.4597315e-06, No Iterations 2
Min/max T:362.89941 541.8492

Solving for fluid region fluid
DILUPBiCGStab:  Solving for Ux, Initial residual = 9.1143025e-05, Final residual = 3.0747584e-07, No Iterations 1
DILUPBiCGStab:  Solving for Uy, Initial residual = 0.00010360923, Final residual = 1.0614005e-06, No Iterations 1
DILUPBiCGStab:  Solving for Uz, Initial residual = 0.00010747199, Final residual = 4.30081e-07, No Iterations 1
DILUPBiCGStab:  Solving for h, Initial residual = 6.6358623e-05, Final residual = 2.156235e-07, No Iterations 1
Min/max T:139.8 508.12498
GAMG:  Solving for p_rgh, Initial residual = 3.848557e-05, Final residual = 4.3471859e-07, No Iterations 100
time step continuity errors : sum local = 0.0037253698, global = -2.3809175e-05, cumulative = -2.3809175e-05
GAMG:  Solving for p_rgh, Initial residual = 1.1574614e-05, Final residual = 1.0668533e-07, No Iterations 68
time step continuity errors : sum local = 0.00091439272, global = -9.1145753e-06, cumulative = -3.292375e-05
DILUPBiCGStab:  Solving for omega, Initial residual = 7.5282548e-06, Final residual = 3.1232274e-08, No Iterations 1
DILUPBiCGStab:  Solving for k, Initial residual = 9.542035e-05, Final residual = 2.4398944e-07, No Iterations 1
ExecutionTime = 32.342786 s  ClockTime = 59 s

Region: fluid Courant Number mean: 6443.3179 max: 10081.597
Region: solid Diffusion Number mean: 5397.6312 max: 53365.575
Time = 5076s

PIMPLE: Iteration 1

Solving for solid region solid
DICPCG:  Solving for e, Initial residual = 0.00017949449, Final residual = 2.4598981e-06, No Iterations 2
Min/max T:362.9163 541.86959

Solving for fluid region fluid
DILUPBiCGStab:  Solving for Ux, Initial residual = 9.0988623e-05, Final residual = 3.0697138e-07, No Iterations 1
DILUPBiCGStab:  Solving for Uy, Initial residual = 0.00010349362, Final residual = 1.0479951e-06, No Iterations 1
DILUPBiCGStab:  Solving for Uz, Initial residual = 0.00010753678, Final residual = 4.2886039e-07, No Iterations 1
DILUPBiCGStab:  Solving for h, Initial residual = 6.626234e-05, Final residual = 2.149437e-07, No Iterations 1
Min/max T:139.8 508.14523
GAMG:  Solving for p_rgh, Initial residual = 3.851805e-05, Final residual = 4.451671e-07, No Iterations 100
time step continuity errors : sum local = 0.0038150597, global = -2.7291206e-05, cumulative = -2.7291206e-05
GAMG:  Solving for p_rgh, Initial residual = 1.1532358e-05, Final residual = 1.1332456e-07, No Iterations 70
time step continuity errors : sum local = 0.0009713468, global = -1.0225535e-05, cumulative = -3.7516742e-05
PIMPLE: Iteration 2

Solving for solid region solid
DICPCG:  Solving for e, Initial residual = 0.00017947043, Final residual = 2.459207e-06, No Iterations 2
Min/max T:362.93319 541.88997

Solving for fluid region fluid
DILUPBiCGStab:  Solving for Ux, Initial residual = 9.1135418e-05, Final residual = 3.0744614e-07, No Iterations 1
DILUPBiCGStab:  Solving for Uy, Initial residual = 0.00010402154, Final residual = 1.0625194e-06, No Iterations 1
DILUPBiCGStab:  Solving for Uz, Initial residual = 0.00010749317, Final residual = 4.2927436e-07, No Iterations 1
DILUPBiCGStab:  Solving for h, Initial residual = 6.6350047e-05, Final residual = 2.1560252e-07, No Iterations 1
Min/max T:139.8 508.16546
GAMG:  Solving for p_rgh, Initial residual = 3.8976919e-05, Final residual = 4.3437998e-07, No Iterations 100
time step continuity errors : sum local = 0.0037229411, global = -2.3542882e-05, cumulative = -2.3542882e-05
GAMG:  Solving for p_rgh, Initial residual = 1.1689873e-05, Final residual = 1.1572798e-07, No Iterations 66
time step continuity errors : sum local = 0.00099202038, global = -1.0001681e-05, cumulative = -3.3544563e-05
DILUPBiCGStab:  Solving for omega, Initial residual = 7.5271131e-06, Final residual = 3.1224363e-08, No Iterations 1
DILUPBiCGStab:  Solving for k, Initial residual = 9.5423135e-05, Final residual = 2.4399957e-07, No Iterations 1
ExecutionTime = 32.913891 s  ClockTime = 59 s

Region: fluid Courant Number mean: 6443.6702 max: 10083.53
Region: solid Diffusion Number mean: 5397.6312 max: 53365.575
Time = 5077s

PIMPLE: Iteration 1

Solving for solid region solid
DICPCG:  Solving for e, Initial residual = 0.00017945657, Final residual = 2.4593731e-06, No Iterations 2
Min/max T:362.95008 541.91035

Solving for fluid region fluid
DILUPBiCGStab:  Solving for Ux, Initial residual = 9.0976067e-05, Final residual = 3.0692786e-07, No Iterations 1
DILUPBiCGStab:  Solving for Uy, Initial residual = 0.00010365075, Final residual = 1.0428519e-06, No Iterations 1
DILUPBiCGStab:  Solving for Uz, Initial residual = 0.00010762268, Final residual = 4.2319227e-07, No Iterations 1
DILUPBiCGStab:  Solving for h, Initial residual = 6.6253753e-05, Final residual = 2.14919e-07, No Iterations 1
Min/max T:139.8 508.1857
GAMG:  Solving for p_rgh, Initial residual = 3.9202222e-05, Final residual = 4.4844109e-07, No Iterations 100
time step continuity errors : sum local = 0.0038435998, global = -2.8136262e-05, cumulative = -2.8136262e-05
GAMG:  Solving for p_rgh, Initial residual = 1.1746941e-05, Final residual = 1.1447015e-07, No Iterations 70
time step continuity errors : sum local = 0.00098129071, global = -1.0434194e-05, cumulative = -3.8570456e-05
PIMPLE: Iteration 2

Solving for solid region solid
DICPCG:  Solving for e, Initial residual = 0.00017943252, Final residual = 2.4586824e-06, No Iterations 2
Min/max T:362.96697 541.93072

Solving for fluid region fluid
DILUPBiCGStab:  Solving for Ux, Initial residual = 9.1134459e-05, Final residual = 3.0744216e-07, No Iterations 1
DILUPBiCGStab:  Solving for Uy, Initial residual = 0.000103663, Final residual = 1.059432e-06, No Iterations 1
DILUPBiCGStab:  Solving for Uz, Initial residual = 0.00010789237, Final residual = 4.2181081e-07, No Iterations 1
DILUPBiCGStab:  Solving for h, Initial residual = 6.6341243e-05, Final residual = 2.1557966e-07, No Iterations 1
Min/max T:139.8 508.20592
GAMG:  Solving for p_rgh, Initial residual = 3.8654551e-05, Final residual = 4.3382612e-07, No Iterations 100
time step continuity errors : sum local = 0.0037186687, global = -2.3742334e-05, cumulative = -2.3742334e-05
GAMG:  Solving for p_rgh, Initial residual = 1.1630315e-05, Final residual = 1.0726772e-07, No Iterations 68
time step continuity errors : sum local = 0.00091961666, global = -9.262377e-06, cumulative = -3.3004711e-05
DILUPBiCGStab:  Solving for omega, Initial residual = 7.5258231e-06, Final residual = 3.1217493e-08, No Iterations 1
DILUPBiCGStab:  Solving for k, Initial residual = 9.5426924e-05, Final residual = 2.4400915e-07, No Iterations 1
ExecutionTime = 33.467169 s  ClockTime = 60 s

Region: fluid Courant Number mean: 6444.0227 max: 10085.46
Region: solid Diffusion Number mean: 5397.6312 max: 53365.575
Time = 5078s

PIMPLE: Iteration 1

Solving for solid region solid
DICPCG:  Solving for e, Initial residual = 0.00017941865, Final residual = 2.4588482e-06, No Iterations 2
Min/max T:362.98385 541.9511

Solving for fluid region fluid
DILUPBiCGStab:  Solving for Ux, Initial residual = 9.0973616e-05, Final residual = 3.0691886e-07, No Iterations 1
DILUPBiCGStab:  Solving for Uy, Initial residual = 0.00010324627, Final residual = 1.0446617e-06, No Iterations 1
DILUPBiCGStab:  Solving for Uz, Initial residual = 0.00010797957, Final residual = 4.1950481e-07, No Iterations 1
DILUPBiCGStab:  Solving for h, Initial residual = 6.6244976e-05, Final residual = 2.1489461e-07, No Iterations 1
Min/max T:139.8 508.22616
GAMG:  Solving for p_rgh, Initial residual = 3.8794724e-05, Final residual = 4.4750269e-07, No Iterations 100
time step continuity errors : sum local = 0.0038360474, global = -2.7536121e-05, cumulative = -2.7536121e-05
GAMG:  Solving for p_rgh, Initial residual = 1.1618697e-05, Final residual = 1.1385055e-07, No Iterations 70
time step continuity errors : sum local = 0.00097610487, global = -1.0382985e-05, cumulative = -3.7919107e-05
PIMPLE: Iteration 2

Solving for solid region solid
DICPCG:  Solving for e, Initial residual = 0.00017939461, Final residual = 2.4581579e-06, No Iterations 2
Min/max T:363.00074 541.97147

Solving for fluid region fluid
DILUPBiCGStab:  Solving for Ux, Initial residual = 9.1129267e-05, Final residual = 3.0741866e-07, No Iterations 1
DILUPBiCGStab:  Solving for Uy, Initial residual = 0.00010396964, Final residual = 1.0625447e-06, No Iterations 1
DILUPBiCGStab:  Solving for Uz, Initial residual = 0.00010791133, Final residual = 4.2196073e-07, No Iterations 1
DILUPBiCGStab:  Solving for h, Initial residual = 6.6332343e-05, Final residual = 2.1555732e-07, No Iterations 1
Min/max T:139.8 508.24638
GAMG:  Solving for p_rgh, Initial residual = 3.8517073e-05, Final residual = 4.3794211e-07, No Iterations 100
time step continuity errors : sum local = 0.0037544287, global = -2.3629282e-05, cumulative = -2.3629282e-05
GAMG:  Solving for p_rgh, Initial residual = 1.1563231e-05, Final residual = 1.0765826e-07, No Iterations 68
time step continuity errors : sum local = 0.0009230826, global = -9.285676e-06, cumulative = -3.2914958e-05
DILUPBiCGStab:  Solving for omega, Initial residual = 7.5247861e-06, Final residual = 3.1210475e-08, No Iterations 1
DILUPBiCGStab:  Solving for k, Initial residual = 9.5431838e-05, Final residual = 2.4402203e-07, No Iterations 1
ExecutionTime = 33.872996 s  ClockTime = 60 s

Region: fluid Courant Number mean: 6444.3753 max: 10087.398
Region: solid Diffusion Number mean: 5397.6312 max: 53365.575
Time = 5079s

PIMPLE: Iteration 1

Solving for solid region solid
DICPCG:  Solving for e, Initial residual = 0.00017938074, Final residual = 2.4583235e-06, No Iterations 2
Min/max T:363.01761 541.99184

Solving for fluid region fluid
DILUPBiCGStab:  Solving for Ux, Initial residual = 9.0971087e-05, Final residual = 3.0690145e-07, No Iterations 1
DILUPBiCGStab:  Solving for Uy, Initial residual = 0.00010395646, Final residual = 1.0478564e-06, No Iterations 1
DILUPBiCGStab:  Solving for Uz, Initial residual = 0.00010793068, Final residual = 4.2071132e-07, No Iterations 1
DILUPBiCGStab:  Solving for h, Initial residual = 6.6236043e-05, Final residual = 2.1486951e-07, No Iterations 1
Min/max T:139.8 508.26661
GAMG:  Solving for p_rgh, Initial residual = 3.8921084e-05, Final residual = 4.4640749e-07, No Iterations 100
time step continuity errors : sum local = 0.0038271469, global = -2.7128794e-05, cumulative = -2.7128794e-05
GAMG:  Solving for p_rgh, Initial residual = 1.1649523e-05, Final residual = 1.1270817e-07, No Iterations 70
time step continuity errors : sum local = 0.00096643085, global = -9.9547083e-06, cumulative = -3.7083502e-05
PIMPLE: Iteration 2

Solving for solid region solid
DICPCG:  Solving for e, Initial residual = 0.0001793567, Final residual = 2.4576335e-06, No Iterations 2
Min/max T:363.03449 542.01221

Solving for fluid region fluid
DILUPBiCGStab:  Solving for Ux, Initial residual = 9.1117585e-05, Final residual = 3.0737746e-07, No Iterations 1
DILUPBiCGStab:  Solving for Uy, Initial residual = 0.00010459774, Final residual = 1.0646582e-06, No Iterations 1
DILUPBiCGStab:  Solving for Uz, Initial residual = 0.00010794066, Final residual = 4.2277898e-07, No Iterations 1
DILUPBiCGStab:  Solving for h, Initial residual = 6.6323228e-05, Final residual = 2.1553252e-07, No Iterations 1
Min/max T:139.8 508.28683
GAMG:  Solving for p_rgh, Initial residual = 3.8820067e-05, Final residual = 4.3466631e-07, No Iterations 100
time step continuity errors : sum local = 0.0037268122, global = -2.3351484e-05, cumulative = -2.3351484e-05
GAMG:  Solving for p_rgh, Initial residual = 1.1680162e-05, Final residual = 1.1507188e-07, No Iterations 66
time step continuity errors : sum local = 0.00098677163, global = -9.7454546e-06, cumulative = -3.3096939e-05
DILUPBiCGStab:  Solving for omega, Initial residual = 7.5237418e-06, Final residual = 3.1203459e-08, No Iterations 1
DILUPBiCGStab:  Solving for k, Initial residual = 9.5435411e-05, Final residual = 2.4403076e-07, No Iterations 1
ExecutionTime = 34.257653 s  ClockTime = 61 s

Region: fluid Courant Number mean: 6444.728 max: 10089.345
Region: solid Diffusion Number mean: 5397.6312 max: 53365.575
Time = 5080s

PIMPLE: Iteration 1

Solving for solid region solid
DICPCG:  Solving for e, Initial residual = 0.00017934284, Final residual = 2.4577989e-06, No Iterations 2
Min/max T:363.05137 542.03258

Solving for fluid region fluid
DILUPBiCGStab:  Solving for Ux, Initial residual = 9.0954768e-05, Final residual = 3.0685392e-07, No Iterations 1
DILUPBiCGStab:  Solving for Uy, Initial residual = 0.00010509031, Final residual = 1.06052e-06, No Iterations 1
DILUPBiCGStab:  Solving for Uz, Initial residual = 0.00010805002, Final residual = 4.2381584e-07, No Iterations 1
DILUPBiCGStab:  Solving for h, Initial residual = 6.6226868e-05, Final residual = 2.1484464e-07, No Iterations 1
Min/max T:139.8 508.30706
GAMG:  Solving for p_rgh, Initial residual = 3.9092378e-05, Final residual = 4.4521684e-07, No Iterations 100
time step continuity errors : sum local = 0.0038174156, global = -2.7194094e-05, cumulative = -2.7194094e-05
GAMG:  Solving for p_rgh, Initial residual = 1.170761e-05, Final residual = 1.1348713e-07, No Iterations 70
time step continuity errors : sum local = 0.00097323287, global = -1.0246541e-05, cumulative = -3.7440635e-05
PIMPLE: Iteration 2

Solving for solid region solid
DICPCG:  Solving for e, Initial residual = 0.0001793188, Final residual = 2.4571091e-06, No Iterations 2
Min/max T:363.06824 542.05294

Solving for fluid region fluid
DILUPBiCGStab:  Solving for Ux, Initial residual = 9.1103217e-05, Final residual = 3.0733118e-07, No Iterations 1
DILUPBiCGStab:  Solving for Uy, Initial residual = 0.00010546982, Final residual = 1.0760091e-06, No Iterations 1
DILUPBiCGStab:  Solving for Uz, Initial residual = 0.00010810586, Final residual = 4.2403969e-07, No Iterations 1
DILUPBiCGStab:  Solving for h, Initial residual = 6.6313876e-05, Final residual = 2.1550495e-07, No Iterations 1
Min/max T:139.8 508.32727
GAMG:  Solving for p_rgh, Initial residual = 3.8688758e-05, Final residual = 4.3540163e-07, No Iterations 100
time step continuity errors : sum local = 0.0037335891, global = -2.3833242e-05, cumulative = -2.3833242e-05
GAMG:  Solving for p_rgh, Initial residual = 1.160527e-05, Final residual = 1.1564022e-07, No Iterations 66
time step continuity errors : sum local = 0.00099177181, global = -1.0166369e-05, cumulative = -3.3999611e-05
DILUPBiCGStab:  Solving for omega, Initial residual = 7.522747e-06, Final residual = 3.1196955e-08, No Iterations 1
DILUPBiCGStab:  Solving for k, Initial residual = 9.5438569e-05, Final residual = 2.4403826e-07, No Iterations 1
ExecutionTime = 34.776729 s  ClockTime = 61 s

Region: fluid Courant Number mean: 6445.0808 max: 10091.296
Region: solid Diffusion Number mean: 5397.6312 max: 53365.575
Time = 5081s

PIMPLE: Iteration 1

Solving for solid region solid
DICPCG:  Solving for e, Initial residual = 0.00017930494, Final residual = 2.4572744e-06, No Iterations 2
Min/max T:363.08511 542.07331

Solving for fluid region fluid
DILUPBiCGStab:  Solving for Ux, Initial residual = 9.0948092e-05, Final residual = 3.0682489e-07, No Iterations 1
DILUPBiCGStab:  Solving for Uy, Initial residual = 0.00010524928, Final residual = 1.060402e-06, No Iterations 1
DILUPBiCGStab:  Solving for Uz, Initial residual = 0.00010818184, Final residual = 4.2233322e-07, No Iterations 1
DILUPBiCGStab:  Solving for h, Initial residual = 6.6217453e-05, Final residual = 2.148141e-07, No Iterations 1
Min/max T:139.8 508.3475
GAMG:  Solving for p_rgh, Initial residual = 3.8760117e-05, Final residual = 4.4532181e-07, No Iterations 100
time step continuity errors : sum local = 0.0038188024, global = -2.7300958e-05, cumulative = -2.7300958e-05
GAMG:  Solving for p_rgh, Initial residual = 1.1606323e-05, Final residual = 1.1203352e-07, No Iterations 70
time step continuity errors : sum local = 0.00096089172, global = -1.0222279e-05, cumulative = -3.7523237e-05
PIMPLE: Iteration 2

Solving for solid region solid
DICPCG:  Solving for e, Initial residual = 0.00017928091, Final residual = 2.4565849e-06, No Iterations 2
Min/max T:363.10198 542.09367

Solving for fluid region fluid
DILUPBiCGStab:  Solving for Ux, Initial residual = 9.1098831e-05, Final residual = 3.0730805e-07, No Iterations 1
DILUPBiCGStab:  Solving for Uy, Initial residual = 0.00010561345, Final residual = 1.0752605e-06, No Iterations 1
DILUPBiCGStab:  Solving for Uz, Initial residual = 0.00010820821, Final residual = 4.2416066e-07, No Iterations 1
DILUPBiCGStab:  Solving for h, Initial residual = 6.630427e-05, Final residual = 2.1546865e-07, No Iterations 1
Min/max T:139.8 508.3677
GAMG:  Solving for p_rgh, Initial residual = 3.8755038e-05, Final residual = 4.3217988e-07, No Iterations 100
time step continuity errors : sum local = 0.0037064355, global = -2.3702866e-05, cumulative = -2.3702866e-05
GAMG:  Solving for p_rgh, Initial residual = 1.1621339e-05, Final residual = 1.1514163e-07, No Iterations 66
time step continuity errors : sum local = 0.0009876224, global = -1.0133731e-05, cumulative = -3.3836597e-05
DILUPBiCGStab:  Solving for omega, Initial residual = 7.5217848e-06, Final residual = 3.1190572e-08, No Iterations 1
DILUPBiCGStab:  Solving for k, Initial residual = 9.5441866e-05, Final residual = 2.4404521e-07, No Iterations 1
ExecutionTime = 35.148585 s  ClockTime = 62 s

Region: fluid Courant Number mean: 6445.4338 max: 10093.252
Region: solid Diffusion Number mean: 5397.6312 max: 53365.575
Time = 5082s

PIMPLE: Iteration 1

Solving for solid region solid
DICPCG:  Solving for e, Initial residual = 0.00017926704, Final residual = 2.4567497e-06, No Iterations 2
Min/max T:363.11884 542.11403

Solving for fluid region fluid
DILUPBiCGStab:  Solving for Ux, Initial residual = 9.093873e-05, Final residual = 3.0678688e-07, No Iterations 1
DILUPBiCGStab:  Solving for Uy, Initial residual = 0.00010542192, Final residual = 1.0613978e-06, No Iterations 1
DILUPBiCGStab:  Solving for Uz, Initial residual = 0.00010829264, Final residual = 4.2206843e-07, No Iterations 1
DILUPBiCGStab:  Solving for h, Initial residual = 6.6207841e-05, Final residual = 2.1478021e-07, No Iterations 1
Min/max T:139.8 508.38793
GAMG:  Solving for p_rgh, Initial residual = 3.9005521e-05, Final residual = 4.4771229e-07, No Iterations 100
time step continuity errors : sum local = 0.0038397909, global = -2.7417737e-05, cumulative = -2.7417737e-05
GAMG:  Solving for p_rgh, Initial residual = 1.1672644e-05, Final residual = 1.1373366e-07, No Iterations 70
time step continuity errors : sum local = 0.00097559627, global = -1.0285463e-05, cumulative = -3.77032e-05
PIMPLE: Iteration 2

Solving for solid region solid
DICPCG:  Solving for e, Initial residual = 0.00017924302, Final residual = 2.4560606e-06, No Iterations 2
Min/max T:363.1357 542.13438

Solving for fluid region fluid
DILUPBiCGStab:  Solving for Ux, Initial residual = 9.1091438e-05, Final residual = 3.0727905e-07, No Iterations 1
DILUPBiCGStab:  Solving for Uy, Initial residual = 0.0001058548, Final residual = 1.0782237e-06, No Iterations 1
DILUPBiCGStab:  Solving for Uz, Initial residual = 0.00010832927, Final residual = 4.2440151e-07, No Iterations 1
DILUPBiCGStab:  Solving for h, Initial residual = 6.6294485e-05, Final residual = 2.1543417e-07, No Iterations 1
Min/max T:139.8 508.40813
GAMG:  Solving for p_rgh, Initial residual = 3.8883237e-05, Final residual = 4.3833316e-07, No Iterations 100
time step continuity errors : sum local = 0.0037596857, global = -2.3702728e-05, cumulative = -2.3702728e-05
GAMG:  Solving for p_rgh, Initial residual = 1.1667311e-05, Final residual = 1.1612157e-07, No Iterations 66
time step continuity errors : sum local = 0.00099615403, global = -1.0456566e-05, cumulative = -3.4159295e-05
DILUPBiCGStab:  Solving for omega, Initial residual = 7.5208448e-06, Final residual = 3.1184076e-08, No Iterations 1
DILUPBiCGStab:  Solving for k, Initial residual = 9.5445859e-05, Final residual = 2.4405303e-07, No Iterations 1
ExecutionTime = 35.542027 s  ClockTime = 62 s

Region: fluid Courant Number mean: 6445.7869 max: 10095.214
Region: solid Diffusion Number mean: 5397.6312 max: 53365.575
Time = 5083s

PIMPLE: Iteration 1

Solving for solid region solid
DICPCG:  Solving for e, Initial residual = 0.00017922915, Final residual = 2.4562253e-06, No Iterations 2
Min/max T:363.15256 542.15474

Solving for fluid region fluid
DILUPBiCGStab:  Solving for Ux, Initial residual = 9.0935819e-05, Final residual = 3.0677258e-07, No Iterations 1
DILUPBiCGStab:  Solving for Uy, Initial residual = 0.00010581578, Final residual = 1.065349e-06, No Iterations 1
DILUPBiCGStab:  Solving for Uz, Initial residual = 0.00010840158, Final residual = 4.227972e-07, No Iterations 1
DILUPBiCGStab:  Solving for h, Initial residual = 6.6198011e-05, Final residual = 2.147437e-07, No Iterations 1
Min/max T:139.8 508.42835
GAMG:  Solving for p_rgh, Initial residual = 3.8983014e-05, Final residual = 4.4809985e-07, No Iterations 100
time step continuity errors : sum local = 0.0038436039, global = -2.686998e-05, cumulative = -2.686998e-05
GAMG:  Solving for p_rgh, Initial residual = 1.1654759e-05, Final residual = 1.129878e-07, No Iterations 70
time step continuity errors : sum local = 0.00096932211, global = -1.024869e-05, cumulative = -3.711867e-05
PIMPLE: Iteration 2

Solving for solid region solid
DICPCG:  Solving for e, Initial residual = 0.00017920513, Final residual = 2.4555365e-06, No Iterations 2
Min/max T:363.16942 542.17509

Solving for fluid region fluid
DILUPBiCGStab:  Solving for Ux, Initial residual = 9.1086324e-05, Final residual = 3.0725832e-07, No Iterations 1
DILUPBiCGStab:  Solving for Uy, Initial residual = 0.00010631572, Final residual = 1.0823897e-06, No Iterations 1
DILUPBiCGStab:  Solving for Uz, Initial residual = 0.00010836995, Final residual = 4.2401813e-07, No Iterations 1
DILUPBiCGStab:  Solving for h, Initial residual = 6.628447e-05, Final residual = 2.1539591e-07, No Iterations 1
Min/max T:139.8 508.44855
GAMG:  Solving for p_rgh, Initial residual = 3.8769919e-05, Final residual = 4.3179427e-07, No Iterations 100
time step continuity errors : sum local = 0.0037040714, global = -2.3484055e-05, cumulative = -2.3484055e-05
GAMG:  Solving for p_rgh, Initial residual = 1.1607329e-05, Final residual = 1.1528512e-07, No Iterations 66
time step continuity errors : sum local = 0.00098910479, global = -1.0127566e-05, cumulative = -3.3611621e-05
DILUPBiCGStab:  Solving for omega, Initial residual = 7.5198748e-06, Final residual = 3.1177961e-08, No Iterations 1
DILUPBiCGStab:  Solving for k, Initial residual = 9.544927e-05, Final residual = 2.4405905e-07, No Iterations 1
ExecutionTime = 36.039037 s  ClockTime = 63 s

Region: fluid Courant Number mean: 6446.1401 max: 10097.18
Region: solid Diffusion Number mean: 5397.6312 max: 53365.575
Time = 5084s

PIMPLE: Iteration 1

Solving for solid region solid
DICPCG:  Solving for e, Initial residual = 0.00017919126, Final residual = 2.4557009e-06, No Iterations 2
Min/max T:363.18627 542.19544

Solving for fluid region fluid
DILUPBiCGStab:  Solving for Ux, Initial residual = 9.0923319e-05, Final residual = 3.0672804e-07, No Iterations 1
DILUPBiCGStab:  Solving for Uy, Initial residual = 0.00010545791, Final residual = 1.056126e-06, No Iterations 1
DILUPBiCGStab:  Solving for Uz, Initial residual = 0.00010842849, Final residual = 4.1813835e-07, No Iterations 1
DILUPBiCGStab:  Solving for h, Initial residual = 6.6187999e-05, Final residual = 2.1470644e-07, No Iterations 1
Min/max T:139.8 508.46876
GAMG:  Solving for p_rgh, Initial residual = 3.9235195e-05, Final residual = 4.4417942e-07, No Iterations 100
time step continuity errors : sum local = 0.0038104609, global = -2.7008279e-05, cumulative = -2.7008279e-05
GAMG:  Solving for p_rgh, Initial residual = 1.1704179e-05, Final residual = 1.1274415e-07, No Iterations 70
time step continuity errors : sum local = 0.00096735353, global = -1.0329864e-05, cumulative = -3.7338143e-05
PIMPLE: Iteration 2

Solving for solid region solid
DICPCG:  Solving for e, Initial residual = 0.00017916725, Final residual = 2.4550125e-06, No Iterations 2
Min/max T:363.20313 542.21579

Solving for fluid region fluid
DILUPBiCGStab:  Solving for Ux, Initial residual = 9.1074358e-05, Final residual = 3.0721044e-07, No Iterations 1
DILUPBiCGStab:  Solving for Uy, Initial residual = 0.00010520865, Final residual = 1.0612865e-06, No Iterations 1
DILUPBiCGStab:  Solving for Uz, Initial residual = 0.00010837054, Final residual = 4.1898544e-07, No Iterations 1
DILUPBiCGStab:  Solving for h, Initial residual = 6.6274343e-05, Final residual = 2.153583e-07, No Iterations 1
Min/max T:139.8 508.48896
GAMG:  Solving for p_rgh, Initial residual = 3.8751616e-05, Final residual = 4.3643587e-07, No Iterations 100
time step continuity errors : sum local = 0.003744364, global = -2.383938e-05, cumulative = -2.383938e-05
GAMG:  Solving for p_rgh, Initial residual = 1.1607934e-05, Final residual = 1.0772315e-07, No Iterations 68
time step continuity errors : sum local = 0.0009243429, global = -9.3122581e-06, cumulative = -3.3151638e-05
DILUPBiCGStab:  Solving for omega, Initial residual = 7.5188977e-06, Final residual = 3.1172029e-08, No Iterations 1
DILUPBiCGStab:  Solving for k, Initial residual = 9.5452109e-05, Final residual = 2.4406281e-07, No Iterations 1
ExecutionTime = 36.483258 s  ClockTime = 63 s

Region: fluid Courant Number mean: 6446.4934 max: 10099.152
Region: solid Diffusion Number mean: 5397.6312 max: 53365.575
Time = 5085s

PIMPLE: Iteration 1

Solving for solid region solid
DICPCG:  Solving for e, Initial residual = 0.00017915338, Final residual = 2.4551767e-06, No Iterations 2
Min/max T:363.21998 542.23614

Solving for fluid region fluid
DILUPBiCGStab:  Solving for Ux, Initial residual = 9.0914215e-05, Final residual = 3.0668634e-07, No Iterations 1
DILUPBiCGStab:  Solving for Uy, Initial residual = 0.00010447605, Final residual = 1.0450595e-06, No Iterations 1
DILUPBiCGStab:  Solving for Uz, Initial residual = 0.00010844957, Final residual = 4.1897867e-07, No Iterations 1
DILUPBiCGStab:  Solving for h, Initial residual = 6.6177874e-05, Final residual = 2.14665e-07, No Iterations 1
Min/max T:139.8 508.50917
GAMG:  Solving for p_rgh, Initial residual = 3.8684726e-05, Final residual = 4.4957098e-07, No Iterations 100
time step continuity errors : sum local = 0.0038572026, global = -2.7379242e-05, cumulative = -2.7379242e-05
GAMG:  Solving for p_rgh, Initial residual = 1.1585022e-05, Final residual = 1.1350193e-07, No Iterations 70
time step continuity errors : sum local = 0.00097397899, global = -1.0076175e-05, cumulative = -3.7455417e-05
PIMPLE: Iteration 2

Solving for solid region solid
DICPCG:  Solving for e, Initial residual = 0.00017912938, Final residual = 2.4544885e-06, No Iterations 2
Min/max T:363.23682 542.25649

Solving for fluid region fluid
DILUPBiCGStab:  Solving for Ux, Initial residual = 9.1057617e-05, Final residual = 3.071477e-07, No Iterations 1
DILUPBiCGStab:  Solving for Uy, Initial residual = 0.00010475442, Final residual = 1.0622441e-06, No Iterations 1
DILUPBiCGStab:  Solving for Uz, Initial residual = 0.00010842852, Final residual = 4.1546557e-07, No Iterations 1
DILUPBiCGStab:  Solving for h, Initial residual = 6.6264129e-05, Final residual = 2.1531148e-07, No Iterations 1
Min/max T:139.8 508.52936
GAMG:  Solving for p_rgh, Initial residual = 3.8945006e-05, Final residual = 4.3373551e-07, No Iterations 100
time step continuity errors : sum local = 0.0037216642, global = -2.3278517e-05, cumulative = -2.3278517e-05
GAMG:  Solving for p_rgh, Initial residual = 1.1692265e-05, Final residual = 1.1466318e-07, No Iterations 66
time step continuity errors : sum local = 0.00098401561, global = -9.7652858e-06, cumulative = -3.3043803e-05
DILUPBiCGStab:  Solving for omega, Initial residual = 7.5180693e-06, Final residual = 3.1167215e-08, No Iterations 1
DILUPBiCGStab:  Solving for k, Initial residual = 9.5451726e-05, Final residual = 2.4406309e-07, No Iterations 1
ExecutionTime = 36.877522 s  ClockTime = 64 s

Region: fluid Courant Number mean: 6446.8467 max: 10101.126
Region: solid Diffusion Number mean: 5397.6312 max: 53365.575
Time = 5086s

PIMPLE: Iteration 1

Solving for solid region solid
DICPCG:  Solving for e, Initial residual = 0.00017911551, Final residual = 2.4546524e-06, No Iterations 2
Min/max T:363.25367 542.27683

Solving for fluid region fluid
DILUPBiCGStab:  Solving for Ux, Initial residual = 9.0884309e-05, Final residual = 3.0658231e-07, No Iterations 1
DILUPBiCGStab:  Solving for Uy, Initial residual = 0.00010479828, Final residual = 1.0493965e-06, No Iterations 1
DILUPBiCGStab:  Solving for Uz, Initial residual = 0.00010854943, Final residual = 4.0893158e-07, No Iterations 1
DILUPBiCGStab:  Solving for h, Initial residual = 6.6167712e-05, Final residual = 2.1461808e-07, No Iterations 1
Min/max T:139.8 508.54957
GAMG:  Solving for p_rgh, Initial residual = 3.8742121e-05, Final residual = 4.5096199e-07, No Iterations 100
time step continuity errors : sum local = 0.003869618, global = -2.697882e-05, cumulative = -2.697882e-05
GAMG:  Solving for p_rgh, Initial residual = 1.1627396e-05, Final residual = 1.1481376e-07, No Iterations 70
time step continuity errors : sum local = 0.00098535982, global = -1.0580154e-05, cumulative = -3.7558974e-05
PIMPLE: Iteration 2

Solving for solid region solid
DICPCG:  Solving for e, Initial residual = 0.00017909151, Final residual = 2.4539645e-06, No Iterations 2
Min/max T:363.27051 542.29717

Solving for fluid region fluid
DILUPBiCGStab:  Solving for Ux, Initial residual = 9.1039102e-05, Final residual = 3.0707969e-07, No Iterations 1
DILUPBiCGStab:  Solving for Uy, Initial residual = 0.00010514696, Final residual = 1.0640052e-06, No Iterations 1
DILUPBiCGStab:  Solving for Uz, Initial residual = 0.00010855046, Final residual = 4.0952201e-07, No Iterations 1
DILUPBiCGStab:  Solving for h, Initial residual = 6.6253871e-05, Final residual = 2.1526735e-07, No Iterations 1
Min/max T:139.8 508.56976
GAMG:  Solving for p_rgh, Initial residual = 3.8569164e-05, Final residual = 4.3699134e-07, No Iterations 100
time step continuity errors : sum local = 0.0037500728, global = -2.3819171e-05, cumulative = -2.3819171e-05
GAMG:  Solving for p_rgh, Initial residual = 1.1597367e-05, Final residual = 1.0843248e-07, No Iterations 68
time step continuity errors : sum local = 0.00093066452, global = -9.6697268e-06, cumulative = -3.3488898e-05
DILUPBiCGStab:  Solving for omega, Initial residual = 7.5171951e-06, Final residual = 3.1162316e-08, No Iterations 1
DILUPBiCGStab:  Solving for k, Initial residual = 9.545118e-05, Final residual = 2.4406215e-07, No Iterations 1
ExecutionTime = 37.268186 s  ClockTime = 64 s

Region: fluid Courant Number mean: 6447.2002 max: 10103.101
Region: solid Diffusion Number mean: 5397.6312 max: 53365.575
Time = 5087s

PIMPLE: Iteration 1

Solving for solid region solid
DICPCG:  Solving for e, Initial residual = 0.00017907763, Final residual = 2.4541282e-06, No Iterations 2
Min/max T:363.28735 542.31751

Solving for fluid region fluid
DILUPBiCGStab:  Solving for Ux, Initial residual = 9.0879774e-05, Final residual = 3.0655788e-07, No Iterations 1
DILUPBiCGStab:  Solving for Uy, Initial residual = 0.00010485656, Final residual = 1.0494967e-06, No Iterations 1
DILUPBiCGStab:  Solving for Uz, Initial residual = 0.0001085626, Final residual = 4.0656466e-07, No Iterations 1
DILUPBiCGStab:  Solving for h, Initial residual = 6.6157524e-05, Final residual = 2.1457953e-07, No Iterations 1
Min/max T:139.8 508.58996
GAMG:  Solving for p_rgh, Initial residual = 3.8953715e-05, Final residual = 4.4411474e-07, No Iterations 100
time step continuity errors : sum local = 0.0038113486, global = -2.6835048e-05, cumulative = -2.6835048e-05
GAMG:  Solving for p_rgh, Initial residual = 1.1653133e-05, Final residual = 1.1305684e-07, No Iterations 70
time step continuity errors : sum local = 0.00097040428, global = -1.0212503e-05, cumulative = -3.704755e-05
PIMPLE: Iteration 2

Solving for solid region solid
DICPCG:  Solving for e, Initial residual = 0.00017905364, Final residual = 2.4534406e-06, No Iterations 2
Min/max T:363.30419 542.33785

Solving for fluid region fluid
DILUPBiCGStab:  Solving for Ux, Initial residual = 9.102126e-05, Final residual = 3.0701476e-07, No Iterations 1
DILUPBiCGStab:  Solving for Uy, Initial residual = 0.00010580814, Final residual = 1.0780047e-06, No Iterations 1
DILUPBiCGStab:  Solving for Uz, Initial residual = 0.00010851014, Final residual = 4.0708552e-07, No Iterations 1
DILUPBiCGStab:  Solving for h, Initial residual = 6.6243606e-05, Final residual = 2.1522885e-07, No Iterations 1
Min/max T:139.8 508.61015
GAMG:  Solving for p_rgh, Initial residual = 3.8764214e-05, Final residual = 4.3784685e-07, No Iterations 100
time step continuity errors : sum local = 0.0037578881, global = -2.3833057e-05, cumulative = -2.3833057e-05
GAMG:  Solving for p_rgh, Initial residual = 1.1632162e-05, Final residual = 1.0912864e-07, No Iterations 68
time step continuity errors : sum local = 0.00093675718, global = -9.4637316e-06, cumulative = -3.3296789e-05
DILUPBiCGStab:  Solving for omega, Initial residual = 7.5163237e-06, Final residual = 3.1157491e-08, No Iterations 1
DILUPBiCGStab:  Solving for k, Initial residual = 9.5449757e-05, Final residual = 2.4405934e-07, No Iterations 1
ExecutionTime = 37.651063 s  ClockTime = 64 s

Region: fluid Courant Number mean: 6447.5537 max: 10105.076
Region: solid Diffusion Number mean: 5397.6312 max: 53365.575
Time = 5088s

PIMPLE: Iteration 1

Solving for solid region solid
DICPCG:  Solving for e, Initial residual = 0.00017903976, Final residual = 2.4536041e-06, No Iterations 2
Min/max T:363.32102 542.35819

Solving for fluid region fluid
DILUPBiCGStab:  Solving for Ux, Initial residual = 9.0866606e-05, Final residual = 3.0651428e-07, No Iterations 1
DILUPBiCGStab:  Solving for Uy, Initial residual = 0.00010563944, Final residual = 1.0663135e-06, No Iterations 1
DILUPBiCGStab:  Solving for Uz, Initial residual = 0.00010853211, Final residual = 4.0691743e-07, No Iterations 1
DILUPBiCGStab:  Solving for h, Initial residual = 6.6147324e-05, Final residual = 2.1454283e-07, No Iterations 1
Min/max T:139.8 508.63035
GAMG:  Solving for p_rgh, Initial residual = 3.862897e-05, Final residual = 4.4789262e-07, No Iterations 100
time step continuity errors : sum local = 0.0038442549, global = -2.7520237e-05, cumulative = -2.7520237e-05
GAMG:  Solving for p_rgh, Initial residual = 1.1601616e-05, Final residual = 1.1438418e-07, No Iterations 70
time step continuity errors : sum local = 0.00098192273, global = -1.0478191e-05, cumulative = -3.7998427e-05
PIMPLE: Iteration 2

Solving for solid region solid
DICPCG:  Solving for e, Initial residual = 0.00017901577, Final residual = 2.4529169e-06, No Iterations 2
Min/max T:363.33785 542.37852

Solving for fluid region fluid
DILUPBiCGStab:  Solving for Ux, Initial residual = 9.1017083e-05, Final residual = 3.0699729e-07, No Iterations 1
DILUPBiCGStab:  Solving for Uy, Initial residual = 0.00010606766, Final residual = 1.0832709e-06, No Iterations 1
DILUPBiCGStab:  Solving for Uz, Initial residual = 0.00010849012, Final residual = 4.0743365e-07, No Iterations 1
DILUPBiCGStab:  Solving for h, Initial residual = 6.6233334e-05, Final residual = 2.1519043e-07, No Iterations 1
Min/max T:139.8 508.65053
GAMG:  Solving for p_rgh, Initial residual = 3.899008e-05, Final residual = 4.3735702e-07, No Iterations 100
time step continuity errors : sum local = 0.0037541606, global = -2.3832621e-05, cumulative = -2.3832621e-05
GAMG:  Solving for p_rgh, Initial residual = 1.1745286e-05, Final residual = 1.0892458e-07, No Iterations 68
time step continuity errors : sum local = 0.00093512212, global = -9.3085643e-06, cumulative = -3.3141186e-05
DILUPBiCGStab:  Solving for omega, Initial residual = 7.5154014e-06, Final residual = 3.1150362e-08, No Iterations 1
DILUPBiCGStab:  Solving for k, Initial residual = 9.5449098e-05, Final residual = 2.4405683e-07, No Iterations 1
ExecutionTime = 37.986486 s  ClockTime = 65 s

Region: fluid Courant Number mean: 6447.9073 max: 10107.067
Region: solid Diffusion Number mean: 5397.6312 max: 53365.575
Time = 5089s

PIMPLE: Iteration 1

Solving for solid region solid
DICPCG:  Solving for e, Initial residual = 0.0001790019, Final residual = 2.4530799e-06, No Iterations 2
Min/max T:363.35468 542.39885

Solving for fluid region fluid
DILUPBiCGStab:  Solving for Ux, Initial residual = 9.0854635e-05, Final residual = 3.0647028e-07, No Iterations 1
DILUPBiCGStab:  Solving for Uy, Initial residual = 0.000105821, Final residual = 1.0632484e-06, No Iterations 1
DILUPBiCGStab:  Solving for Uz, Initial residual = 0.00010832255, Final residual = 3.9935946e-07, No Iterations 1
DILUPBiCGStab:  Solving for h, Initial residual = 6.6137076e-05, Final residual = 2.1450482e-07, No Iterations 1
Min/max T:139.8 508.67072
GAMG:  Solving for p_rgh, Initial residual = 3.9169323e-05, Final residual = 4.4962798e-07, No Iterations 100
time step continuity errors : sum local = 0.003859633, global = -2.7419572e-05, cumulative = -2.7419572e-05
GAMG:  Solving for p_rgh, Initial residual = 1.1724802e-05, Final residual = 1.1517243e-07, No Iterations 70
time step continuity errors : sum local = 0.00098881188, global = -1.0440676e-05, cumulative = -3.7860248e-05
PIMPLE: Iteration 2

Solving for solid region solid
DICPCG:  Solving for e, Initial residual = 0.00017897791, Final residual = 2.4523931e-06, No Iterations 2
Min/max T:363.37151 542.41918

Solving for fluid region fluid
DILUPBiCGStab:  Solving for Ux, Initial residual = 9.1000546e-05, Final residual = 3.0693509e-07, No Iterations 1
DILUPBiCGStab:  Solving for Uy, Initial residual = 0.00010547594, Final residual = 1.0803041e-06, No Iterations 1
DILUPBiCGStab:  Solving for Uz, Initial residual = 0.00010770958, Final residual = 4.015078e-07, No Iterations 1
DILUPBiCGStab:  Solving for h, Initial residual = 6.6222506e-05, Final residual = 2.1514937e-07, No Iterations 1
Min/max T:139.8 508.6909
GAMG:  Solving for p_rgh, Initial residual = 3.8727164e-05, Final residual = 4.4183604e-07, No Iterations 100
time step continuity errors : sum local = 0.0037930841, global = -2.3639919e-05, cumulative = -2.3639919e-05
GAMG:  Solving for p_rgh, Initial residual = 1.1654664e-05, Final residual = 1.0950537e-07, No Iterations 68
time step continuity errors : sum local = 0.00094022825, global = -9.3742821e-06, cumulative = -3.3014201e-05
DILUPBiCGStab:  Solving for omega, Initial residual = 7.5138393e-06, Final residual = 3.1144465e-08, No Iterations 1
DILUPBiCGStab:  Solving for k, Initial residual = 9.5448022e-05, Final residual = 2.4405528e-07, No Iterations 1
ExecutionTime = 38.343788 s  ClockTime = 65 s

Region: fluid Courant Number mean: 6448.2606 max: 10108.996
Region: solid Diffusion Number mean: 5397.6312 max: 53365.575
Time = 5090s

PIMPLE: Iteration 1

Solving for solid region solid
DICPCG:  Solving for e, Initial residual = 0.00017896404, Final residual = 2.452556e-06, No Iterations 2
Min/max T:363.38834 542.43951

Solving for fluid region fluid
DILUPBiCGStab:  Solving for Ux, Initial residual = 9.084384e-05, Final residual = 3.0642271e-07, No Iterations 1
DILUPBiCGStab:  Solving for Uy, Initial residual = 0.00010475018, Final residual = 1.0675212e-06, No Iterations 1
DILUPBiCGStab:  Solving for Uz, Initial residual = 0.00010767282, Final residual = 4.0158673e-07, No Iterations 1
DILUPBiCGStab:  Solving for h, Initial residual = 6.6126175e-05, Final residual = 2.1446423e-07, No Iterations 1
Min/max T:139.8 508.71109
GAMG:  Solving for p_rgh, Initial residual = 3.8907356e-05, Final residual = 4.4795685e-07, No Iterations 100
time step continuity errors : sum local = 0.0038457782, global = -2.73732e-05, cumulative = -2.73732e-05
GAMG:  Solving for p_rgh, Initial residual = 1.1692764e-05, Final residual = 1.1448398e-07, No Iterations 70
time step continuity errors : sum local = 0.00098302633, global = -1.0369602e-05, cumulative = -3.7742802e-05
PIMPLE: Iteration 2

Solving for solid region solid
DICPCG:  Solving for e, Initial residual = 0.00017894006, Final residual = 2.4518694e-06, No Iterations 2
Min/max T:363.40516 542.45983

Solving for fluid region fluid
DILUPBiCGStab:  Solving for Ux, Initial residual = 9.0988209e-05, Final residual = 3.0688419e-07, No Iterations 1
DILUPBiCGStab:  Solving for Uy, Initial residual = 0.0001057744, Final residual = 1.0862142e-06, No Iterations 1
DILUPBiCGStab:  Solving for Uz, Initial residual = 0.00010771299, Final residual = 4.0245011e-07, No Iterations 1
DILUPBiCGStab:  Solving for h, Initial residual = 6.6211907e-05, Final residual = 2.1511265e-07, No Iterations 1
Min/max T:139.8 508.73126
GAMG:  Solving for p_rgh, Initial residual = 3.8695493e-05, Final residual = 4.3847418e-07, No Iterations 100
time step continuity errors : sum local = 0.0037646993, global = -2.3945805e-05, cumulative = -2.3945805e-05
GAMG:  Solving for p_rgh, Initial residual = 1.1643311e-05, Final residual = 1.0875973e-07, No Iterations 68
time step continuity errors : sum local = 0.0009339441, global = -9.3986526e-06, cumulative = -3.3344458e-05
DILUPBiCGStab:  Solving for omega, Initial residual = 7.5125174e-06, Final residual = 3.1138529e-08, No Iterations 1
DILUPBiCGStab:  Solving for k, Initial residual = 9.5446816e-05, Final residual = 2.4405403e-07, No Iterations 1
ExecutionTime = 38.679848 s  ClockTime = 66 s

Region: fluid Courant Number mean: 6448.614 max: 10110.938
Region: solid Diffusion Number mean: 5397.6312 max: 53365.575
Time = 5091s

PIMPLE: Iteration 1

Solving for solid region solid
DICPCG:  Solving for e, Initial residual = 0.00017892618, Final residual = 2.452032e-06, No Iterations 2
Min/max T:363.42198 542.48016

Solving for fluid region fluid
DILUPBiCGStab:  Solving for Ux, Initial residual = 9.0829654e-05, Final residual = 3.0636624e-07, No Iterations 1
DILUPBiCGStab:  Solving for Uy, Initial residual = 0.0001049715, Final residual = 1.0705907e-06, No Iterations 1
DILUPBiCGStab:  Solving for Uz, Initial residual = 0.00010773084, Final residual = 4.0149654e-07, No Iterations 1
DILUPBiCGStab:  Solving for h, Initial residual = 6.6115772e-05, Final residual = 2.1442925e-07, No Iterations 1
Min/max T:139.8 508.75145
GAMG:  Solving for p_rgh, Initial residual = 3.9269909e-05, Final residual = 4.4509129e-07, No Iterations 100
time step continuity errors : sum local = 0.0038216589, global = -2.6885899e-05, cumulative = -2.6885899e-05
GAMG:  Solving for p_rgh, Initial residual = 1.1770794e-05, Final residual = 1.1374498e-07, No Iterations 70
time step continuity errors : sum local = 0.00097680286, global = -1.0300765e-05, cumulative = -3.7186664e-05
PIMPLE: Iteration 2

Solving for solid region solid
DICPCG:  Solving for e, Initial residual = 0.0001789022, Final residual = 2.4513458e-06, No Iterations 2
Min/max T:363.4388 542.50048

Solving for fluid region fluid
DILUPBiCGStab:  Solving for Ux, Initial residual = 9.0971255e-05, Final residual = 3.0682088e-07, No Iterations 1
DILUPBiCGStab:  Solving for Uy, Initial residual = 0.00010575945, Final residual = 1.0844747e-06, No Iterations 1
DILUPBiCGStab:  Solving for Uz, Initial residual = 0.00010763512, Final residual = 3.9961948e-07, No Iterations 1
DILUPBiCGStab:  Solving for h, Initial residual = 6.6201518e-05, Final residual = 2.1507829e-07, No Iterations 1
Min/max T:139.8 508.77162
GAMG:  Solving for p_rgh, Initial residual = 3.8465707e-05, Final residual = 4.3530921e-07, No Iterations 100
time step continuity errors : sum local = 0.003737995, global = -2.3672455e-05, cumulative = -2.3672455e-05
GAMG:  Solving for p_rgh, Initial residual = 1.1598635e-05, Final residual = 1.0840873e-07, No Iterations 68
time step continuity errors : sum local = 0.00093104666, global = -9.2561914e-06, cumulative = -3.2928646e-05
DILUPBiCGStab:  Solving for omega, Initial residual = 7.5112515e-06, Final residual = 3.1133312e-08, No Iterations 1
DILUPBiCGStab:  Solving for k, Initial residual = 9.5444372e-05, Final residual = 2.440503e-07, No Iterations 1
ExecutionTime = 39.060799 s  ClockTime = 66 s

Region: fluid Courant Number mean: 6448.9674 max: 10112.878
Region: solid Diffusion Number mean: 5397.6312 max: 53365.575
Time = 5092s

PIMPLE: Iteration 1

Solving for solid region solid
DICPCG:  Solving for e, Initial residual = 0.00017888832, Final residual = 2.4515081e-06, No Iterations 2
Min/max T:363.45561 542.5208

Solving for fluid region fluid
DILUPBiCGStab:  Solving for Ux, Initial residual = 9.0808028e-05, Final residual = 3.062887e-07, No Iterations 1
DILUPBiCGStab:  Solving for Uy, Initial residual = 0.00010506675, Final residual = 1.0669089e-06, No Iterations 1
DILUPBiCGStab:  Solving for Uz, Initial residual = 0.0001075899, Final residual = 3.966194e-07, No Iterations 1
DILUPBiCGStab:  Solving for h, Initial residual = 6.6105503e-05, Final residual = 2.1439378e-07, No Iterations 1
Min/max T:139.8 508.7918
GAMG:  Solving for p_rgh, Initial residual = 3.9001036e-05, Final residual = 4.4669548e-07, No Iterations 100
time step continuity errors : sum local = 0.0038359139, global = -2.7199199e-05, cumulative = -2.7199199e-05
GAMG:  Solving for p_rgh, Initial residual = 1.1674832e-05, Final residual = 1.1431733e-07, No Iterations 70
time step continuity errors : sum local = 0.00098184222, global = -1.0346185e-05, cumulative = -3.7545384e-05
PIMPLE: Iteration 2

Solving for solid region solid
DICPCG:  Solving for e, Initial residual = 0.00017886435, Final residual = 2.4508223e-06, No Iterations 2
Min/max T:363.47242 542.54112

Solving for fluid region fluid
DILUPBiCGStab:  Solving for Ux, Initial residual = 9.0951747e-05, Final residual = 3.0675062e-07, No Iterations 1
DILUPBiCGStab:  Solving for Uy, Initial residual = 0.00010435005, Final residual = 1.0649905e-06, No Iterations 1
DILUPBiCGStab:  Solving for Uz, Initial residual = 0.00010753409, Final residual = 4.0317382e-07, No Iterations 1
DILUPBiCGStab:  Solving for h, Initial residual = 6.6191226e-05, Final residual = 2.150417e-07, No Iterations 1
Min/max T:139.8 508.81197
GAMG:  Solving for p_rgh, Initial residual = 3.8400014e-05, Final residual = 4.3804832e-07, No Iterations 100
time step continuity errors : sum local = 0.0037619932, global = -2.398695e-05, cumulative = -2.398695e-05
GAMG:  Solving for p_rgh, Initial residual = 1.1565963e-05, Final residual = 1.0975655e-07, No Iterations 68
time step continuity errors : sum local = 0.0009427426, global = -9.5659026e-06, cumulative = -3.3552853e-05
DILUPBiCGStab:  Solving for omega, Initial residual = 7.5100278e-06, Final residual = 3.1127967e-08, No Iterations 1
DILUPBiCGStab:  Solving for k, Initial residual = 9.5441502e-05, Final residual = 2.4404462e-07, No Iterations 1
ExecutionTime = 39.421654 s  ClockTime = 66 s

Region: fluid Courant Number mean: 6449.3208 max: 10114.815
Region: solid Diffusion Number mean: 5397.6312 max: 53365.575
Time = 5093s

PIMPLE: Iteration 1

Solving for solid region solid
DICPCG:  Solving for e, Initial residual = 0.00017885047, Final residual = 2.4509843e-06, No Iterations 2
Min/max T:363.48923 542.56144

Solving for fluid region fluid
DILUPBiCGStab:  Solving for Ux, Initial residual = 9.0795498e-05, Final residual = 3.062414e-07, No Iterations 1
DILUPBiCGStab:  Solving for Uy, Initial residual = 0.00010361689, Final residual = 1.0505341e-06, No Iterations 1
DILUPBiCGStab:  Solving for Uz, Initial residual = 0.00010751165, Final residual = 4.0193596e-07, No Iterations 1
DILUPBiCGStab:  Solving for h, Initial residual = 6.6095335e-05, Final residual = 2.1435484e-07, No Iterations 1
Min/max T:139.8 508.83215
GAMG:  Solving for p_rgh, Initial residual = 3.8651589e-05, Final residual = 4.4888482e-07, No Iterations 100
time step continuity errors : sum local = 0.00385521, global = -2.768409e-05, cumulative = -2.768409e-05
GAMG:  Solving for p_rgh, Initial residual = 1.163259e-05, Final residual = 1.155313e-07, No Iterations 70
time step continuity errors : sum local = 0.00099239732, global = -1.0557908e-05, cumulative = -3.8241998e-05
PIMPLE: Iteration 2

Solving for solid region solid
DICPCG:  Solving for e, Initial residual = 0.00017882651, Final residual = 2.4502988e-06, No Iterations 2
Min/max T:363.50604 542.58175

Solving for fluid region fluid
DILUPBiCGStab:  Solving for Ux, Initial residual = 9.0945401e-05, Final residual = 3.0671971e-07, No Iterations 1
DILUPBiCGStab:  Solving for Uy, Initial residual = 0.0001043516, Final residual = 1.066488e-06, No Iterations 1
DILUPBiCGStab:  Solving for Uz, Initial residual = 0.00010745486, Final residual = 4.0242108e-07, No Iterations 1
DILUPBiCGStab:  Solving for h, Initial residual = 6.6181037e-05, Final residual = 2.1500226e-07, No Iterations 1
Min/max T:139.8 508.85231
GAMG:  Solving for p_rgh, Initial residual = 3.8426694e-05, Final residual = 4.3858081e-07, No Iterations 100
time step continuity errors : sum local = 0.0037670554, global = -2.4074601e-05, cumulative = -2.4074601e-05
GAMG:  Solving for p_rgh, Initial residual = 1.1593265e-05, Final residual = 1.0891788e-07, No Iterations 68
time step continuity errors : sum local = 0.00093565985, global = -9.5157232e-06, cumulative = -3.3590324e-05
DILUPBiCGStab:  Solving for omega, Initial residual = 7.5088637e-06, Final residual = 3.1122819e-08, No Iterations 1
DILUPBiCGStab:  Solving for k, Initial residual = 9.5439476e-05, Final residual = 2.4403968e-07, No Iterations 1
ExecutionTime = 39.76437 s  ClockTime = 67 s

Region: fluid Courant Number mean: 6449.6743 max: 10116.75
Region: solid Diffusion Number mean: 5397.6312 max: 53365.575
Time = 5094s

PIMPLE: Iteration 1

Solving for solid region solid
DICPCG:  Solving for e, Initial residual = 0.00017881263, Final residual = 2.4504604e-06, No Iterations 2
Min/max T:363.52284 542.60206

Solving for fluid region fluid
DILUPBiCGStab:  Solving for Ux, Initial residual = 9.0785106e-05, Final residual = 3.0619676e-07, No Iterations 1
DILUPBiCGStab:  Solving for Uy, Initial residual = 0.00010372066, Final residual = 1.0530681e-06, No Iterations 1
DILUPBiCGStab:  Solving for Uz, Initial residual = 0.00010744278, Final residual = 4.0042017e-07, No Iterations 1
DILUPBiCGStab:  Solving for h, Initial residual = 6.6085313e-05, Final residual = 2.1431703e-07, No Iterations 1
Min/max T:139.8 508.87249
GAMG:  Solving for p_rgh, Initial residual = 3.8845298e-05, Final residual = 4.4478136e-07, No Iterations 100
time step continuity errors : sum local = 0.00382046, global = -2.7099431e-05, cumulative = -2.7099431e-05
GAMG:  Solving for p_rgh, Initial residual = 1.1673833e-05, Final residual = 1.1408019e-07, No Iterations 70
time step continuity errors : sum local = 0.00098005585, global = -1.0364664e-05, cumulative = -3.7464095e-05
PIMPLE: Iteration 2

Solving for solid region solid
DICPCG:  Solving for e, Initial residual = 0.00017878867, Final residual = 2.4497752e-06, No Iterations 2
Min/max T:363.53965 542.62237

Solving for fluid region fluid
DILUPBiCGStab:  Solving for Ux, Initial residual = 9.0924638e-05, Final residual = 3.0664226e-07, No Iterations 1
DILUPBiCGStab:  Solving for Uy, Initial residual = 0.00010460545, Final residual = 1.0718202e-06, No Iterations 1
DILUPBiCGStab:  Solving for Uz, Initial residual = 0.00010737842, Final residual = 3.997242e-07, No Iterations 1
DILUPBiCGStab:  Solving for h, Initial residual = 6.6170986e-05, Final residual = 2.1496406e-07, No Iterations 1
Min/max T:139.8 508.89265
GAMG:  Solving for p_rgh, Initial residual = 3.8246204e-05, Final residual = 4.39169e-07, No Iterations 100
time step continuity errors : sum local = 0.0037725852, global = -2.4122884e-05, cumulative = -2.4122884e-05
GAMG:  Solving for p_rgh, Initial residual = 1.151476e-05, Final residual = 1.0973536e-07, No Iterations 68
time step continuity errors : sum local = 0.00094280271, global = -9.6373647e-06, cumulative = -3.3760249e-05
DILUPBiCGStab:  Solving for omega, Initial residual = 7.5078145e-06, Final residual = 3.1117916e-08, No Iterations 1
DILUPBiCGStab:  Solving for k, Initial residual = 9.5437303e-05, Final residual = 2.4403492e-07, No Iterations 1
ExecutionTime = 40.131364 s  ClockTime = 67 s

Region: fluid Courant Number mean: 6450.0279 max: 10118.684
Region: solid Diffusion Number mean: 5397.6312 max: 53365.575
Time = 5095s

PIMPLE: Iteration 1

Solving for solid region solid
DICPCG:  Solving for e, Initial residual = 0.00017877478, Final residual = 2.4499369e-06, No Iterations 2
Min/max T:363.55645 542.64268

Solving for fluid region fluid
DILUPBiCGStab:  Solving for Ux, Initial residual = 9.0772499e-05, Final residual = 3.0614661e-07, No Iterations 1
DILUPBiCGStab:  Solving for Uy, Initial residual = 0.00010416785, Final residual = 1.0591079e-06, No Iterations 1
DILUPBiCGStab:  Solving for Uz, Initial residual = 0.00010736557, Final residual = 3.9889504e-07, No Iterations 1
DILUPBiCGStab:  Solving for h, Initial residual = 6.6075329e-05, Final residual = 2.1427419e-07, No Iterations 1
Min/max T:139.8 508.91282
GAMG:  Solving for p_rgh, Initial residual = 3.8584864e-05, Final residual = 4.5241016e-07, No Iterations 100
time step continuity errors : sum local = 0.0038864836, global = -2.7988326e-05, cumulative = -2.7988326e-05
GAMG:  Solving for p_rgh, Initial residual = 1.1602208e-05, Final residual = 1.1560325e-07, No Iterations 70
time step continuity errors : sum local = 0.0009932709, global = -1.0662592e-05, cumulative = -3.8650918e-05
PIMPLE: Iteration 2

Solving for solid region solid
DICPCG:  Solving for e, Initial residual = 0.00017875083, Final residual = 2.449252e-06, No Iterations 2
Min/max T:363.57324 542.66299

Solving for fluid region fluid
DILUPBiCGStab:  Solving for Ux, Initial residual = 9.0929842e-05, Final residual = 3.0664993e-07, No Iterations 1
DILUPBiCGStab:  Solving for Uy, Initial residual = 0.00010501069, Final residual = 1.0755915e-06, No Iterations 1
DILUPBiCGStab:  Solving for Uz, Initial residual = 0.00010728997, Final residual = 4.0052647e-07, No Iterations 1
DILUPBiCGStab:  Solving for h, Initial residual = 6.6160954e-05, Final residual = 2.1491538e-07, No Iterations 1
Min/max T:139.8 508.93297
GAMG:  Solving for p_rgh, Initial residual = 3.8664075e-05, Final residual = 4.3923233e-07, No Iterations 100
time step continuity errors : sum local = 0.0037736189, global = -2.4197081e-05, cumulative = -2.4197081e-05
GAMG:  Solving for p_rgh, Initial residual = 1.1638847e-05, Final residual = 1.0950212e-07, No Iterations 68
time step continuity errors : sum local = 0.0009409204, global = -9.532426e-06, cumulative = -3.3729507e-05
DILUPBiCGStab:  Solving for omega, Initial residual = 7.5067963e-06, Final residual = 3.1113216e-08, No Iterations 1
DILUPBiCGStab:  Solving for k, Initial residual = 9.5438078e-05, Final residual = 2.4403431e-07, No Iterations 1
ExecutionTime = 40.47339 s  ClockTime = 67 s

Region: fluid Courant Number mean: 6450.3815 max: 10120.618
Region: solid Diffusion Number mean: 5397.6312 max: 53365.575
Time = 5096s

PIMPLE: Iteration 1

Solving for solid region solid
DICPCG:  Solving for e, Initial residual = 0.00017873694, Final residual = 2.4494132e-06, No Iterations 2
Min/max T:363.59004 542.68329

Solving for fluid region fluid
DILUPBiCGStab:  Solving for Ux, Initial residual = 9.0776854e-05, Final residual = 3.061557e-07, No Iterations 1
DILUPBiCGStab:  Solving for Uy, Initial residual = 0.00010443428, Final residual = 1.0615561e-06, No Iterations 1
DILUPBiCGStab:  Solving for Uz, Initial residual = 0.00010728296, Final residual = 4.0142972e-07, No Iterations 1
DILUPBiCGStab:  Solving for h, Initial residual = 6.6065465e-05, Final residual = 2.1422928e-07, No Iterations 1
Min/max T:139.8 508.95314
GAMG:  Solving for p_rgh, Initial residual = 3.866382e-05, Final residual = 4.4909656e-07, No Iterations 100
time step continuity errors : sum local = 0.0038585166, global = -2.7480299e-05, cumulative = -2.7480299e-05
GAMG:  Solving for p_rgh, Initial residual = 1.1618856e-05, Final residual = 1.1531379e-07, No Iterations 70
time step continuity errors : sum local = 0.00099090992, global = -1.0474145e-05, cumulative = -3.7954445e-05
PIMPLE: Iteration 2

Solving for solid region solid
DICPCG:  Solving for e, Initial residual = 0.00017871299, Final residual = 2.4487286e-06, No Iterations 2
Min/max T:363.60683 542.70359

Solving for fluid region fluid
DILUPBiCGStab:  Solving for Ux, Initial residual = 9.0923363e-05, Final residual = 3.0662885e-07, No Iterations 1
DILUPBiCGStab:  Solving for Uy, Initial residual = 0.0001052113, Final residual = 1.0762779e-06, No Iterations 1
DILUPBiCGStab:  Solving for Uz, Initial residual = 0.00010727926, Final residual = 4.042491e-07, No Iterations 1
DILUPBiCGStab:  Solving for h, Initial residual = 6.6151066e-05, Final residual = 2.1487172e-07, No Iterations 1
Min/max T:139.8 508.97329
GAMG:  Solving for p_rgh, Initial residual = 3.8132983e-05, Final residual = 4.3681976e-07, No Iterations 100
time step continuity errors : sum local = 0.0037533717, global = -2.3361781e-05, cumulative = -2.3361781e-05
GAMG:  Solving for p_rgh, Initial residual = 1.1450047e-05, Final residual = 1.0700367e-07, No Iterations 68
time step continuity errors : sum local = 0.00091956776, global = -9.3046144e-06, cumulative = -3.2666396e-05
DILUPBiCGStab:  Solving for omega, Initial residual = 7.5059615e-06, Final residual = 3.1108346e-08, No Iterations 1
DILUPBiCGStab:  Solving for k, Initial residual = 9.543814e-05, Final residual = 2.4403244e-07, No Iterations 1
ExecutionTime = 40.880832 s  ClockTime = 68 s

Region: fluid Courant Number mean: 6450.7352 max: 10122.552
Region: solid Diffusion Number mean: 5397.6312 max: 53365.575
Time = 5097s

PIMPLE: Iteration 1

Solving for solid region solid
DICPCG:  Solving for e, Initial residual = 0.0001786991, Final residual = 2.4488897e-06, No Iterations 2
Min/max T:363.62362 542.72389

Solving for fluid region fluid
DILUPBiCGStab:  Solving for Ux, Initial residual = 9.0754857e-05, Final residual = 3.06084e-07, No Iterations 1
DILUPBiCGStab:  Solving for Uy, Initial residual = 0.00010424289, Final residual = 1.0662947e-06, No Iterations 1
DILUPBiCGStab:  Solving for Uz, Initial residual = 0.00010728507, Final residual = 4.037568e-07, No Iterations 1
DILUPBiCGStab:  Solving for h, Initial residual = 6.6055673e-05, Final residual = 2.1419121e-07, No Iterations 1
Min/max T:139.8 508.99345
GAMG:  Solving for p_rgh, Initial residual = 3.8362144e-05, Final residual = 4.5024621e-07, No Iterations 100
time step continuity errors : sum local = 0.0038688808, global = -2.7383331e-05, cumulative = -2.7383331e-05
GAMG:  Solving for p_rgh, Initial residual = 1.147179e-05, Final residual = 1.1441835e-07, No Iterations 70
time step continuity errors : sum local = 0.00098333942, global = -1.0548421e-05, cumulative = -3.7931752e-05
PIMPLE: Iteration 2

Solving for solid region solid
DICPCG:  Solving for e, Initial residual = 0.00017867516, Final residual = 2.4482054e-06, No Iterations 2
Min/max T:363.64041 542.74419

Solving for fluid region fluid
DILUPBiCGStab:  Solving for Ux, Initial residual = 9.090424e-05, Final residual = 3.0656159e-07, No Iterations 1
DILUPBiCGStab:  Solving for Uy, Initial residual = 0.00010571908, Final residual = 1.0963147e-06, No Iterations 1
DILUPBiCGStab:  Solving for Uz, Initial residual = 0.00010722549, Final residual = 4.027519e-07, No Iterations 1
DILUPBiCGStab:  Solving for h, Initial residual = 6.6141211e-05, Final residual = 2.1483066e-07, No Iterations 1
Min/max T:139.8 509.0136
GAMG:  Solving for p_rgh, Initial residual = 3.8051995e-05, Final residual = 4.3744216e-07, No Iterations 100
time step continuity errors : sum local = 0.0037591937, global = -2.4212191e-05, cumulative = -2.4212191e-05
GAMG:  Solving for p_rgh, Initial residual = 1.1429212e-05, Final residual = 1.095266e-07, No Iterations 68
time step continuity errors : sum local = 0.00094136906, global = -9.6105469e-06, cumulative = -3.3822737e-05
DILUPBiCGStab:  Solving for omega, Initial residual = 7.5050967e-06, Final residual = 3.1103115e-08, No Iterations 1
DILUPBiCGStab:  Solving for k, Initial residual = 9.5438326e-05, Final residual = 2.4403032e-07, No Iterations 1
ExecutionTime = 41.318416 s  ClockTime = 68 s

Region: fluid Courant Number mean: 6451.089 max: 10124.5
Region: solid Diffusion Number mean: 5397.6312 max: 53365.575
Time = 5098s

PIMPLE: Iteration 1

Solving for solid region solid
DICPCG:  Solving for e, Initial residual = 0.00017866127, Final residual = 2.4483665e-06, No Iterations 2
Min/max T:363.65719 542.76449

Solving for fluid region fluid
DILUPBiCGStab:  Solving for Ux, Initial residual = 9.0749219e-05, Final residual = 3.0605542e-07, No Iterations 1
DILUPBiCGStab:  Solving for Uy, Initial residual = 0.00010508501, Final residual = 1.082456e-06, No Iterations 1
DILUPBiCGStab:  Solving for Uz, Initial residual = 0.00010716853, Final residual = 3.9980594e-07, No Iterations 1
DILUPBiCGStab:  Solving for h, Initial residual = 6.6045793e-05, Final residual = 2.1414688e-07, No Iterations 1
Min/max T:139.8 509.03376
GAMG:  Solving for p_rgh, Initial residual = 3.8107042e-05, Final residual = 4.4843022e-07, No Iterations 100
time step continuity errors : sum local = 0.0038537687, global = -2.7155372e-05, cumulative = -2.7155372e-05
GAMG:  Solving for p_rgh, Initial residual = 1.1399934e-05, Final residual = 1.1380758e-07, No Iterations 70
time step continuity errors : sum local = 0.00097821617, global = -1.0468183e-05, cumulative = -3.7623555e-05
PIMPLE: Iteration 2

Solving for solid region solid
DICPCG:  Solving for e, Initial residual = 0.00017863734, Final residual = 2.4476824e-06, No Iterations 2
Min/max T:363.67397 542.78478

Solving for fluid region fluid
DILUPBiCGStab:  Solving for Ux, Initial residual = 9.0894139e-05, Final residual = 3.0651601e-07, No Iterations 1
DILUPBiCGStab:  Solving for Uy, Initial residual = 0.00010564495, Final residual = 1.0990818e-06, No Iterations 1
DILUPBiCGStab:  Solving for Uz, Initial residual = 0.00010666438, Final residual = 4.025113e-07, No Iterations 1
DILUPBiCGStab:  Solving for h, Initial residual = 6.6130896e-05, Final residual = 2.1478253e-07, No Iterations 1
Min/max T:139.8 509.0539
GAMG:  Solving for p_rgh, Initial residual = 3.7908203e-05, Final residual = 4.3696195e-07, No Iterations 100
time step continuity errors : sum local = 0.0037555469, global = -2.3852129e-05, cumulative = -2.3852129e-05
GAMG:  Solving for p_rgh, Initial residual = 1.1367229e-05, Final residual = 1.0860083e-07, No Iterations 68
time step continuity errors : sum local = 0.00093353053, global = -9.3892318e-06, cumulative = -3.3241361e-05
DILUPBiCGStab:  Solving for omega, Initial residual = 7.5042776e-06, Final residual = 3.1098197e-08, No Iterations 1
DILUPBiCGStab:  Solving for k, Initial residual = 9.5437784e-05, Final residual = 2.4402991e-07, No Iterations 1
ExecutionTime = 41.819181 s  ClockTime = 69 s

Region: fluid Courant Number mean: 6451.4425 max: 10126.418
Region: solid Diffusion Number mean: 5397.6312 max: 53365.575
Time = 5099s

PIMPLE: Iteration 1

Solving for solid region solid
DICPCG:  Solving for e, Initial residual = 0.00017862345, Final residual = 2.4478431e-06, No Iterations 2
Min/max T:363.69075 542.80508

Solving for fluid region fluid
DILUPBiCGStab:  Solving for Ux, Initial residual = 9.073368e-05, Final residual = 3.0599555e-07, No Iterations 1
DILUPBiCGStab:  Solving for Uy, Initial residual = 0.00010589074, Final residual = 1.0931302e-06, No Iterations 1
DILUPBiCGStab:  Solving for Uz, Initial residual = 0.00010654325, Final residual = 4.0044229e-07, No Iterations 1
DILUPBiCGStab:  Solving for h, Initial residual = 6.6035421e-05, Final residual = 2.1410555e-07, No Iterations 1
Min/max T:139.8 509.07406
GAMG:  Solving for p_rgh, Initial residual = 3.8197357e-05, Final residual = 4.5148411e-07, No Iterations 100
time step continuity errors : sum local = 0.0038805083, global = -2.8112894e-05, cumulative = -2.8112894e-05
GAMG:  Solving for p_rgh, Initial residual = 1.1419222e-05, Final residual = 1.0709445e-07, No Iterations 72
time step continuity errors : sum local = 0.00092063086, global = -9.6490191e-06, cumulative = -3.7761913e-05
PIMPLE: Iteration 2

Solving for solid region solid
DICPCG:  Solving for e, Initial residual = 0.00017859952, Final residual = 2.4471593e-06, No Iterations 2
Min/max T:363.70753 542.82537

Solving for fluid region fluid
DILUPBiCGStab:  Solving for Ux, Initial residual = 9.0886408e-05, Final residual = 3.0648391e-07, No Iterations 1
DILUPBiCGStab:  Solving for Uy, Initial residual = 0.00010630542, Final residual = 1.1124602e-06, No Iterations 1
DILUPBiCGStab:  Solving for Uz, Initial residual = 0.000106186, Final residual = 4.0231785e-07, No Iterations 1
DILUPBiCGStab:  Solving for h, Initial residual = 6.6120364e-05, Final residual = 2.1474028e-07, No Iterations 1
Min/max T:139.8 509.0942
GAMG:  Solving for p_rgh, Initial residual = 3.7704876e-05, Final residual = 4.3566939e-07, No Iterations 100
time step continuity errors : sum local = 0.0037449177, global = -2.3828786e-05, cumulative = -2.3828786e-05
GAMG:  Solving for p_rgh, Initial residual = 1.1302386e-05, Final residual = 1.0763493e-07, No Iterations 68
time step continuity errors : sum local = 0.00092534571, global = -9.3112205e-06, cumulative = -3.3140006e-05
DILUPBiCGStab:  Solving for omega, Initial residual = 7.5034632e-06, Final residual = 3.1093318e-08, No Iterations 1
DILUPBiCGStab:  Solving for k, Initial residual = 9.5438318e-05, Final residual = 2.4403503e-07, No Iterations 1
ExecutionTime = 42.264642 s  ClockTime = 69 s

Region: fluid Courant Number mean: 6451.796 max: 10128.307
Region: solid Diffusion Number mean: 5397.6312 max: 53365.575
Time = 5100s

PIMPLE: Iteration 1

Solving for solid region solid
DICPCG:  Solving for e, Initial residual = 0.00017858563, Final residual = 2.4473198e-06, No Iterations 2
Min/max T:363.72431 542.84566

Solving for fluid region fluid
DILUPBiCGStab:  Solving for Ux, Initial residual = 9.0726613e-05, Final residual = 3.0596194e-07, No Iterations 1
DILUPBiCGStab:  Solving for Uy, Initial residual = 0.00010577543, Final residual = 1.0961741e-06, No Iterations 1
DILUPBiCGStab:  Solving for Uz, Initial residual = 0.0001060473, Final residual = 4.0061371e-07, No Iterations 1
DILUPBiCGStab:  Solving for h, Initial residual = 6.602479e-05, Final residual = 2.1407177e-07, No Iterations 1
Min/max T:139.8 509.11435
GAMG:  Solving for p_rgh, Initial residual = 3.8183775e-05, Final residual = 4.4425067e-07, No Iterations 100
time step continuity errors : sum local = 0.0038188252, global = -2.6620707e-05, cumulative = -2.6620707e-05
GAMG:  Solving for p_rgh, Initial residual = 1.1420517e-05, Final residual = 1.1180747e-07, No Iterations 70
time step continuity errors : sum local = 0.00096126877, global = -1.0196468e-05, cumulative = -3.6817175e-05
PIMPLE: Iteration 2

Solving for solid region solid
DICPCG:  Solving for e, Initial residual = 0.0001785617, Final residual = 2.4466364e-06, No Iterations 2
Min/max T:363.74108 542.86594

Solving for fluid region fluid
DILUPBiCGStab:  Solving for Ux, Initial residual = 9.0869733e-05, Final residual = 3.0641945e-07, No Iterations 1
DILUPBiCGStab:  Solving for Uy, Initial residual = 0.00010614607, Final residual = 1.1155468e-06, No Iterations 1
DILUPBiCGStab:  Solving for Uz, Initial residual = 0.00010607605, Final residual = 4.055268e-07, No Iterations 1
DILUPBiCGStab:  Solving for h, Initial residual = 6.6109895e-05, Final residual = 2.1471146e-07, No Iterations 1
Min/max T:139.8 509.13449
GAMG:  Solving for p_rgh, Initial residual = 3.7634068e-05, Final residual = 4.375217e-07, No Iterations 100
time step continuity errors : sum local = 0.0037613142, global = -2.3521319e-05, cumulative = -2.3521319e-05
GAMG:  Solving for p_rgh, Initial residual = 1.13078e-05, Final residual = 1.0728196e-07, No Iterations 68
time step continuity errors : sum local = 0.00092242808, global = -9.4933088e-06, cumulative = -3.3014628e-05
DILUPBiCGStab:  Solving for omega, Initial residual = 7.50274e-06, Final residual = 3.1089602e-08, No Iterations 1
DILUPBiCGStab:  Solving for k, Initial residual = 9.5437788e-05, Final residual = 2.4403637e-07, No Iterations 1
ExecutionTime = 42.707894 s  ClockTime = 70 s

Region: fluid Courant Number mean: 6452.1495 max: 10130.199
Region: solid Diffusion Number mean: 5397.6312 max: 53365.575
Time = 5101s

PIMPLE: Iteration 1

Solving for solid region solid
DICPCG:  Solving for e, Initial residual = 0.00017854781, Final residual = 2.4467968e-06, No Iterations 2
Min/max T:363.75785 542.88623

Solving for fluid region fluid
DILUPBiCGStab:  Solving for Ux, Initial residual = 9.070855e-05, Final residual = 3.0589535e-07, No Iterations 1
DILUPBiCGStab:  Solving for Uy, Initial residual = 0.00010571034, Final residual = 1.1014002e-06, No Iterations 1
DILUPBiCGStab:  Solving for Uz, Initial residual = 0.00010601283, Final residual = 4.0484664e-07, No Iterations 1
DILUPBiCGStab:  Solving for h, Initial residual = 6.6014524e-05, Final residual = 2.1404158e-07, No Iterations 1
Min/max T:139.8 509.15463
GAMG:  Solving for p_rgh, Initial residual = 3.7896899e-05, Final residual = 4.469487e-07, No Iterations 100
time step continuity errors : sum local = 0.0038425032, global = -2.7834381e-05, cumulative = -2.7834381e-05
GAMG:  Solving for p_rgh, Initial residual = 1.1362189e-05, Final residual = 1.053055e-07, No Iterations 72
time step continuity errors : sum local = 0.00090548286, global = -9.5219077e-06, cumulative = -3.7356288e-05
PIMPLE: Iteration 2

Solving for solid region solid
DICPCG:  Solving for e, Initial residual = 0.00017852389, Final residual = 2.4461136e-06, No Iterations 2
Min/max T:363.77462 542.90651

Solving for fluid region fluid
DILUPBiCGStab:  Solving for Ux, Initial residual = 9.0856343e-05, Final residual = 3.0636922e-07, No Iterations 1
DILUPBiCGStab:  Solving for Uy, Initial residual = 0.00010640401, Final residual = 1.119705e-06, No Iterations 1
DILUPBiCGStab:  Solving for Uz, Initial residual = 0.00010598233, Final residual = 4.0594289e-07, No Iterations 1
DILUPBiCGStab:  Solving for h, Initial residual = 6.6099673e-05, Final residual = 2.1467541e-07, No Iterations 1
Min/max T:139.8 509.17477
GAMG:  Solving for p_rgh, Initial residual = 3.7865253e-05, Final residual = 4.3554771e-07, No Iterations 100
time step continuity errors : sum local = 0.0037448208, global = -2.4018984e-05, cumulative = -2.4018984e-05
GAMG:  Solving for p_rgh, Initial residual = 1.1373941e-05, Final residual = 1.0861033e-07, No Iterations 68
time step continuity errors : sum local = 0.00093396949, global = -9.4440494e-06, cumulative = -3.3463033e-05
DILUPBiCGStab:  Solving for omega, Initial residual = 7.5021565e-06, Final residual = 3.1086573e-08, No Iterations 1
DILUPBiCGStab:  Solving for k, Initial residual = 9.5437643e-05, Final residual = 2.4403827e-07, No Iterations 1
ExecutionTime = 43.184882 s  ClockTime = 71 s

Region: fluid Courant Number mean: 6452.5031 max: 10132.09
Region: solid Diffusion Number mean: 5397.6312 max: 53365.575
Time = 5102s

PIMPLE: Iteration 1

Solving for solid region solid
DICPCG:  Solving for e, Initial residual = 0.00017851, Final residual = 2.4462738e-06, No Iterations 2
Min/max T:363.79138 542.92679

Solving for fluid region fluid
DILUPBiCGStab:  Solving for Ux, Initial residual = 9.0699047e-05, Final residual = 3.0585691e-07, No Iterations 1
DILUPBiCGStab:  Solving for Uy, Initial residual = 0.00010588095, Final residual = 1.104409e-06, No Iterations 1
DILUPBiCGStab:  Solving for Uz, Initial residual = 0.00010587476, Final residual = 4.038803e-07, No Iterations 1
DILUPBiCGStab:  Solving for h, Initial residual = 6.6004454e-05, Final residual = 2.1400631e-07, No Iterations 1
Min/max T:139.8 509.19491
GAMG:  Solving for p_rgh, Initial residual = 3.8252945e-05, Final residual = 4.4885791e-07, No Iterations 100
time step continuity errors : sum local = 0.0038594102, global = -2.7539468e-05, cumulative = -2.7539468e-05
GAMG:  Solving for p_rgh, Initial residual = 1.1468545e-05, Final residual = 1.0578743e-07, No Iterations 72
time step continuity errors : sum local = 0.00090974292, global = -9.4417541e-06, cumulative = -3.6981223e-05
PIMPLE: Iteration 2

Solving for solid region solid
DICPCG:  Solving for e, Initial residual = 0.00017848609, Final residual = 2.4455908e-06, No Iterations 2
Min/max T:363.80814 542.94707

Solving for fluid region fluid
DILUPBiCGStab:  Solving for Ux, Initial residual = 9.0849843e-05, Final residual = 3.0634155e-07, No Iterations 1
DILUPBiCGStab:  Solving for Uy, Initial residual = 0.0001064459, Final residual = 1.1212261e-06, No Iterations 1
DILUPBiCGStab:  Solving for Uz, Initial residual = 0.00010587487, Final residual = 4.0632541e-07, No Iterations 1
DILUPBiCGStab:  Solving for h, Initial residual = 6.6089621e-05, Final residual = 2.1464269e-07, No Iterations 1
Min/max T:139.8 509.21504
GAMG:  Solving for p_rgh, Initial residual = 3.8147415e-05, Final residual = 4.3714081e-07, No Iterations 100
time step continuity errors : sum local = 0.0037590019, global = -2.4097101e-05, cumulative = -2.4097101e-05
GAMG:  Solving for p_rgh, Initial residual = 1.1421101e-05, Final residual = 1.0793448e-07, No Iterations 68
time step continuity errors : sum local = 0.00092827694, global = -9.3101399e-06, cumulative = -3.3407241e-05
DILUPBiCGStab:  Solving for omega, Initial residual = 7.5016561e-06, Final residual = 3.1083888e-08, No Iterations 1
DILUPBiCGStab:  Solving for k, Initial residual = 9.5438531e-05, Final residual = 2.4404158e-07, No Iterations 1
ExecutionTime = 43.571921 s  ClockTime = 71 s

Region: fluid Courant Number mean: 6452.8567 max: 10133.98
Region: solid Diffusion Number mean: 5397.6312 max: 53365.575
Time = 5103s

PIMPLE: Iteration 1

Solving for solid region solid
DICPCG:  Solving for e, Initial residual = 0.0001784722, Final residual = 2.4457506e-06, No Iterations 2
Min/max T:363.8249 542.96735

Solving for fluid region fluid
DILUPBiCGStab:  Solving for Ux, Initial residual = 9.0695809e-05, Final residual = 3.0584096e-07, No Iterations 1
DILUPBiCGStab:  Solving for Uy, Initial residual = 0.00010611659, Final residual = 1.1054835e-06, No Iterations 1
DILUPBiCGStab:  Solving for Uz, Initial residual = 0.00010583487, Final residual = 4.0563863e-07, No Iterations 1
DILUPBiCGStab:  Solving for h, Initial residual = 6.599459e-05, Final residual = 2.1397708e-07, No Iterations 1
Min/max T:139.8 509.23518
GAMG:  Solving for p_rgh, Initial residual = 3.8273274e-05, Final residual = 4.4896953e-07, No Iterations 100
time step continuity errors : sum local = 0.0038608704, global = -2.6342629e-05, cumulative = -2.6342629e-05
GAMG:  Solving for p_rgh, Initial residual = 1.1448512e-05, Final residual = 1.1284625e-07, No Iterations 70
time step continuity errors : sum local = 0.00097057299, global = -1.0276758e-05, cumulative = -3.6619388e-05
PIMPLE: Iteration 2

Solving for solid region solid
DICPCG:  Solving for e, Initial residual = 0.00017844828, Final residual = 2.4450679e-06, No Iterations 2
Min/max T:363.84166 542.98762

Solving for fluid region fluid
DILUPBiCGStab:  Solving for Ux, Initial residual = 9.0850368e-05, Final residual = 3.0633711e-07, No Iterations 1
DILUPBiCGStab:  Solving for Uy, Initial residual = 0.0001066705, Final residual = 1.1214073e-06, No Iterations 1
DILUPBiCGStab:  Solving for Uz, Initial residual = 0.00010584082, Final residual = 4.088544e-07, No Iterations 1
DILUPBiCGStab:  Solving for h, Initial residual = 6.6079784e-05, Final residual = 2.1461279e-07, No Iterations 1
Min/max T:139.8 509.2553
GAMG:  Solving for p_rgh, Initial residual = 3.7757686e-05, Final residual = 4.3444257e-07, No Iterations 100
time step continuity errors : sum local = 0.0037362846, global = -2.3623141e-05, cumulative = -2.3623141e-05
GAMG:  Solving for p_rgh, Initial residual = 1.1329052e-05, Final residual = 1.0697951e-07, No Iterations 68
time step continuity errors : sum local = 0.00092018355, global = -9.188029e-06, cumulative = -3.281117e-05
DILUPBiCGStab:  Solving for omega, Initial residual = 7.5012587e-06, Final residual = 3.1081487e-08, No Iterations 1
DILUPBiCGStab:  Solving for k, Initial residual = 9.5439804e-05, Final residual = 2.4404495e-07, No Iterations 1
ExecutionTime = 44.017015 s  ClockTime = 71 s

Region: fluid Courant Number mean: 6453.2104 max: 10135.869
Region: solid Diffusion Number mean: 5397.6312 max: 53365.575
Time = 5104s

PIMPLE: Iteration 1

Solving for solid region solid
DICPCG:  Solving for e, Initial residual = 0.00017843439, Final residual = 2.4452273e-06, No Iterations 2
Min/max T:363.85841 543.0079

Solving for fluid region fluid
DILUPBiCGStab:  Solving for Ux, Initial residual = 9.0685368e-05, Final residual = 3.0580107e-07, No Iterations 1
DILUPBiCGStab:  Solving for Uy, Initial residual = 0.00010587799, Final residual = 1.1021606e-06, No Iterations 1
DILUPBiCGStab:  Solving for Uz, Initial residual = 0.00010578868, Final residual = 4.0675187e-07, No Iterations 1
DILUPBiCGStab:  Solving for h, Initial residual = 6.5984971e-05, Final residual = 2.1394808e-07, No Iterations 1
Min/max T:139.8 509.27544
GAMG:  Solving for p_rgh, Initial residual = 3.7831373e-05, Final residual = 4.4492292e-07, No Iterations 100
time step continuity errors : sum local = 0.0038265652, global = -2.6989405e-05, cumulative = -2.6989405e-05
GAMG:  Solving for p_rgh, Initial residual = 1.1293703e-05, Final residual = 1.1272024e-07, No Iterations 70
time step continuity errors : sum local = 0.00096961306, global = -1.0234464e-05, cumulative = -3.7223869e-05
PIMPLE: Iteration 2

Solving for solid region solid
DICPCG:  Solving for e, Initial residual = 0.00017841048, Final residual = 2.444545e-06, No Iterations 2
Min/max T:363.87517 543.02817

Solving for fluid region fluid
DILUPBiCGStab:  Solving for Ux, Initial residual = 9.0833615e-05, Final residual = 3.0627665e-07, No Iterations 1
DILUPBiCGStab:  Solving for Uy, Initial residual = 0.00010595327, Final residual = 1.1133714e-06, No Iterations 1
DILUPBiCGStab:  Solving for Uz, Initial residual = 0.0001058057, Final residual = 4.0606564e-07, No Iterations 1
DILUPBiCGStab:  Solving for h, Initial residual = 6.6070171e-05, Final residual = 2.1458234e-07, No Iterations 1
Min/max T:139.8 509.29556
GAMG:  Solving for p_rgh, Initial residual = 3.7390569e-05, Final residual = 4.3452372e-07, No Iterations 100
time step continuity errors : sum local = 0.003737461, global = -2.3557764e-05, cumulative = -2.3557764e-05
GAMG:  Solving for p_rgh, Initial residual = 1.11908e-05, Final residual = 1.0646009e-07, No Iterations 68
time step continuity errors : sum local = 0.00091583298, global = -9.0507414e-06, cumulative = -3.2608505e-05
DILUPBiCGStab:  Solving for omega, Initial residual = 7.5008651e-06, Final residual = 3.1078964e-08, No Iterations 1
DILUPBiCGStab:  Solving for k, Initial residual = 9.5439378e-05, Final residual = 2.4404527e-07, No Iterations 1
ExecutionTime = 44.477982 s  ClockTime = 72 s

Region: fluid Courant Number mean: 6453.5641 max: 10137.763
Region: solid Diffusion Number mean: 5397.6312 max: 53365.575
Time = 5105s

PIMPLE: Iteration 1

Solving for solid region solid
DICPCG:  Solving for e, Initial residual = 0.00017839659, Final residual = 2.4447044e-06, No Iterations 2
Min/max T:363.89192 543.04844

Solving for fluid region fluid
DILUPBiCGStab:  Solving for Ux, Initial residual = 9.0668403e-05, Final residual = 3.0574064e-07, No Iterations 1
DILUPBiCGStab:  Solving for Uy, Initial residual = 0.00010514048, Final residual = 1.0890494e-06, No Iterations 1
DILUPBiCGStab:  Solving for Uz, Initial residual = 0.00010573681, Final residual = 4.0181288e-07, No Iterations 1
DILUPBiCGStab:  Solving for h, Initial residual = 6.5975439e-05, Final residual = 2.139132e-07, No Iterations 1
Min/max T:139.8 509.31569
GAMG:  Solving for p_rgh, Initial residual = 3.775117e-05, Final residual = 4.4892145e-07, No Iterations 100
time step continuity errors : sum local = 0.0038614501, global = -2.7859134e-05, cumulative = -2.7859134e-05
GAMG:  Solving for p_rgh, Initial residual = 1.1246511e-05, Final residual = 1.0598767e-07, No Iterations 72
time step continuity errors : sum local = 0.00091181795, global = -9.565191e-06, cumulative = -3.7424325e-05
PIMPLE: Iteration 2

Solving for solid region solid
DICPCG:  Solving for e, Initial residual = 0.00017837269, Final residual = 2.4440223e-06, No Iterations 2
Min/max T:363.90866 543.06871

Solving for fluid region fluid
DILUPBiCGStab:  Solving for Ux, Initial residual = 9.081612e-05, Final residual = 3.0621255e-07, No Iterations 1
DILUPBiCGStab:  Solving for Uy, Initial residual = 0.00010518318, Final residual = 1.1028538e-06, No Iterations 1
DILUPBiCGStab:  Solving for Uz, Initial residual = 0.00010561931, Final residual = 4.064273e-07, No Iterations 1
DILUPBiCGStab:  Solving for h, Initial residual = 6.6060368e-05, Final residual = 2.1454271e-07, No Iterations 1
Min/max T:139.8 509.33581
GAMG:  Solving for p_rgh, Initial residual = 3.7195788e-05, Final residual = 4.344854e-07, No Iterations 100
time step continuity errors : sum local = 0.0037376151, global = -2.3907897e-05, cumulative = -2.3907897e-05
GAMG:  Solving for p_rgh, Initial residual = 1.1140946e-05, Final residual = 1.0732581e-07, No Iterations 68
time step continuity errors : sum local = 0.00092339999, global = -9.4026199e-06, cumulative = -3.3310517e-05
DILUPBiCGStab:  Solving for omega, Initial residual = 7.5004276e-06, Final residual = 3.1076611e-08, No Iterations 1
DILUPBiCGStab:  Solving for k, Initial residual = 9.5437641e-05, Final residual = 2.4404434e-07, No Iterations 1
ExecutionTime = 44.858156 s  ClockTime = 72 s

Region: fluid Courant Number mean: 6453.9177 max: 10139.631
Region: solid Diffusion Number mean: 5397.6312 max: 53365.575
Time = 5106s

PIMPLE: Iteration 1

Solving for solid region solid
DICPCG:  Solving for e, Initial residual = 0.00017835879, Final residual = 2.4441813e-06, No Iterations 2
Min/max T:363.92541 543.08897

Solving for fluid region fluid
DILUPBiCGStab:  Solving for Ux, Initial residual = 9.0650725e-05, Final residual = 3.0567186e-07, No Iterations 1
DILUPBiCGStab:  Solving for Uy, Initial residual = 0.00010466572, Final residual = 1.087258e-06, No Iterations 1
DILUPBiCGStab:  Solving for Uz, Initial residual = 0.00010551779, Final residual = 4.0515693e-07, No Iterations 1
DILUPBiCGStab:  Solving for h, Initial residual = 6.5965588e-05, Final residual = 2.1387519e-07, No Iterations 1
Min/max T:139.8 509.35594
GAMG:  Solving for p_rgh, Initial residual = 3.7873688e-05, Final residual = 4.4584713e-07, No Iterations 100
time step continuity errors : sum local = 0.003835504, global = -2.7448857e-05, cumulative = -2.7448857e-05
GAMG:  Solving for p_rgh, Initial residual = 1.1326544e-05, Final residual = 1.1325053e-07, No Iterations 70
time step continuity errors : sum local = 0.00097442729, global = -1.0477662e-05, cumulative = -3.7926519e-05
PIMPLE: Iteration 2

Solving for solid region solid
DICPCG:  Solving for e, Initial residual = 0.00017833489, Final residual = 2.4434997e-06, No Iterations 2
Min/max T:363.94215 543.10924

Solving for fluid region fluid
DILUPBiCGStab:  Solving for Ux, Initial residual = 9.080009e-05, Final residual = 3.0614932e-07, No Iterations 1
DILUPBiCGStab:  Solving for Uy, Initial residual = 0.00010445165, Final residual = 1.0915045e-06, No Iterations 1
DILUPBiCGStab:  Solving for Uz, Initial residual = 0.00010552362, Final residual = 4.0550203e-07, No Iterations 1
DILUPBiCGStab:  Solving for h, Initial residual = 6.60506e-05, Final residual = 2.1450666e-07, No Iterations 1
Min/max T:139.8 509.37605
GAMG:  Solving for p_rgh, Initial residual = 3.7377098e-05, Final residual = 4.3471246e-07, No Iterations 100
time step continuity errors : sum local = 0.0037400559, global = -2.3954838e-05, cumulative = -2.3954838e-05
GAMG:  Solving for p_rgh, Initial residual = 1.1212496e-05, Final residual = 1.0655324e-07, No Iterations 68
time step continuity errors : sum local = 0.00091687284, global = -9.3900718e-06, cumulative = -3.334491e-05
DILUPBiCGStab:  Solving for omega, Initial residual = 7.499942e-06, Final residual = 3.1074993e-08, No Iterations 1
DILUPBiCGStab:  Solving for k, Initial residual = 9.5435892e-05, Final residual = 2.4404194e-07, No Iterations 1
ExecutionTime = 45.268076 s  ClockTime = 73 s

Region: fluid Courant Number mean: 6454.2713 max: 10141.499
Region: solid Diffusion Number mean: 5397.6312 max: 53365.575
Time = 5107s

PIMPLE: Iteration 1

Solving for solid region solid
DICPCG:  Solving for e, Initial residual = 0.00017832099, Final residual = 2.4436583e-06, No Iterations 2
Min/max T:363.95889 543.1295

Solving for fluid region fluid
DILUPBiCGStab:  Solving for Ux, Initial residual = 9.0645227e-05, Final residual = 3.0564117e-07, No Iterations 1
DILUPBiCGStab:  Solving for Uy, Initial residual = 0.0001026905, Final residual = 1.0677092e-06, No Iterations 1
DILUPBiCGStab:  Solving for Uz, Initial residual = 0.0001053666, Final residual = 4.0376755e-07, No Iterations 1
DILUPBiCGStab:  Solving for h, Initial residual = 6.595602e-05, Final residual = 2.1384492e-07, No Iterations 1
Min/max T:139.8 509.39617
GAMG:  Solving for p_rgh, Initial residual = 3.76898e-05, Final residual = 4.5015943e-07, No Iterations 100
time step continuity errors : sum local = 0.0038731099, global = -2.7853491e-05, cumulative = -2.7853491e-05
GAMG:  Solving for p_rgh, Initial residual = 1.1262759e-05, Final residual = 1.0483805e-07, No Iterations 72
time step continuity errors : sum local = 0.00090216442, global = -9.4445138e-06, cumulative = -3.7298005e-05
PIMPLE: Iteration 2

Solving for solid region solid
DICPCG:  Solving for e, Initial residual = 0.0001782971, Final residual = 2.442977e-06, No Iterations 2
Min/max T:363.97563 543.14976

Solving for fluid region fluid
DILUPBiCGStab:  Solving for Ux, Initial residual = 9.0800193e-05, Final residual = 3.0613849e-07, No Iterations 1
DILUPBiCGStab:  Solving for Uy, Initial residual = 0.00010333452, Final residual = 1.0808093e-06, No Iterations 1
DILUPBiCGStab:  Solving for Uz, Initial residual = 0.00010544938, Final residual = 4.0615906e-07, No Iterations 1
DILUPBiCGStab:  Solving for h, Initial residual = 6.6041061e-05, Final residual = 2.1447514e-07, No Iterations 1
Min/max T:139.8 509.41628
GAMG:  Solving for p_rgh, Initial residual = 3.7147422e-05, Final residual = 4.3639195e-07, No Iterations 100
time step continuity errors : sum local = 0.0037549996, global = -2.4038743e-05, cumulative = -2.4038743e-05
GAMG:  Solving for p_rgh, Initial residual = 1.1124901e-05, Final residual = 1.0728578e-07, No Iterations 68
time step continuity errors : sum local = 0.00092329745, global = -9.2478082e-06, cumulative = -3.3286551e-05
DILUPBiCGStab:  Solving for omega, Initial residual = 7.4995572e-06, Final residual = 3.1073421e-08, No Iterations 1
DILUPBiCGStab:  Solving for k, Initial residual = 9.5435229e-05, Final residual = 2.4404076e-07, No Iterations 1
ExecutionTime = 45.620287 s  ClockTime = 73 s

Region: fluid Courant Number mean: 6454.625 max: 10143.363
Region: solid Diffusion Number mean: 5397.6312 max: 53365.575
Time = 5108s

PIMPLE: Iteration 1

Solving for solid region solid
DICPCG:  Solving for e, Initial residual = 0.00017828319, Final residual = 2.4431351e-06, No Iterations 2
Min/max T:363.99236 543.17001

Solving for fluid region fluid
DILUPBiCGStab:  Solving for Ux, Initial residual = 9.0640607e-05, Final residual = 3.056214e-07, No Iterations 1
DILUPBiCGStab:  Solving for Uy, Initial residual = 0.00010255234, Final residual = 1.0598593e-06, No Iterations 1
DILUPBiCGStab:  Solving for Uz, Initial residual = 0.00010535476, Final residual = 4.0512511e-07, No Iterations 1
DILUPBiCGStab:  Solving for h, Initial residual = 6.5946738e-05, Final residual = 2.1381555e-07, No Iterations 1
Min/max T:139.8 509.4364
GAMG:  Solving for p_rgh, Initial residual = 3.7528153e-05, Final residual = 4.4752133e-07, No Iterations 100
time step continuity errors : sum local = 0.0038509166, global = -2.7550324e-05, cumulative = -2.7550324e-05
GAMG:  Solving for p_rgh, Initial residual = 1.1217049e-05, Final residual = 1.0475141e-07, No Iterations 72
time step continuity errors : sum local = 0.0009015359, global = -9.3916585e-06, cumulative = -3.6941982e-05
PIMPLE: Iteration 2

Solving for solid region solid
DICPCG:  Solving for e, Initial residual = 0.0001782593, Final residual = 2.4424543e-06, No Iterations 2
Min/max T:364.00909 543.19027

Solving for fluid region fluid
DILUPBiCGStab:  Solving for Ux, Initial residual = 9.0790618e-05, Final residual = 3.0610349e-07, No Iterations 1
DILUPBiCGStab:  Solving for Uy, Initial residual = 0.0001031735, Final residual = 1.0741404e-06, No Iterations 1
DILUPBiCGStab:  Solving for Uz, Initial residual = 0.00010545244, Final residual = 4.0776372e-07, No Iterations 1
DILUPBiCGStab:  Solving for h, Initial residual = 6.6031797e-05, Final residual = 2.1444549e-07, No Iterations 1
Min/max T:139.8 509.45651
GAMG:  Solving for p_rgh, Initial residual = 3.7081026e-05, Final residual = 4.3640481e-07, No Iterations 100
time step continuity errors : sum local = 0.0037555992, global = -2.4014422e-05, cumulative = -2.4014422e-05
GAMG:  Solving for p_rgh, Initial residual = 1.1133558e-05, Final residual = 1.0742295e-07, No Iterations 68
time step continuity errors : sum local = 0.00092459892, global = -9.3317411e-06, cumulative = -3.3346163e-05
DILUPBiCGStab:  Solving for omega, Initial residual = 7.4991221e-06, Final residual = 3.1071681e-08, No Iterations 1
DILUPBiCGStab:  Solving for k, Initial residual = 9.5435211e-05, Final residual = 2.4404135e-07, No Iterations 1
ExecutionTime = 45.958205 s  ClockTime = 74 s

Region: fluid Courant Number mean: 6454.9787 max: 10145.223
Region: solid Diffusion Number mean: 5397.6312 max: 53365.575
Time = 5109s

PIMPLE: Iteration 1

Solving for solid region solid
DICPCG:  Solving for e, Initial residual = 0.00017824539, Final residual = 2.4426122e-06, No Iterations 2
Min/max T:364.02582 543.21052

Solving for fluid region fluid
DILUPBiCGStab:  Solving for Ux, Initial residual = 9.0635645e-05, Final residual = 3.0559933e-07, No Iterations 1
DILUPBiCGStab:  Solving for Uy, Initial residual = 0.00010235707, Final residual = 1.056363e-06, No Iterations 1
DILUPBiCGStab:  Solving for Uz, Initial residual = 0.00010533325, Final residual = 4.0673613e-07, No Iterations 1
DILUPBiCGStab:  Solving for h, Initial residual = 6.5937637e-05, Final residual = 2.1378803e-07, No Iterations 1
Min/max T:139.8 509.47663
GAMG:  Solving for p_rgh, Initial residual = 3.7721627e-05, Final residual = 4.5002368e-07, No Iterations 100
time step continuity errors : sum local = 0.0038729561, global = -2.7671119e-05, cumulative = -2.7671119e-05
GAMG:  Solving for p_rgh, Initial residual = 1.1290267e-05, Final residual = 1.0496589e-07, No Iterations 72
time step continuity errors : sum local = 0.00090349989, global = -9.3720084e-06, cumulative = -3.7043127e-05
PIMPLE: Iteration 2

Solving for solid region solid
DICPCG:  Solving for e, Initial residual = 0.00017822151, Final residual = 2.4419316e-06, No Iterations 2
Min/max T:364.04255 543.23078

Solving for fluid region fluid
DILUPBiCGStab:  Solving for Ux, Initial residual = 9.0791779e-05, Final residual = 3.0609874e-07, No Iterations 1
DILUPBiCGStab:  Solving for Uy, Initial residual = 0.00010320428, Final residual = 1.0720103e-06, No Iterations 1
DILUPBiCGStab:  Solving for Uz, Initial residual = 0.00010543011, Final residual = 4.1020238e-07, No Iterations 1
DILUPBiCGStab:  Solving for h, Initial residual = 6.6022698e-05, Final residual = 2.1441619e-07, No Iterations 1
Min/max T:139.8 509.49673
GAMG:  Solving for p_rgh, Initial residual = 3.7244206e-05, Final residual = 4.3456767e-07, No Iterations 100
time step continuity errors : sum local = 0.0037402811, global = -2.3807306e-05, cumulative = -2.3807306e-05
GAMG:  Solving for p_rgh, Initial residual = 1.1173919e-05, Final residual = 1.0546554e-07, No Iterations 68
time step continuity errors : sum local = 0.00090787026, global = -9.1818551e-06, cumulative = -3.2989161e-05
DILUPBiCGStab:  Solving for omega, Initial residual = 7.4987392e-06, Final residual = 3.1069999e-08, No Iterations 1
DILUPBiCGStab:  Solving for k, Initial residual = 9.5436335e-05, Final residual = 2.4404426e-07, No Iterations 1
ExecutionTime = 46.321056 s  ClockTime = 74 s

Region: fluid Courant Number mean: 6455.3326 max: 10147.081
Region: solid Diffusion Number mean: 5397.6312 max: 53365.575
Time = 5110s

PIMPLE: Iteration 1

Solving for solid region solid
DICPCG:  Solving for e, Initial residual = 0.0001782076, Final residual = 2.4420892e-06, No Iterations 2
Min/max T:364.05928 543.25103

Solving for fluid region fluid
DILUPBiCGStab:  Solving for Ux, Initial residual = 9.0629999e-05, Final residual = 3.0557318e-07, No Iterations 1
DILUPBiCGStab:  Solving for Uy, Initial residual = 0.00010257722, Final residual = 1.0564749e-06, No Iterations 1
DILUPBiCGStab:  Solving for Uz, Initial residual = 0.00010531676, Final residual = 4.0841191e-07, No Iterations 1
DILUPBiCGStab:  Solving for h, Initial residual = 6.5928718e-05, Final residual = 2.1375928e-07, No Iterations 1
Min/max T:139.8 509.51684
GAMG:  Solving for p_rgh, Initial residual = 3.7749132e-05, Final residual = 4.4957003e-07, No Iterations 100
time step continuity errors : sum local = 0.0038695595, global = -2.7672832e-05, cumulative = -2.7672832e-05
GAMG:  Solving for p_rgh, Initial residual = 1.1288098e-05, Final residual = 1.0407965e-07, No Iterations 72
time step continuity errors : sum local = 0.0008959881, global = -9.3495211e-06, cumulative = -3.7022353e-05
PIMPLE: Iteration 2

Solving for solid region solid
DICPCG:  Solving for e, Initial residual = 0.00017818372, Final residual = 2.4414091e-06, No Iterations 2
Min/max T:364.076 543.27127

Solving for fluid region fluid
DILUPBiCGStab:  Solving for Ux, Initial residual = 9.0782335e-05, Final residual = 3.060626e-07, No Iterations 1
DILUPBiCGStab:  Solving for Uy, Initial residual = 0.00010352158, Final residual = 1.0739976e-06, No Iterations 1
DILUPBiCGStab:  Solving for Uz, Initial residual = 0.0001054234, Final residual = 4.120301e-07, No Iterations 1
DILUPBiCGStab:  Solving for h, Initial residual = 6.6013759e-05, Final residual = 2.1439181e-07, No Iterations 1
Min/max T:139.8 509.53694
GAMG:  Solving for p_rgh, Initial residual = 3.7606487e-05, Final residual = 4.3925848e-07, No Iterations 100
time step continuity errors : sum local = 0.0037811483, global = -2.381879e-05, cumulative = -2.381879e-05
GAMG:  Solving for p_rgh, Initial residual = 1.1284519e-05, Final residual = 1.0782093e-07, No Iterations 68
time step continuity errors : sum local = 0.00092826619, global = -9.3215849e-06, cumulative = -3.3140375e-05
DILUPBiCGStab:  Solving for omega, Initial residual = 7.4984436e-06, Final residual = 3.1067475e-08, No Iterations 1
DILUPBiCGStab:  Solving for k, Initial residual = 9.5437092e-05, Final residual = 2.44047e-07, No Iterations 1
ExecutionTime = 46.679558 s  ClockTime = 74 s

Region: fluid Courant Number mean: 6455.6865 max: 10148.953
Region: solid Diffusion Number mean: 5397.6312 max: 53365.575
Time = 5111s

PIMPLE: Iteration 1

Solving for solid region solid
DICPCG:  Solving for e, Initial residual = 0.00017816981, Final residual = 2.4415664e-06, No Iterations 2
Min/max T:364.09272 543.29152

Solving for fluid region fluid
DILUPBiCGStab:  Solving for Ux, Initial residual = 9.061786e-05, Final residual = 3.0553079e-07, No Iterations 1
DILUPBiCGStab:  Solving for Uy, Initial residual = 0.00010272523, Final residual = 1.0584714e-06, No Iterations 1
DILUPBiCGStab:  Solving for Uz, Initial residual = 0.00010510947, Final residual = 4.080207e-07, No Iterations 1
DILUPBiCGStab:  Solving for h, Initial residual = 6.5919858e-05, Final residual = 2.1373679e-07, No Iterations 1
Min/max T:139.8 509.55705
GAMG:  Solving for p_rgh, Initial residual = 3.7996229e-05, Final residual = 4.5099565e-07, No Iterations 100
time step continuity errors : sum local = 0.0038823305, global = -2.7621004e-05, cumulative = -2.7621004e-05
GAMG:  Solving for p_rgh, Initial residual = 1.137804e-05, Final residual = 1.0547839e-07, No Iterations 72
time step continuity errors : sum local = 0.00090814712, global = -9.4118428e-06, cumulative = -3.7032847e-05
PIMPLE: Iteration 2

Solving for solid region solid
DICPCG:  Solving for e, Initial residual = 0.00017814593, Final residual = 2.4408866e-06, No Iterations 2
Min/max T:364.10943 543.31176

Solving for fluid region fluid
DILUPBiCGStab:  Solving for Ux, Initial residual = 9.0767569e-05, Final residual = 3.0601579e-07, No Iterations 1
DILUPBiCGStab:  Solving for Uy, Initial residual = 0.00010367693, Final residual = 1.0782095e-06, No Iterations 1
DILUPBiCGStab:  Solving for Uz, Initial residual = 0.00010508095, Final residual = 4.0855503e-07, No Iterations 1
DILUPBiCGStab:  Solving for h, Initial residual = 6.6004795e-05, Final residual = 2.1436951e-07, No Iterations 1
Min/max T:139.8 509.57714
GAMG:  Solving for p_rgh, Initial residual = 3.7522726e-05, Final residual = 4.353545e-07, No Iterations 100
time step continuity errors : sum local = 0.0037480232, global = -2.3950696e-05, cumulative = -2.3950696e-05
GAMG:  Solving for p_rgh, Initial residual = 1.1245782e-05, Final residual = 1.067611e-07, No Iterations 68
time step continuity errors : sum local = 0.00091926058, global = -9.3176051e-06, cumulative = -3.3268302e-05
DILUPBiCGStab:  Solving for omega, Initial residual = 7.4982249e-06, Final residual = 3.1064027e-08, No Iterations 1
DILUPBiCGStab:  Solving for k, Initial residual = 9.5437183e-05, Final residual = 2.4404844e-07, No Iterations 1
ExecutionTime = 47.066467 s  ClockTime = 75 s

Region: fluid Courant Number mean: 6456.0405 max: 10150.839
Region: solid Diffusion Number mean: 5397.6312 max: 53365.575
Time = 5112s

PIMPLE: Iteration 1

Solving for solid region solid
DICPCG:  Solving for e, Initial residual = 0.00017813202, Final residual = 2.4410436e-06, No Iterations 2
Min/max T:364.12615 543.33201

Solving for fluid region fluid
DILUPBiCGStab:  Solving for Ux, Initial residual = 9.0608858e-05, Final residual = 3.0549965e-07, No Iterations 1
DILUPBiCGStab:  Solving for Uy, Initial residual = 0.00010367018, Final residual = 1.0658174e-06, No Iterations 1
DILUPBiCGStab:  Solving for Uz, Initial residual = 0.0001051073, Final residual = 4.059982e-07, No Iterations 1
DILUPBiCGStab:  Solving for h, Initial residual = 6.5910962e-05, Final residual = 2.137131e-07, No Iterations 1
Min/max T:139.8 509.59725
GAMG:  Solving for p_rgh, Initial residual = 3.7767394e-05, Final residual = 4.4911816e-07, No Iterations 100
time step continuity errors : sum local = 0.0038666684, global = -2.762901e-05, cumulative = -2.762901e-05
GAMG:  Solving for p_rgh, Initial residual = 1.1297333e-05, Final residual = 1.0481388e-07, No Iterations 72
time step continuity errors : sum local = 0.00090254384, global = -9.3951585e-06, cumulative = -3.7024169e-05
PIMPLE: Iteration 2

Solving for solid region solid
DICPCG:  Solving for e, Initial residual = 0.00017810815, Final residual = 2.4403641e-06, No Iterations 2
Min/max T:364.14286 543.35225

Solving for fluid region fluid
DILUPBiCGStab:  Solving for Ux, Initial residual = 9.0762847e-05, Final residual = 3.0599329e-07, No Iterations 1
DILUPBiCGStab:  Solving for Uy, Initial residual = 0.0001040097, Final residual = 1.0818722e-06, No Iterations 1
DILUPBiCGStab:  Solving for Uz, Initial residual = 0.00010523782, Final residual = 4.0808923e-07, No Iterations 1
DILUPBiCGStab:  Solving for h, Initial residual = 6.599581e-05, Final residual = 2.1434508e-07, No Iterations 1
Min/max T:139.8 509.61734
GAMG:  Solving for p_rgh, Initial residual = 3.7805617e-05, Final residual = 4.3665456e-07, No Iterations 100
time step continuity errors : sum local = 0.0037597042, global = -2.3675923e-05, cumulative = -2.3675923e-05
GAMG:  Solving for p_rgh, Initial residual = 1.1336996e-05, Final residual = 1.0668914e-07, No Iterations 68
time step continuity errors : sum local = 0.00091876005, global = -9.1310151e-06, cumulative = -3.2806939e-05
DILUPBiCGStab:  Solving for omega, Initial residual = 7.4979637e-06, Final residual = 3.1060255e-08, No Iterations 1
DILUPBiCGStab:  Solving for k, Initial residual = 9.543717e-05, Final residual = 2.4404698e-07, No Iterations 1
ExecutionTime = 47.509189 s  ClockTime = 75 s

Region: fluid Courant Number mean: 6456.3946 max: 10152.744
Region: solid Diffusion Number mean: 5397.6312 max: 53365.575
Time = 5113s

PIMPLE: Iteration 1

Solving for solid region solid
DICPCG:  Solving for e, Initial residual = 0.00017809423, Final residual = 2.4405207e-06, No Iterations 2
Min/max T:364.15957 543.37249

Solving for fluid region fluid
DILUPBiCGStab:  Solving for Ux, Initial residual = 9.0599412e-05, Final residual = 3.0546462e-07, No Iterations 1
DILUPBiCGStab:  Solving for Uy, Initial residual = 0.00010391824, Final residual = 1.0692723e-06, No Iterations 1
DILUPBiCGStab:  Solving for Uz, Initial residual = 0.00010511651, Final residual = 4.0632527e-07, No Iterations 1
DILUPBiCGStab:  Solving for h, Initial residual = 6.5902054e-05, Final residual = 2.1368844e-07, No Iterations 1
Min/max T:139.8 509.63744
GAMG:  Solving for p_rgh, Initial residual = 3.7846489e-05, Final residual = 4.4871567e-07, No Iterations 100
time step continuity errors : sum local = 0.0038637033, global = -2.7460376e-05, cumulative = -2.7460376e-05
GAMG:  Solving for p_rgh, Initial residual = 1.1343824e-05, Final residual = 1.1298841e-07, No Iterations 70
time step continuity errors : sum local = 0.0009730596, global = -1.0325624e-05, cumulative = -3.7786e-05
PIMPLE: Iteration 2

Solving for solid region solid
DICPCG:  Solving for e, Initial residual = 0.00017807037, Final residual = 2.4398417e-06, No Iterations 2
Min/max T:364.17628 543.39272

Solving for fluid region fluid
DILUPBiCGStab:  Solving for Ux, Initial residual = 9.0753258e-05, Final residual = 3.0595817e-07, No Iterations 1
DILUPBiCGStab:  Solving for Uy, Initial residual = 0.00010446622, Final residual = 1.084565e-06, No Iterations 1
DILUPBiCGStab:  Solving for Uz, Initial residual = 0.00010519165, Final residual = 4.085776e-07, No Iterations 1
DILUPBiCGStab:  Solving for h, Initial residual = 6.5986745e-05, Final residual = 2.1431996e-07, No Iterations 1
Min/max T:139.8 509.65752
GAMG:  Solving for p_rgh, Initial residual = 3.750094e-05, Final residual = 4.3543701e-07, No Iterations 100
time step continuity errors : sum local = 0.0037497061, global = -2.3854346e-05, cumulative = -2.3854346e-05
GAMG:  Solving for p_rgh, Initial residual = 1.1251122e-05, Final residual = 1.0625545e-07, No Iterations 68
time step continuity errors : sum local = 0.00091514353, global = -9.1188415e-06, cumulative = -3.2973188e-05
DILUPBiCGStab:  Solving for omega, Initial residual = 7.4976228e-06, Final residual = 3.1056889e-08, No Iterations 1
DILUPBiCGStab:  Solving for k, Initial residual = 9.5436933e-05, Final residual = 2.4404335e-07, No Iterations 1
ExecutionTime = 47.959511 s  ClockTime = 76 s

Region: fluid Courant Number mean: 6456.7488 max: 10154.655
Region: solid Diffusion Number mean: 5397.6312 max: 53365.575
Time = 5114s

PIMPLE: Iteration 1

Solving for solid region solid
DICPCG:  Solving for e, Initial residual = 0.00017805644, Final residual = 2.4399979e-06, No Iterations 2
Min/max T:364.19298 543.41296

Solving for fluid region fluid
DILUPBiCGStab:  Solving for Ux, Initial residual = 9.059075e-05, Final residual = 3.054325e-07, No Iterations 1
DILUPBiCGStab:  Solving for Uy, Initial residual = 0.00010436128, Final residual = 1.0710715e-06, No Iterations 1
DILUPBiCGStab:  Solving for Uz, Initial residual = 0.00010521229, Final residual = 4.0684823e-07, No Iterations 1
DILUPBiCGStab:  Solving for h, Initial residual = 6.589301e-05, Final residual = 2.1366454e-07, No Iterations 1
Min/max T:139.8 509.67762
GAMG:  Solving for p_rgh, Initial residual = 3.8032875e-05, Final residual = 4.4859955e-07, No Iterations 100
time step continuity errors : sum local = 0.0038632038, global = -2.7157626e-05, cumulative = -2.7157626e-05
GAMG:  Solving for p_rgh, Initial residual = 1.140678e-05, Final residual = 1.1265505e-07, No Iterations 70
time step continuity errors : sum local = 0.00097031299, global = -9.9410469e-06, cumulative = -3.7098673e-05
PIMPLE: Iteration 2

Solving for solid region solid
DICPCG:  Solving for e, Initial residual = 0.00017803258, Final residual = 2.4393192e-06, No Iterations 2
Min/max T:364.20968 543.43319

Solving for fluid region fluid
DILUPBiCGStab:  Solving for Ux, Initial residual = 9.0737179e-05, Final residual = 3.0590664e-07, No Iterations 1
DILUPBiCGStab:  Solving for Uy, Initial residual = 0.00010442373, Final residual = 1.0855469e-06, No Iterations 1
DILUPBiCGStab:  Solving for Uz, Initial residual = 0.00010523697, Final residual = 4.1204889e-07, No Iterations 1
DILUPBiCGStab:  Solving for h, Initial residual = 6.5977553e-05, Final residual = 2.142983e-07, No Iterations 1
Min/max T:139.8 509.6977
GAMG:  Solving for p_rgh, Initial residual = 3.7751715e-05, Final residual = 4.3308042e-07, No Iterations 100
time step continuity errors : sum local = 0.0037298934, global = -2.3589528e-05, cumulative = -2.3589528e-05
GAMG:  Solving for p_rgh, Initial residual = 1.1294256e-05, Final residual = 1.0534539e-07, No Iterations 68
time step continuity errors : sum local = 0.00090742203, global = -9.2227431e-06, cumulative = -3.2812271e-05
DILUPBiCGStab:  Solving for omega, Initial residual = 7.4971698e-06, Final residual = 3.1054142e-08, No Iterations 1
DILUPBiCGStab:  Solving for k, Initial residual = 9.5435214e-05, Final residual = 2.4403606e-07, No Iterations 1
ExecutionTime = 48.384226 s  ClockTime = 76 s

Region: fluid Courant Number mean: 6457.1032 max: 10156.569
Region: solid Diffusion Number mean: 5397.6312 max: 53365.575
Time = 5115s

PIMPLE: Iteration 1

Solving for solid region solid
DICPCG:  Solving for e, Initial residual = 0.00017801866, Final residual = 2.4394752e-06, No Iterations 2
Min/max T:364.22638 543.45342

Solving for fluid region fluid
DILUPBiCGStab:  Solving for Ux, Initial residual = 9.0576679e-05, Final residual = 3.053843e-07, No Iterations 1
DILUPBiCGStab:  Solving for Uy, Initial residual = 0.00010393547, Final residual = 1.0688367e-06, No Iterations 1
DILUPBiCGStab:  Solving for Uz, Initial residual = 0.00010531817, Final residual = 4.1026066e-07, No Iterations 1
DILUPBiCGStab:  Solving for h, Initial residual = 6.5883804e-05, Final residual = 2.1364141e-07, No Iterations 1
Min/max T:139.8 509.7178
GAMG:  Solving for p_rgh, Initial residual = 3.7839159e-05, Final residual = 4.4578406e-07, No Iterations 100
time step continuity errors : sum local = 0.0038394545, global = -2.7312008e-05, cumulative = -2.7312008e-05
GAMG:  Solving for p_rgh, Initial residual = 1.1324743e-05, Final residual = 1.1196452e-07, No Iterations 70
time step continuity errors : sum local = 0.00096449078, global = -1.0266751e-05, cumulative = -3.7578759e-05
PIMPLE: Iteration 2

Solving for solid region solid
DICPCG:  Solving for e, Initial residual = 0.0001779948, Final residual = 2.4387969e-06, No Iterations 2
Min/max T:364.24308 543.47365

Solving for fluid region fluid
DILUPBiCGStab:  Solving for Ux, Initial residual = 9.0727404e-05, Final residual = 3.0586673e-07, No Iterations 1
DILUPBiCGStab:  Solving for Uy, Initial residual = 0.00010309591, Final residual = 1.0731472e-06, No Iterations 1
DILUPBiCGStab:  Solving for Uz, Initial residual = 0.0001054182, Final residual = 4.18701e-07, No Iterations 1
DILUPBiCGStab:  Solving for h, Initial residual = 6.596815e-05, Final residual = 2.1426955e-07, No Iterations 1
Min/max T:139.8 509.73788
GAMG:  Solving for p_rgh, Initial residual = 3.7645119e-05, Final residual = 4.3614979e-07, No Iterations 100
time step continuity errors : sum local = 0.0037568171, global = -2.3951479e-05, cumulative = -2.3951479e-05
GAMG:  Solving for p_rgh, Initial residual = 1.1276097e-05, Final residual = 1.0658175e-07, No Iterations 68
time step continuity errors : sum local = 0.00091819122, global = -9.2355462e-06, cumulative = -3.3187026e-05
DILUPBiCGStab:  Solving for omega, Initial residual = 7.4966512e-06, Final residual = 3.105165e-08, No Iterations 1
DILUPBiCGStab:  Solving for k, Initial residual = 9.5433747e-05, Final residual = 2.44029e-07, No Iterations 1
ExecutionTime = 48.900497 s  ClockTime = 77 s

Region: fluid Courant Number mean: 6457.4577 max: 10158.483
Region: solid Diffusion Number mean: 5397.6312 max: 53365.575
Time = 5116s

PIMPLE: Iteration 1

Solving for solid region solid
DICPCG:  Solving for e, Initial residual = 0.00017798087, Final residual = 2.4389525e-06, No Iterations 2
Min/max T:364.25978 543.49387

Solving for fluid region fluid
DILUPBiCGStab:  Solving for Ux, Initial residual = 9.0568174e-05, Final residual = 3.0534959e-07, No Iterations 1
DILUPBiCGStab:  Solving for Uy, Initial residual = 0.00010278662, Final residual = 1.0541368e-06, No Iterations 1
DILUPBiCGStab:  Solving for Uz, Initial residual = 0.00010547546, Final residual = 4.2233627e-07, No Iterations 1
DILUPBiCGStab:  Solving for h, Initial residual = 6.5874373e-05, Final residual = 2.1361546e-07, No Iterations 1
Min/max T:139.8 509.75797
GAMG:  Solving for p_rgh, Initial residual = 3.7569282e-05, Final residual = 4.4570973e-07, No Iterations 100
time step continuity errors : sum local = 0.0038393139, global = -2.7508278e-05, cumulative = -2.7508278e-05
GAMG:  Solving for p_rgh, Initial residual = 1.1200264e-05, Final residual = 1.038313e-07, No Iterations 72
time step continuity errors : sum local = 0.00089454529, global = -9.2676808e-06, cumulative = -3.6775959e-05
PIMPLE: Iteration 2

Solving for solid region solid
DICPCG:  Solving for e, Initial residual = 0.00017795703, Final residual = 2.4382746e-06, No Iterations 2
Min/max T:364.27647 543.5141

Solving for fluid region fluid
DILUPBiCGStab:  Solving for Ux, Initial residual = 9.071596e-05, Final residual = 3.0581847e-07, No Iterations 1
DILUPBiCGStab:  Solving for Uy, Initial residual = 0.00010249784, Final residual = 1.0630249e-06, No Iterations 1
DILUPBiCGStab:  Solving for Uz, Initial residual = 0.00010554266, Final residual = 4.2254471e-07, No Iterations 1
DILUPBiCGStab:  Solving for h, Initial residual = 6.5958513e-05, Final residual = 2.142484e-07, No Iterations 1
Min/max T:139.8 509.77804
GAMG:  Solving for p_rgh, Initial residual = 3.7518262e-05, Final residual = 4.3367162e-07, No Iterations 100
time step continuity errors : sum local = 0.0037359549, global = -2.3904334e-05, cumulative = -2.3904334e-05
GAMG:  Solving for p_rgh, Initial residual = 1.1194975e-05, Final residual = 1.063005e-07, No Iterations 68
time step continuity errors : sum local = 0.00091588782, global = -9.4376381e-06, cumulative = -3.3341972e-05
DILUPBiCGStab:  Solving for omega, Initial residual = 7.4960763e-06, Final residual = 3.1049266e-08, No Iterations 1
DILUPBiCGStab:  Solving for k, Initial residual = 9.5432233e-05, Final residual = 2.4402158e-07, No Iterations 1
ExecutionTime = 49.327292 s  ClockTime = 77 s

Region: fluid Courant Number mean: 6457.8123 max: 10160.398
Region: solid Diffusion Number mean: 5397.6312 max: 53365.575
Time = 5117s

PIMPLE: Iteration 1

Solving for solid region solid
DICPCG:  Solving for e, Initial residual = 0.00017794309, Final residual = 2.43843e-06, No Iterations 2
Min/max T:364.29316 543.53432

Solving for fluid region fluid
DILUPBiCGStab:  Solving for Ux, Initial residual = 9.0558055e-05, Final residual = 3.0530466e-07, No Iterations 1
DILUPBiCGStab:  Solving for Uy, Initial residual = 0.00010220924, Final residual = 1.0491403e-06, No Iterations 1
DILUPBiCGStab:  Solving for Uz, Initial residual = 0.00010557547, Final residual = 4.2232925e-07, No Iterations 1
DILUPBiCGStab:  Solving for h, Initial residual = 6.586469e-05, Final residual = 2.1359194e-07, No Iterations 1
Min/max T:139.8 509.79813
GAMG:  Solving for p_rgh, Initial residual = 3.7330591e-05, Final residual = 4.4740837e-07, No Iterations 100
time step continuity errors : sum local = 0.0038544447, global = -2.7744122e-05, cumulative = -2.7744122e-05
GAMG:  Solving for p_rgh, Initial residual = 1.1169001e-05, Final residual = 1.0421576e-07, No Iterations 72
time step continuity errors : sum local = 0.00089797323, global = -9.339725e-06, cumulative = -3.7083847e-05
PIMPLE: Iteration 2

Solving for solid region solid
DICPCG:  Solving for e, Initial residual = 0.00017791925, Final residual = 2.4377524e-06, No Iterations 2
Min/max T:364.30984 543.55454

Solving for fluid region fluid
DILUPBiCGStab:  Solving for Ux, Initial residual = 9.0705983e-05, Final residual = 3.0577769e-07, No Iterations 1
DILUPBiCGStab:  Solving for Uy, Initial residual = 0.00010227161, Final residual = 1.0639826e-06, No Iterations 1
DILUPBiCGStab:  Solving for Uz, Initial residual = 0.00010563735, Final residual = 4.2332143e-07, No Iterations 1
DILUPBiCGStab:  Solving for h, Initial residual = 6.5948641e-05, Final residual = 2.142184e-07, No Iterations 1
Min/max T:139.8 509.8182
GAMG:  Solving for p_rgh, Initial residual = 3.7087154e-05, Final residual = 4.3626337e-07, No Iterations 100
time step continuity errors : sum local = 0.0037587675, global = -2.3994315e-05, cumulative = -2.3994315e-05
GAMG:  Solving for p_rgh, Initial residual = 1.1100343e-05, Final residual = 1.0700027e-07, No Iterations 68
time step continuity errors : sum local = 0.0009220369, global = -9.2867495e-06, cumulative = -3.3281064e-05
DILUPBiCGStab:  Solving for omega, Initial residual = 7.4954671e-06, Final residual = 3.1046635e-08, No Iterations 1
DILUPBiCGStab:  Solving for k, Initial residual = 9.5430738e-05, Final residual = 2.4401353e-07, No Iterations 1
ExecutionTime = 49.690812 s  ClockTime = 78 s

Region: fluid Courant Number mean: 6458.167 max: 10162.317
Region: solid Diffusion Number mean: 5397.6312 max: 53365.575
Time = 5118s

PIMPLE: Iteration 1

Solving for solid region solid
DICPCG:  Solving for e, Initial residual = 0.00017790532, Final residual = 2.4379076e-06, No Iterations 2
Min/max T:364.32653 543.57476

Solving for fluid region fluid
DILUPBiCGStab:  Solving for Ux, Initial residual = 9.0545746e-05, Final residual = 3.0525611e-07, No Iterations 1
DILUPBiCGStab:  Solving for Uy, Initial residual = 0.00010208668, Final residual = 1.0497803e-06, No Iterations 1
DILUPBiCGStab:  Solving for Uz, Initial residual = 0.00010567578, Final residual = 4.2097277e-07, No Iterations 1
DILUPBiCGStab:  Solving for h, Initial residual = 6.5854784e-05, Final residual = 2.1356567e-07, No Iterations 1
Min/max T:139.8 509.83828
GAMG:  Solving for p_rgh, Initial residual = 3.7222879e-05, Final residual = 4.4486309e-07, No Iterations 100
time step continuity errors : sum local = 0.00383301, global = -2.7321451e-05, cumulative = -2.7321451e-05
GAMG:  Solving for p_rgh, Initial residual = 1.1064391e-05, Final residual = 1.0331844e-07, No Iterations 72
time step continuity errors : sum local = 0.00089035521, global = -9.2193911e-06, cumulative = -3.6540842e-05
PIMPLE: Iteration 2

Solving for solid region solid
DICPCG:  Solving for e, Initial residual = 0.00017788148, Final residual = 2.4372303e-06, No Iterations 2
Min/max T:364.34321 543.59498

Solving for fluid region fluid
DILUPBiCGStab:  Solving for Ux, Initial residual = 9.0685356e-05, Final residual = 3.057011e-07, No Iterations 1
DILUPBiCGStab:  Solving for Uy, Initial residual = 0.00010210814, Final residual = 1.0627008e-06, No Iterations 1
DILUPBiCGStab:  Solving for Uz, Initial residual = 0.00010574689, Final residual = 4.2305845e-07, No Iterations 1
DILUPBiCGStab:  Solving for h, Initial residual = 6.5938554e-05, Final residual = 2.141893e-07, No Iterations 1
Min/max T:139.8 509.85835
GAMG:  Solving for p_rgh, Initial residual = 3.7190398e-05, Final residual = 4.3567665e-07, No Iterations 100
time step continuity errors : sum local = 0.0037541886, global = -2.3963219e-05, cumulative = -2.3963219e-05
GAMG:  Solving for p_rgh, Initial residual = 1.1057851e-05, Final residual = 1.0739782e-07, No Iterations 68
time step continuity errors : sum local = 0.00092557672, global = -9.3201235e-06, cumulative = -3.3283343e-05
DILUPBiCGStab:  Solving for omega, Initial residual = 7.495016e-06, Final residual = 3.1043398e-08, No Iterations 1
DILUPBiCGStab:  Solving for k, Initial residual = 9.5427049e-05, Final residual = 2.4400321e-07, No Iterations 1
ExecutionTime = 50.046703 s  ClockTime = 78 s

Region: fluid Courant Number mean: 6458.5217 max: 10164.259
Region: solid Diffusion Number mean: 5397.6312 max: 53365.575
Time = 5119s

PIMPLE: Iteration 1

Solving for solid region solid
DICPCG:  Solving for e, Initial residual = 0.00017786755, Final residual = 2.4373853e-06, No Iterations 2
Min/max T:364.35989 543.61519

Solving for fluid region fluid
DILUPBiCGStab:  Solving for Ux, Initial residual = 9.0518926e-05, Final residual = 3.0516534e-07, No Iterations 1
DILUPBiCGStab:  Solving for Uy, Initial residual = 0.00010305732, Final residual = 1.0567514e-06, No Iterations 1
DILUPBiCGStab:  Solving for Uz, Initial residual = 0.00010574115, Final residual = 4.1975273e-07, No Iterations 1
DILUPBiCGStab:  Solving for h, Initial residual = 6.5844597e-05, Final residual = 2.135338e-07, No Iterations 1
Min/max T:139.8 509.87843
GAMG:  Solving for p_rgh, Initial residual = 3.6894423e-05, Final residual = 4.5020347e-07, No Iterations 100
time step continuity errors : sum local = 0.0038795082, global = -2.7971584e-05, cumulative = -2.7971584e-05
GAMG:  Solving for p_rgh, Initial residual = 1.1013091e-05, Final residual = 1.0546585e-07, No Iterations 72
time step continuity errors : sum local = 0.00090897823, global = -9.620415e-06, cumulative = -3.7591999e-05
PIMPLE: Iteration 2

Solving for solid region solid
DICPCG:  Solving for e, Initial residual = 0.00017784372, Final residual = 2.4367083e-06, No Iterations 2
Min/max T:364.37657 543.63541

Solving for fluid region fluid
DILUPBiCGStab:  Solving for Ux, Initial residual = 9.0678479e-05, Final residual = 3.0567313e-07, No Iterations 1
DILUPBiCGStab:  Solving for Uy, Initial residual = 0.00010359619, Final residual = 1.0733529e-06, No Iterations 1
DILUPBiCGStab:  Solving for Uz, Initial residual = 0.00010583463, Final residual = 4.2149726e-07, No Iterations 1
DILUPBiCGStab:  Solving for h, Initial residual = 6.5928143e-05, Final residual = 2.1415072e-07, No Iterations 1
Min/max T:139.8 509.89849
GAMG:  Solving for p_rgh, Initial residual = 3.6826577e-05, Final residual = 4.3687037e-07, No Iterations 100
time step continuity errors : sum local = 0.003764954, global = -2.3902951e-05, cumulative = -2.3902951e-05
GAMG:  Solving for p_rgh, Initial residual = 1.0995297e-05, Final residual = 1.074949e-07, No Iterations 68
time step continuity errors : sum local = 0.00092653434, global = -9.5666993e-06, cumulative = -3.3469651e-05
DILUPBiCGStab:  Solving for omega, Initial residual = 7.4945198e-06, Final residual = 3.1040191e-08, No Iterations 1
DILUPBiCGStab:  Solving for k, Initial residual = 9.5425211e-05, Final residual = 2.439941e-07, No Iterations 1
ExecutionTime = 50.407674 s  ClockTime = 78 s

Region: fluid Courant Number mean: 6458.8766 max: 10166.212
Region: solid Diffusion Number mean: 5397.6312 max: 53365.575
Time = 5120s

PIMPLE: Iteration 1

Solving for solid region solid
DICPCG:  Solving for e, Initial residual = 0.00017782978, Final residual = 2.4368629e-06, No Iterations 2
Min/max T:364.39324 543.65562

Solving for fluid region fluid
DILUPBiCGStab:  Solving for Ux, Initial residual = 9.0520568e-05, Final residual = 3.0516163e-07, No Iterations 1
DILUPBiCGStab:  Solving for Uy, Initial residual = 0.00010355021, Final residual = 1.0592072e-06, No Iterations 1
DILUPBiCGStab:  Solving for Uz, Initial residual = 0.00010584816, Final residual = 4.2030849e-07, No Iterations 1
DILUPBiCGStab:  Solving for h, Initial residual = 6.5834171e-05, Final residual = 2.1349995e-07, No Iterations 1
Min/max T:139.8 509.91857
GAMG:  Solving for p_rgh, Initial residual = 3.678521e-05, Final residual = 4.486143e-07, No Iterations 100
time step continuity errors : sum local = 0.0038663104, global = -2.7724032e-05, cumulative = -2.7724032e-05
GAMG:  Solving for p_rgh, Initial residual = 1.0973106e-05, Final residual = 1.0540076e-07, No Iterations 72
time step continuity errors : sum local = 0.00090853104, global = -9.5178082e-06, cumulative = -3.724184e-05
PIMPLE: Iteration 2

Solving for solid region solid
DICPCG:  Solving for e, Initial residual = 0.00017780595, Final residual = 2.4361863e-06, No Iterations 2
Min/max T:364.40991 543.67583

Solving for fluid region fluid
DILUPBiCGStab:  Solving for Ux, Initial residual = 9.066823e-05, Final residual = 3.0563562e-07, No Iterations 1
DILUPBiCGStab:  Solving for Uy, Initial residual = 0.0001032736, Final residual = 1.0698692e-06, No Iterations 1
DILUPBiCGStab:  Solving for Uz, Initial residual = 0.00010577819, Final residual = 4.2223333e-07, No Iterations 1
DILUPBiCGStab:  Solving for h, Initial residual = 6.5917534e-05, Final residual = 2.141153e-07, No Iterations 1
Min/max T:139.8 509.93862
GAMG:  Solving for p_rgh, Initial residual = 3.6890191e-05, Final residual = 4.4005581e-07, No Iterations 100
time step continuity errors : sum local = 0.003792886, global = -2.4060544e-05, cumulative = -2.4060544e-05
GAMG:  Solving for p_rgh, Initial residual = 1.1006736e-05, Final residual = 1.0935222e-07, No Iterations 68
time step continuity errors : sum local = 0.00094266262, global = -9.5404684e-06, cumulative = -3.3601012e-05
DILUPBiCGStab:  Solving for omega, Initial residual = 7.4940628e-06, Final residual = 3.1036904e-08, No Iterations 1
DILUPBiCGStab:  Solving for k, Initial residual = 9.5423782e-05, Final residual = 2.439857e-07, No Iterations 1
ExecutionTime = 50.928792 s  ClockTime = 79 s

Region: fluid Courant Number mean: 6459.2316 max: 10168.168
Region: solid Diffusion Number mean: 5397.6312 max: 53365.575
Time = 5121s

PIMPLE: Iteration 1

Solving for solid region solid
DICPCG:  Solving for e, Initial residual = 0.00017779201, Final residual = 2.4363405e-06, No Iterations 2
Min/max T:364.42658 543.69604

Solving for fluid region fluid
DILUPBiCGStab:  Solving for Ux, Initial residual = 9.0512507e-05, Final residual = 3.0513564e-07, No Iterations 1
DILUPBiCGStab:  Solving for Uy, Initial residual = 0.00010340458, Final residual = 1.0557065e-06, No Iterations 1
DILUPBiCGStab:  Solving for Uz, Initial residual = 0.00010587325, Final residual = 4.2340476e-07, No Iterations 1
DILUPBiCGStab:  Solving for h, Initial residual = 6.5823567e-05, Final residual = 2.1346613e-07, No Iterations 1
Min/max T:139.8 509.9587
GAMG:  Solving for p_rgh, Initial residual = 3.6665533e-05, Final residual = 4.5106739e-07, No Iterations 100
time step continuity errors : sum local = 0.0038879418, global = -2.7079281e-05, cumulative = -2.7079281e-05
GAMG:  Solving for p_rgh, Initial residual = 1.0953876e-05, Final residual = 1.0547701e-07, No Iterations 72
time step continuity errors : sum local = 0.00090930312, global = -9.543021e-06, cumulative = -3.6622302e-05
PIMPLE: Iteration 2

Solving for solid region solid
DICPCG:  Solving for e, Initial residual = 0.00017776819, Final residual = 2.4356642e-06, No Iterations 2
Min/max T:364.44325 543.71624

Solving for fluid region fluid
DILUPBiCGStab:  Solving for Ux, Initial residual = 9.0662653e-05, Final residual = 3.0561603e-07, No Iterations 1
DILUPBiCGStab:  Solving for Uy, Initial residual = 0.00010320121, Final residual = 1.0700186e-06, No Iterations 1
DILUPBiCGStab:  Solving for Uz, Initial residual = 0.00010593314, Final residual = 4.2573294e-07, No Iterations 1
DILUPBiCGStab:  Solving for h, Initial residual = 6.5906791e-05, Final residual = 2.1408006e-07, No Iterations 1
Min/max T:139.8 509.97875
GAMG:  Solving for p_rgh, Initial residual = 3.6996452e-05, Final residual = 4.315812e-07, No Iterations 100
time step continuity errors : sum local = 0.0037203105, global = -2.347203e-05, cumulative = -2.347203e-05
GAMG:  Solving for p_rgh, Initial residual = 1.1029605e-05, Final residual = 1.0535747e-07, No Iterations 68
time step continuity errors : sum local = 0.0009083385, global = -9.0858198e-06, cumulative = -3.2557849e-05
DILUPBiCGStab:  Solving for omega, Initial residual = 7.4934964e-06, Final residual = 3.1033803e-08, No Iterations 1
DILUPBiCGStab:  Solving for k, Initial residual = 9.5422338e-05, Final residual = 2.4397771e-07, No Iterations 1
ExecutionTime = 51.344415 s  ClockTime = 80 s

Region: fluid Courant Number mean: 6459.5868 max: 10170.127
Region: solid Diffusion Number mean: 5397.6312 max: 53365.575
Time = 5122s

PIMPLE: Iteration 1

Solving for solid region solid
DICPCG:  Solving for e, Initial residual = 0.00017775425, Final residual = 2.4358181e-06, No Iterations 2
Min/max T:364.45991 543.73644

Solving for fluid region fluid
DILUPBiCGStab:  Solving for Ux, Initial residual = 9.0496967e-05, Final residual = 3.0507675e-07, No Iterations 1
DILUPBiCGStab:  Solving for Uy, Initial residual = 0.00010348275, Final residual = 1.0551184e-06, No Iterations 1
DILUPBiCGStab:  Solving for Uz, Initial residual = 0.00010597964, Final residual = 4.2079804e-07, No Iterations 1
DILUPBiCGStab:  Solving for h, Initial residual = 6.581285e-05, Final residual = 2.1343108e-07, No Iterations 1
Min/max T:139.8 509.99882
GAMG:  Solving for p_rgh, Initial residual = 3.705705e-05, Final residual = 4.5430851e-07, No Iterations 100
time step continuity errors : sum local = 0.0039163666, global = -2.819616e-05, cumulative = -2.819616e-05
GAMG:  Solving for p_rgh, Initial residual = 1.105986e-05, Final residual = 1.0729682e-07, No Iterations 72
time step continuity errors : sum local = 0.0009251083, global = -9.7903319e-06, cumulative = -3.7986492e-05
PIMPLE: Iteration 2

Solving for solid region solid
DICPCG:  Solving for e, Initial residual = 0.00017773043, Final residual = 2.4351422e-06, No Iterations 2
Min/max T:364.47657 543.75665

Solving for fluid region fluid
DILUPBiCGStab:  Solving for Ux, Initial residual = 9.0657131e-05, Final residual = 3.055875e-07, No Iterations 1
DILUPBiCGStab:  Solving for Uy, Initial residual = 0.00010307927, Final residual = 1.066559e-06, No Iterations 1
DILUPBiCGStab:  Solving for Uz, Initial residual = 0.00010599442, Final residual = 4.2205768e-07, No Iterations 1
DILUPBiCGStab:  Solving for h, Initial residual = 6.5895946e-05, Final residual = 2.1404298e-07, No Iterations 1
Min/max T:139.8 510.01887
GAMG:  Solving for p_rgh, Initial residual = 3.6741978e-05, Final residual = 4.3817298e-07, No Iterations 100
time step continuity errors : sum local = 0.0037776075, global = -2.3985137e-05, cumulative = -2.3985137e-05
GAMG:  Solving for p_rgh, Initial residual = 1.0996699e-05, Final residual = 1.086328e-07, No Iterations 68
time step continuity errors : sum local = 0.00093669538, global = -9.5511515e-06, cumulative = -3.3536288e-05
DILUPBiCGStab:  Solving for omega, Initial residual = 7.4928859e-06, Final residual = 3.1030595e-08, No Iterations 1
DILUPBiCGStab:  Solving for k, Initial residual = 9.5421949e-05, Final residual = 2.4397152e-07, No Iterations 1
ExecutionTime = 51.697791 s  ClockTime = 80 s

Region: fluid Courant Number mean: 6459.942 max: 10172.087
Region: solid Diffusion Number mean: 5397.6312 max: 53365.575
Time = 5123s

PIMPLE: Iteration 1

Solving for solid region solid
DICPCG:  Solving for e, Initial residual = 0.00017771649, Final residual = 2.4352958e-06, No Iterations 2
Min/max T:364.49323 543.77685

Solving for fluid region fluid
DILUPBiCGStab:  Solving for Ux, Initial residual = 9.0491903e-05, Final residual = 3.050519e-07, No Iterations 1
DILUPBiCGStab:  Solving for Uy, Initial residual = 0.0001032051, Final residual = 1.052454e-06, No Iterations 1
DILUPBiCGStab:  Solving for Uz, Initial residual = 0.00010601167, Final residual = 4.2019086e-07, No Iterations 1
DILUPBiCGStab:  Solving for h, Initial residual = 6.5802058e-05, Final residual = 2.1339331e-07, No Iterations 1
Min/max T:139.8 510.03893
GAMG:  Solving for p_rgh, Initial residual = 3.6850282e-05, Final residual = 4.4850102e-07, No Iterations 100
time step continuity errors : sum local = 0.0038667898, global = -2.7592887e-05, cumulative = -2.7592887e-05
GAMG:  Solving for p_rgh, Initial residual = 1.1024645e-05, Final residual = 1.0518019e-07, No Iterations 72
time step continuity errors : sum local = 0.00090697096, global = -9.4131265e-06, cumulative = -3.7006014e-05
PIMPLE: Iteration 2

Solving for solid region solid
DICPCG:  Solving for e, Initial residual = 0.00017769268, Final residual = 2.4346202e-06, No Iterations 2
Min/max T:364.50989 543.79704

Solving for fluid region fluid
DILUPBiCGStab:  Solving for Ux, Initial residual = 9.0641299e-05, Final residual = 3.0553066e-07, No Iterations 1
DILUPBiCGStab:  Solving for Uy, Initial residual = 0.00010302799, Final residual = 1.0644884e-06, No Iterations 1
DILUPBiCGStab:  Solving for Uz, Initial residual = 0.00010599351, Final residual = 4.2159579e-07, No Iterations 1
DILUPBiCGStab:  Solving for h, Initial residual = 6.5885079e-05, Final residual = 2.1400716e-07, No Iterations 1
Min/max T:139.8 510.05898
GAMG:  Solving for p_rgh, Initial residual = 3.6946162e-05, Final residual = 4.3706789e-07, No Iterations 100
time step continuity errors : sum local = 0.0037685518, global = -2.3885325e-05, cumulative = -2.3885325e-05
GAMG:  Solving for p_rgh, Initial residual = 1.1058556e-05, Final residual = 1.0884444e-07, No Iterations 68
time step continuity errors : sum local = 0.00093863885, global = -9.4333346e-06, cumulative = -3.331866e-05
DILUPBiCGStab:  Solving for omega, Initial residual = 7.492317e-06, Final residual = 3.1027781e-08, No Iterations 1
DILUPBiCGStab:  Solving for k, Initial residual = 9.5421461e-05, Final residual = 2.4396596e-07, No Iterations 1
ExecutionTime = 52.033515 s  ClockTime = 80 s

Region: fluid Courant Number mean: 6460.2973 max: 10174.046
Region: solid Diffusion Number mean: 5397.6312 max: 53365.575
Time = 5124s

PIMPLE: Iteration 1

Solving for solid region solid
DICPCG:  Solving for e, Initial residual = 0.00017767873, Final residual = 2.4347737e-06, No Iterations 2
Min/max T:364.52654 543.81724

Solving for fluid region fluid
DILUPBiCGStab:  Solving for Ux, Initial residual = 9.0485724e-05, Final residual = 3.0502636e-07, No Iterations 1
DILUPBiCGStab:  Solving for Uy, Initial residual = 0.00010320583, Final residual = 1.0512582e-06, No Iterations 1
DILUPBiCGStab:  Solving for Uz, Initial residual = 0.00010599822, Final residual = 4.2048116e-07, No Iterations 1
DILUPBiCGStab:  Solving for h, Initial residual = 6.5791257e-05, Final residual = 2.1335703e-07, No Iterations 1
Min/max T:139.8 510.07904
GAMG:  Solving for p_rgh, Initial residual = 3.6941205e-05, Final residual = 4.4970468e-07, No Iterations 100
time step continuity errors : sum local = 0.0038776565, global = -2.7846473e-05, cumulative = -2.7846473e-05
GAMG:  Solving for p_rgh, Initial residual = 1.1047528e-05, Final residual = 1.0615312e-07, No Iterations 72
time step continuity errors : sum local = 0.00091547673, global = -9.6117544e-06, cumulative = -3.7458227e-05
PIMPLE: Iteration 2

Solving for solid region solid
DICPCG:  Solving for e, Initial residual = 0.00017765493, Final residual = 2.4340984e-06, No Iterations 2
Min/max T:364.5432 543.83743

Solving for fluid region fluid
DILUPBiCGStab:  Solving for Ux, Initial residual = 9.0635602e-05, Final residual = 3.055034e-07, No Iterations 1
DILUPBiCGStab:  Solving for Uy, Initial residual = 0.00010298359, Final residual = 1.0636342e-06, No Iterations 1
DILUPBiCGStab:  Solving for Uz, Initial residual = 0.00010597775, Final residual = 4.2202661e-07, No Iterations 1
DILUPBiCGStab:  Solving for h, Initial residual = 6.5874241e-05, Final residual = 2.1397283e-07, No Iterations 1
Min/max T:139.8 510.09909
GAMG:  Solving for p_rgh, Initial residual = 3.7079213e-05, Final residual = 4.3742792e-07, No Iterations 100
time step continuity errors : sum local = 0.0037721312, global = -2.4047032e-05, cumulative = -2.4047032e-05
GAMG:  Solving for p_rgh, Initial residual = 1.1094804e-05, Final residual = 1.0779219e-07, No Iterations 68
time step continuity errors : sum local = 0.00092967963, global = -9.3170971e-06, cumulative = -3.3364129e-05
DILUPBiCGStab:  Solving for omega, Initial residual = 7.4917979e-06, Final residual = 3.1025325e-08, No Iterations 1
DILUPBiCGStab:  Solving for k, Initial residual = 9.5420978e-05, Final residual = 2.4396094e-07, No Iterations 1
ExecutionTime = 52.381198 s  ClockTime = 81 s

Region: fluid Courant Number mean: 6460.6526 max: 10176.005
Region: solid Diffusion Number mean: 5397.6312 max: 53365.575
Time = 5125s

PIMPLE: Iteration 1

Solving for solid region solid
DICPCG:  Solving for e, Initial residual = 0.00017764098, Final residual = 2.4342516e-06, No Iterations 2
Min/max T:364.55985 543.85763

Solving for fluid region fluid
DILUPBiCGStab:  Solving for Ux, Initial residual = 9.0471619e-05, Final residual = 3.0497323e-07, No Iterations 1
DILUPBiCGStab:  Solving for Uy, Initial residual = 0.00010322249, Final residual = 1.0520871e-06, No Iterations 1
DILUPBiCGStab:  Solving for Uz, Initial residual = 0.00010597537, Final residual = 4.2068357e-07, No Iterations 1
DILUPBiCGStab:  Solving for h, Initial residual = 6.5780558e-05, Final residual = 2.1332286e-07, No Iterations 1
Min/max T:139.8 510.11914
GAMG:  Solving for p_rgh, Initial residual = 3.7313234e-05, Final residual = 4.5137597e-07, No Iterations 100
time step continuity errors : sum local = 0.0038925543, global = -2.7742706e-05, cumulative = -2.7742706e-05
GAMG:  Solving for p_rgh, Initial residual = 1.1170329e-05, Final residual = 1.0558865e-07, No Iterations 72
time step continuity errors : sum local = 0.00091072352, global = -9.4610436e-06, cumulative = -3.7203749e-05
PIMPLE: Iteration 2

Solving for solid region solid
DICPCG:  Solving for e, Initial residual = 0.00017761718, Final residual = 2.4335766e-06, No Iterations 2
Min/max T:364.57649 543.87782

Solving for fluid region fluid
DILUPBiCGStab:  Solving for Ux, Initial residual = 9.0623609e-05, Final residual = 3.0545989e-07, No Iterations 1
DILUPBiCGStab:  Solving for Uy, Initial residual = 0.00010311058, Final residual = 1.066453e-06, No Iterations 1
DILUPBiCGStab:  Solving for Uz, Initial residual = 0.00010594366, Final residual = 4.2058443e-07, No Iterations 1
DILUPBiCGStab:  Solving for h, Initial residual = 6.5863541e-05, Final residual = 2.1393838e-07, No Iterations 1
Min/max T:139.8 510.13918
GAMG:  Solving for p_rgh, Initial residual = 3.7881204e-05, Final residual = 4.3636079e-07, No Iterations 100
time step continuity errors : sum local = 0.0037634015, global = -2.3839175e-05, cumulative = -2.3839175e-05
GAMG:  Solving for p_rgh, Initial residual = 1.1322314e-05, Final residual = 1.0791542e-07, No Iterations 68
time step continuity errors : sum local = 0.00093085973, global = -9.2460973e-06, cumulative = -3.3085272e-05
DILUPBiCGStab:  Solving for omega, Initial residual = 7.4913595e-06, Final residual = 3.1023476e-08, No Iterations 1
DILUPBiCGStab:  Solving for k, Initial residual = 9.5420068e-05, Final residual = 2.4395676e-07, No Iterations 1
ExecutionTime = 52.785357 s  ClockTime = 81 s

Region: fluid Courant Number mean: 6461.008 max: 10177.963
Region: solid Diffusion Number mean: 5397.6312 max: 53365.575
Time = 5126s

PIMPLE: Iteration 1

Solving for solid region solid
DICPCG:  Solving for e, Initial residual = 0.00017760323, Final residual = 2.4337296e-06, No Iterations 2
Min/max T:364.59314 543.898

Solving for fluid region fluid
DILUPBiCGStab:  Solving for Ux, Initial residual = 9.0455949e-05, Final residual = 3.0492028e-07, No Iterations 1
DILUPBiCGStab:  Solving for Uy, Initial residual = 0.00010301696, Final residual = 1.0579233e-06, No Iterations 1
DILUPBiCGStab:  Solving for Uz, Initial residual = 0.00010582289, Final residual = 4.1969974e-07, No Iterations 1
DILUPBiCGStab:  Solving for h, Initial residual = 6.5769988e-05, Final residual = 2.13288e-07, No Iterations 1
Min/max T:139.8 510.15923
GAMG:  Solving for p_rgh, Initial residual = 3.7722249e-05, Final residual = 4.5068743e-07, No Iterations 100
time step continuity errors : sum local = 0.0038871037, global = -2.7569197e-05, cumulative = -2.7569197e-05
GAMG:  Solving for p_rgh, Initial residual = 1.1295527e-05, Final residual = 1.0499244e-07, No Iterations 72
time step continuity errors : sum local = 0.00090569404, global = -9.2834697e-06, cumulative = -3.6852666e-05
PIMPLE: Iteration 2

Solving for solid region solid
DICPCG:  Solving for e, Initial residual = 0.00017757944, Final residual = 2.4330549e-06, No Iterations 2
Min/max T:364.60978 543.91819

Solving for fluid region fluid
DILUPBiCGStab:  Solving for Ux, Initial residual = 9.0603715e-05, Final residual = 3.0539406e-07, No Iterations 1
DILUPBiCGStab:  Solving for Uy, Initial residual = 0.00010340782, Final residual = 1.07597e-06, No Iterations 1
DILUPBiCGStab:  Solving for Uz, Initial residual = 0.00010576977, Final residual = 4.2238931e-07, No Iterations 1
DILUPBiCGStab:  Solving for h, Initial residual = 6.5852987e-05, Final residual = 2.1390503e-07, No Iterations 1
Min/max T:139.8 510.17927
GAMG:  Solving for p_rgh, Initial residual = 3.7626503e-05, Final residual = 4.3694411e-07, No Iterations 100
time step continuity errors : sum local = 0.0037689031, global = -2.3824576e-05, cumulative = -2.3824576e-05
GAMG:  Solving for p_rgh, Initial residual = 1.1257009e-05, Final residual = 1.0720223e-07, No Iterations 68
time step continuity errors : sum local = 0.00092482446, global = -9.1464505e-06, cumulative = -3.2971026e-05
DILUPBiCGStab:  Solving for omega, Initial residual = 7.4909458e-06, Final residual = 3.1021895e-08, No Iterations 1
DILUPBiCGStab:  Solving for k, Initial residual = 9.5418439e-05, Final residual = 2.4395168e-07, No Iterations 1
ExecutionTime = 53.125873 s  ClockTime = 81 s

Region: fluid Courant Number mean: 6461.3635 max: 10179.921
Region: solid Diffusion Number mean: 5397.6312 max: 53365.575
Time = 5127s

PIMPLE: Iteration 1

Solving for solid region solid
DICPCG:  Solving for e, Initial residual = 0.00017756549, Final residual = 2.4332077e-06, No Iterations 2
Min/max T:364.62642 543.93837

Solving for fluid region fluid
DILUPBiCGStab:  Solving for Ux, Initial residual = 9.0445457e-05, Final residual = 3.0488005e-07, No Iterations 1
DILUPBiCGStab:  Solving for Uy, Initial residual = 0.00010339872, Final residual = 1.0639301e-06, No Iterations 1
DILUPBiCGStab:  Solving for Uz, Initial residual = 0.00010576886, Final residual = 4.2071239e-07, No Iterations 1
DILUPBiCGStab:  Solving for h, Initial residual = 6.575956e-05, Final residual = 2.1325486e-07, No Iterations 1
Min/max T:139.8 510.19932
GAMG:  Solving for p_rgh, Initial residual = 3.7490398e-05, Final residual = 4.4811514e-07, No Iterations 100
time step continuity errors : sum local = 0.0038654065, global = -2.7331412e-05, cumulative = -2.7331412e-05
GAMG:  Solving for p_rgh, Initial residual = 1.1236562e-05, Final residual = 1.0427085e-07, No Iterations 72
time step continuity errors : sum local = 0.00089958187, global = -9.2744155e-06, cumulative = -3.6605828e-05
PIMPLE: Iteration 2

Solving for solid region solid
DICPCG:  Solving for e, Initial residual = 0.0001775417, Final residual = 2.4325333e-06, No Iterations 2
Min/max T:364.64305 543.95856

Solving for fluid region fluid
DILUPBiCGStab:  Solving for Ux, Initial residual = 9.0593365e-05, Final residual = 3.0535196e-07, No Iterations 1
DILUPBiCGStab:  Solving for Uy, Initial residual = 0.00010291012, Final residual = 1.0726623e-06, No Iterations 1
DILUPBiCGStab:  Solving for Uz, Initial residual = 0.00010573878, Final residual = 4.2319907e-07, No Iterations 1
DILUPBiCGStab:  Solving for h, Initial residual = 6.5842573e-05, Final residual = 2.1387181e-07, No Iterations 1
Min/max T:139.8 510.21935
GAMG:  Solving for p_rgh, Initial residual = 3.7589405e-05, Final residual = 4.358452e-07, No Iterations 100
time step continuity errors : sum local = 0.0037598975, global = -2.3594459e-05, cumulative = -2.3594459e-05
GAMG:  Solving for p_rgh, Initial residual = 1.1272912e-05, Final residual = 1.0654953e-07, No Iterations 68
time step continuity errors : sum local = 0.00091930956, global = -9.0295618e-06, cumulative = -3.2624021e-05
DILUPBiCGStab:  Solving for omega, Initial residual = 7.4905745e-06, Final residual = 3.1020647e-08, No Iterations 1
DILUPBiCGStab:  Solving for k, Initial residual = 9.541632e-05, Final residual = 2.4394586e-07, No Iterations 1
ExecutionTime = 53.462077 s  ClockTime = 82 s

Region: fluid Courant Number mean: 6461.7191 max: 10181.876
Region: solid Diffusion Number mean: 5397.6312 max: 53365.575
Time = 5128s

PIMPLE: Iteration 1

Solving for solid region solid
DICPCG:  Solving for e, Initial residual = 0.00017752775, Final residual = 2.4326858e-06, No Iterations 2
Min/max T:364.65969 543.97874

Solving for fluid region fluid
DILUPBiCGStab:  Solving for Ux, Initial residual = 9.0430901e-05, Final residual = 3.0482648e-07, No Iterations 1
DILUPBiCGStab:  Solving for Uy, Initial residual = 0.00010324846, Final residual = 1.0640743e-06, No Iterations 1
DILUPBiCGStab:  Solving for Uz, Initial residual = 0.00010571461, Final residual = 4.2222152e-07, No Iterations 1
DILUPBiCGStab:  Solving for h, Initial residual = 6.5749326e-05, Final residual = 2.1322039e-07, No Iterations 1
Min/max T:139.8 510.23939
GAMG:  Solving for p_rgh, Initial residual = 3.762717e-05, Final residual = 4.4889922e-07, No Iterations 100
time step continuity errors : sum local = 0.003872655, global = -2.9248214e-05, cumulative = -2.9248214e-05
GAMG:  Solving for p_rgh, Initial residual = 1.1280286e-05, Final residual = 1.0501874e-07, No Iterations 72
time step continuity errors : sum local = 0.00090614949, global = -9.3717425e-06, cumulative = -3.8619956e-05
PIMPLE: Iteration 2

Solving for solid region solid
DICPCG:  Solving for e, Initial residual = 0.00017750397, Final residual = 2.4320117e-06, No Iterations 2
Min/max T:364.67632 543.99892

Solving for fluid region fluid
DILUPBiCGStab:  Solving for Ux, Initial residual = 9.0581965e-05, Final residual = 3.0531001e-07, No Iterations 1
DILUPBiCGStab:  Solving for Uy, Initial residual = 0.00010356611, Final residual = 1.0810896e-06, No Iterations 1
DILUPBiCGStab:  Solving for Uz, Initial residual = 0.00010569696, Final residual = 4.228752e-07, No Iterations 1
DILUPBiCGStab:  Solving for h, Initial residual = 6.5832348e-05, Final residual = 2.1383394e-07, No Iterations 1
Min/max T:139.8 510.25942
GAMG:  Solving for p_rgh, Initial residual = 3.7522892e-05, Final residual = 4.3915431e-07, No Iterations 100
time step continuity errors : sum local = 0.0037889228, global = -2.3601509e-05, cumulative = -2.3601509e-05
GAMG:  Solving for p_rgh, Initial residual = 1.1261969e-05, Final residual = 1.0726717e-07, No Iterations 68
time step continuity errors : sum local = 0.00092561749, global = -9.2951226e-06, cumulative = -3.2896632e-05
DILUPBiCGStab:  Solving for omega, Initial residual = 7.4902188e-06, Final residual = 3.1019448e-08, No Iterations 1
DILUPBiCGStab:  Solving for k, Initial residual = 9.5414767e-05, Final residual = 2.4394139e-07, No Iterations 1
ExecutionTime = 53.885053 s  ClockTime = 82 s

Region: fluid Courant Number mean: 6462.0747 max: 10183.83
Region: solid Diffusion Number mean: 5397.6312 max: 53365.575
Time = 5129s

PIMPLE: Iteration 1

Solving for solid region solid
DICPCG:  Solving for e, Initial residual = 0.00017749002, Final residual = 2.432164e-06, No Iterations 2
Min/max T:364.69295 544.01909

Solving for fluid region fluid
DILUPBiCGStab:  Solving for Ux, Initial residual = 9.0421718e-05, Final residual = 3.0478799e-07, No Iterations 1
DILUPBiCGStab:  Solving for Uy, Initial residual = 0.00010396816, Final residual = 1.0722271e-06, No Iterations 1
DILUPBiCGStab:  Solving for Uz, Initial residual = 0.00010571891, Final residual = 4.1905286e-07, No Iterations 1
DILUPBiCGStab:  Solving for h, Initial residual = 6.5739233e-05, Final residual = 2.131815e-07, No Iterations 1
Min/max T:139.8 510.27946
GAMG:  Solving for p_rgh, Initial residual = 3.7715467e-05, Final residual = 4.4774292e-07, No Iterations 100
time step continuity errors : sum local = 0.0038631682, global = -2.6888432e-05, cumulative = -2.6888432e-05
GAMG:  Solving for p_rgh, Initial residual = 1.1323434e-05, Final residual = 1.1239759e-07, No Iterations 70
time step continuity errors : sum local = 0.00096993902, global = -1.0322705e-05, cumulative = -3.7211137e-05
PIMPLE: Iteration 2

Solving for solid region solid
DICPCG:  Solving for e, Initial residual = 0.00017746624, Final residual = 2.4314902e-06, No Iterations 2
Min/max T:364.70957 544.03927

Solving for fluid region fluid
DILUPBiCGStab:  Solving for Ux, Initial residual = 9.056798e-05, Final residual = 3.0525283e-07, No Iterations 1
DILUPBiCGStab:  Solving for Uy, Initial residual = 0.0001042661, Final residual = 1.0857778e-06, No Iterations 1
DILUPBiCGStab:  Solving for Uz, Initial residual = 0.00010572368, Final residual = 4.1856658e-07, No Iterations 1
DILUPBiCGStab:  Solving for h, Initial residual = 6.582227e-05, Final residual = 2.1379577e-07, No Iterations 1
Min/max T:139.8 510.29949
GAMG:  Solving for p_rgh, Initial residual = 3.7632622e-05, Final residual = 4.317218e-07, No Iterations 100
time step continuity errors : sum local = 0.0037252659, global = -2.3301743e-05, cumulative = -2.3301743e-05
GAMG:  Solving for p_rgh, Initial residual = 1.1290221e-05, Final residual = 1.0524299e-07, No Iterations 68
time step continuity errors : sum local = 0.0009082636, global = -8.9052444e-06, cumulative = -3.2206988e-05
DILUPBiCGStab:  Solving for omega, Initial residual = 7.489948e-06, Final residual = 3.1018766e-08, No Iterations 1
DILUPBiCGStab:  Solving for k, Initial residual = 9.5412137e-05, Final residual = 2.43935e-07, No Iterations 1
ExecutionTime = 54.282977 s  ClockTime = 83 s

Region: fluid Courant Number mean: 6462.4304 max: 10185.785
Region: solid Diffusion Number mean: 5397.6312 max: 53365.575
Time = 5130s

PIMPLE: Iteration 1

Solving for solid region solid
DICPCG:  Solving for e, Initial residual = 0.00017745229, Final residual = 2.4316423e-06, No Iterations 2
Min/max T:364.7262 544.05944

Solving for fluid region fluid
DILUPBiCGStab:  Solving for Ux, Initial residual = 9.0398972e-05, Final residual = 3.0470321e-07, No Iterations 1
DILUPBiCGStab:  Solving for Uy, Initial residual = 0.00010409246, Final residual = 1.0725626e-06, No Iterations 1
DILUPBiCGStab:  Solving for Uz, Initial residual = 0.00010577507, Final residual = 4.2027267e-07, No Iterations 1
DILUPBiCGStab:  Solving for h, Initial residual = 6.572929e-05, Final residual = 2.1314313e-07, No Iterations 1
Min/max T:139.8 510.31953
GAMG:  Solving for p_rgh, Initial residual = 3.7382953e-05, Final residual = 4.5060076e-07, No Iterations 100
time step continuity errors : sum local = 0.0038883121, global = -2.7605088e-05, cumulative = -2.7605088e-05
GAMG:  Solving for p_rgh, Initial residual = 1.1216004e-05, Final residual = 1.0516359e-07, No Iterations 72
time step continuity errors : sum local = 0.00090762739, global = -9.3668005e-06, cumulative = -3.6971889e-05
PIMPLE: Iteration 2

Solving for solid region solid
DICPCG:  Solving for e, Initial residual = 0.00017742851, Final residual = 2.4309688e-06, No Iterations 2
Min/max T:364.74282 544.07961

Solving for fluid region fluid
DILUPBiCGStab:  Solving for Ux, Initial residual = 9.0550743e-05, Final residual = 3.0518916e-07, No Iterations 1
DILUPBiCGStab:  Solving for Uy, Initial residual = 0.00010441184, Final residual = 1.0880029e-06, No Iterations 1
DILUPBiCGStab:  Solving for Uz, Initial residual = 0.00010577228, Final residual = 4.2390616e-07, No Iterations 1
DILUPBiCGStab:  Solving for h, Initial residual = 6.5812323e-05, Final residual = 2.1375612e-07, No Iterations 1
Min/max T:139.8 510.33955
GAMG:  Solving for p_rgh, Initial residual = 3.7363276e-05, Final residual = 4.3617549e-07, No Iterations 100
time step continuity errors : sum local = 0.0037641709, global = -2.402449e-05, cumulative = -2.402449e-05
GAMG:  Solving for p_rgh, Initial residual = 1.1210367e-05, Final residual = 1.0763367e-07, No Iterations 68
time step continuity errors : sum local = 0.00092901482, global = -9.372355e-06, cumulative = -3.3396845e-05
DILUPBiCGStab:  Solving for omega, Initial residual = 7.4896637e-06, Final residual = 3.1017983e-08, No Iterations 1
DILUPBiCGStab:  Solving for k, Initial residual = 9.5409753e-05, Final residual = 2.439285e-07, No Iterations 1
ExecutionTime = 54.667684 s  ClockTime = 83 s

Region: fluid Courant Number mean: 6462.7862 max: 10187.741
Region: solid Diffusion Number mean: 5397.6312 max: 53365.575
Time = 5131s

PIMPLE: Iteration 1

Solving for solid region solid
DICPCG:  Solving for e, Initial residual = 0.00017741457, Final residual = 2.4311208e-06, No Iterations 2
Min/max T:364.75944 544.09978

Solving for fluid region fluid
DILUPBiCGStab:  Solving for Ux, Initial residual = 9.0392017e-05, Final residual = 3.0467322e-07, No Iterations 1
DILUPBiCGStab:  Solving for Uy, Initial residual = 0.00010451416, Final residual = 1.077935e-06, No Iterations 1
DILUPBiCGStab:  Solving for Uz, Initial residual = 0.00010577714, Final residual = 4.2283504e-07, No Iterations 1
DILUPBiCGStab:  Solving for h, Initial residual = 6.5719451e-05, Final residual = 2.1310438e-07, No Iterations 1
Min/max T:139.8 510.35958
GAMG:  Solving for p_rgh, Initial residual = 3.742023e-05, Final residual = 4.4736714e-07, No Iterations 100
time step continuity errors : sum local = 0.0038608999, global = -2.7206281e-05, cumulative = -2.7206281e-05
GAMG:  Solving for p_rgh, Initial residual = 1.1209454e-05, Final residual = 1.0382635e-07, No Iterations 72
time step continuity errors : sum local = 0.00089620002, global = -9.2886307e-06, cumulative = -3.6494911e-05
PIMPLE: Iteration 2

Solving for solid region solid
DICPCG:  Solving for e, Initial residual = 0.0001773908, Final residual = 2.4304476e-06, No Iterations 2
Min/max T:364.77605 544.11995

Solving for fluid region fluid
DILUPBiCGStab:  Solving for Ux, Initial residual = 9.05388e-05, Final residual = 3.0514256e-07, No Iterations 1
DILUPBiCGStab:  Solving for Uy, Initial residual = 0.00010482282, Final residual = 1.0935617e-06, No Iterations 1
DILUPBiCGStab:  Solving for Uz, Initial residual = 0.0001057726, Final residual = 4.2792229e-07, No Iterations 1
DILUPBiCGStab:  Solving for h, Initial residual = 6.5802473e-05, Final residual = 2.1371838e-07, No Iterations 1
Min/max T:139.8 510.3796
GAMG:  Solving for p_rgh, Initial residual = 3.7736317e-05, Final residual = 4.302558e-07, No Iterations 100
time step continuity errors : sum local = 0.0037135549, global = -2.288795e-05, cumulative = -2.288795e-05
GAMG:  Solving for p_rgh, Initial residual = 1.1339795e-05, Final residual = 1.1258145e-07, No Iterations 66
time step continuity errors : sum local = 0.00097184157, global = -9.5108423e-06, cumulative = -3.2398792e-05
DILUPBiCGStab:  Solving for omega, Initial residual = 7.4894038e-06, Final residual = 3.1017288e-08, No Iterations 1
DILUPBiCGStab:  Solving for k, Initial residual = 9.5406183e-05, Final residual = 2.4391993e-07, No Iterations 1
ExecutionTime = 55.049607 s  ClockTime = 84 s

Region: fluid Courant Number mean: 6463.142 max: 10189.699
Region: solid Diffusion Number mean: 5397.6312 max: 53365.575
Time = 5132s

PIMPLE: Iteration 1

Solving for solid region solid
DICPCG:  Solving for e, Initial residual = 0.00017737685, Final residual = 2.4305992e-06, No Iterations 2
Min/max T:364.79267 544.14011

Solving for fluid region fluid
DILUPBiCGStab:  Solving for Ux, Initial residual = 9.036631e-05, Final residual = 3.0458518e-07, No Iterations 1
DILUPBiCGStab:  Solving for Uy, Initial residual = 0.00010514397, Final residual = 1.0831369e-06, No Iterations 1
DILUPBiCGStab:  Solving for Uz, Initial residual = 0.00010574322, Final residual = 4.3433867e-07, No Iterations 1
DILUPBiCGStab:  Solving for h, Initial residual = 6.5709729e-05, Final residual = 2.1307204e-07, No Iterations 1
Min/max T:139.8 510.39963
GAMG:  Solving for p_rgh, Initial residual = 3.7697045e-05, Final residual = 4.5512177e-07, No Iterations 100
time step continuity errors : sum local = 0.003928317, global = -2.7495211e-05, cumulative = -2.7495211e-05
GAMG:  Solving for p_rgh, Initial residual = 1.1264052e-05, Final residual = 1.0585613e-07, No Iterations 72
time step continuity errors : sum local = 0.00091383573, global = -9.2983519e-06, cumulative = -3.6793563e-05
PIMPLE: Iteration 2

Solving for solid region solid
DICPCG:  Solving for e, Initial residual = 0.00017735308, Final residual = 2.4299263e-06, No Iterations 2
Min/max T:364.80928 544.16027

Solving for fluid region fluid
DILUPBiCGStab:  Solving for Ux, Initial residual = 9.052414e-05, Final residual = 3.0509097e-07, No Iterations 1
DILUPBiCGStab:  Solving for Uy, Initial residual = 0.00010554706, Final residual = 1.0984149e-06, No Iterations 1
DILUPBiCGStab:  Solving for Uz, Initial residual = 0.00010571104, Final residual = 4.3417727e-07, No Iterations 1
DILUPBiCGStab:  Solving for h, Initial residual = 6.5792719e-05, Final residual = 2.1368915e-07, No Iterations 1
Min/max T:139.8 510.41964
GAMG:  Solving for p_rgh, Initial residual = 3.741777e-05, Final residual = 4.4211197e-07, No Iterations 100
time step continuity errors : sum local = 0.0038163697, global = -2.3913171e-05, cumulative = -2.3913171e-05
GAMG:  Solving for p_rgh, Initial residual = 1.1218617e-05, Final residual = 1.0847998e-07, No Iterations 68
time step continuity errors : sum local = 0.00093655806, global = -9.2207243e-06, cumulative = -3.3133896e-05
DILUPBiCGStab:  Solving for omega, Initial residual = 7.4890365e-06, Final residual = 3.1015952e-08, No Iterations 1
DILUPBiCGStab:  Solving for k, Initial residual = 9.5404272e-05, Final residual = 2.4391395e-07, No Iterations 1
ExecutionTime = 55.474895 s  ClockTime = 84 s

Region: fluid Courant Number mean: 6463.4979 max: 10191.657
Region: solid Diffusion Number mean: 5397.6312 max: 53365.575
Time = 5133s

PIMPLE: Iteration 1

Solving for solid region solid
DICPCG:  Solving for e, Initial residual = 0.00017733913, Final residual = 2.4300778e-06, No Iterations 2
Min/max T:364.82589 544.18044

Solving for fluid region fluid
DILUPBiCGStab:  Solving for Ux, Initial residual = 9.0369102e-05, Final residual = 3.0458874e-07, No Iterations 1
DILUPBiCGStab:  Solving for Uy, Initial residual = 0.00010573457, Final residual = 1.088612e-06, No Iterations 1
DILUPBiCGStab:  Solving for Uz, Initial residual = 0.00010573073, Final residual = 4.3304953e-07, No Iterations 1
DILUPBiCGStab:  Solving for h, Initial residual = 6.570006e-05, Final residual = 2.1304592e-07, No Iterations 1
Min/max T:139.8 510.43966
GAMG:  Solving for p_rgh, Initial residual = 3.7093194e-05, Final residual = 4.4585372e-07, No Iterations 100
time step continuity errors : sum local = 0.0038488186, global = -2.7359427e-05, cumulative = -2.7359427e-05
GAMG:  Solving for p_rgh, Initial residual = 1.110822e-05, Final residual = 1.0356606e-07, No Iterations 72
time step continuity errors : sum local = 0.00089418061, global = -9.1747234e-06, cumulative = -3.6534151e-05
PIMPLE: Iteration 2

Solving for solid region solid
DICPCG:  Solving for e, Initial residual = 0.00017731537, Final residual = 2.4294051e-06, No Iterations 2
Min/max T:364.84249 544.20059

Solving for fluid region fluid
DILUPBiCGStab:  Solving for Ux, Initial residual = 9.0517149e-05, Final residual = 3.0506074e-07, No Iterations 1
DILUPBiCGStab:  Solving for Uy, Initial residual = 0.00010600828, Final residual = 1.1010046e-06, No Iterations 1
DILUPBiCGStab:  Solving for Uz, Initial residual = 0.00010573532, Final residual = 4.3423883e-07, No Iterations 1
DILUPBiCGStab:  Solving for h, Initial residual = 6.5783026e-05, Final residual = 2.1365876e-07, No Iterations 1
Min/max T:139.8 510.45967
GAMG:  Solving for p_rgh, Initial residual = 3.7347233e-05, Final residual = 4.3460557e-07, No Iterations 100
time step continuity errors : sum local = 0.0037520552, global = -2.3842344e-05, cumulative = -2.3842344e-05
GAMG:  Solving for p_rgh, Initial residual = 1.1192088e-05, Final residual = 1.0584309e-07, No Iterations 68
time step continuity errors : sum local = 0.00091390953, global = -8.9631997e-06, cumulative = -3.2805544e-05
DILUPBiCGStab:  Solving for omega, Initial residual = 7.488625e-06, Final residual = 3.1014268e-08, No Iterations 1
DILUPBiCGStab:  Solving for k, Initial residual = 9.5403211e-05, Final residual = 2.4390941e-07, No Iterations 1
ExecutionTime = 55.974425 s  ClockTime = 85 s

Region: fluid Courant Number mean: 6463.854 max: 10193.616
Region: solid Diffusion Number mean: 5397.6312 max: 53365.575
Time = 5134s

PIMPLE: Iteration 1

Solving for solid region solid
DICPCG:  Solving for e, Initial residual = 0.00017730142, Final residual = 2.4295563e-06, No Iterations 2
Min/max T:364.8591 544.22075

Solving for fluid region fluid
DILUPBiCGStab:  Solving for Ux, Initial residual = 9.0361393e-05, Final residual = 3.0455622e-07, No Iterations 1
DILUPBiCGStab:  Solving for Uy, Initial residual = 0.0001060834, Final residual = 1.0901465e-06, No Iterations 1
DILUPBiCGStab:  Solving for Uz, Initial residual = 0.00010576533, Final residual = 4.3215585e-07, No Iterations 1
DILUPBiCGStab:  Solving for h, Initial residual = 6.5690494e-05, Final residual = 2.1301442e-07, No Iterations 1
Min/max T:139.8 510.4797
GAMG:  Solving for p_rgh, Initial residual = 3.7390921e-05, Final residual = 4.5156843e-07, No Iterations 100
time step continuity errors : sum local = 0.0038986492, global = -2.7659049e-05, cumulative = -2.7659049e-05
GAMG:  Solving for p_rgh, Initial residual = 1.1189293e-05, Final residual = 1.0542207e-07, No Iterations 72
time step continuity errors : sum local = 0.00091032306, global = -9.2375085e-06, cumulative = -3.6896557e-05
PIMPLE: Iteration 2

Solving for solid region solid
DICPCG:  Solving for e, Initial residual = 0.00017727767, Final residual = 2.428884e-06, No Iterations 2
Min/max T:364.8757 544.24091

Solving for fluid region fluid
DILUPBiCGStab:  Solving for Ux, Initial residual = 9.0515962e-05, Final residual = 3.0504982e-07, No Iterations 1
DILUPBiCGStab:  Solving for Uy, Initial residual = 0.00010643206, Final residual = 1.104275e-06, No Iterations 1
DILUPBiCGStab:  Solving for Uz, Initial residual = 0.00010577584, Final residual = 4.3612178e-07, No Iterations 1
DILUPBiCGStab:  Solving for h, Initial residual = 6.5773418e-05, Final residual = 2.1363376e-07, No Iterations 1
Min/max T:139.8 510.4997
GAMG:  Solving for p_rgh, Initial residual = 3.7259855e-05, Final residual = 4.3641864e-07, No Iterations 100
time step continuity errors : sum local = 0.0037681918, global = -2.3223943e-05, cumulative = -2.3223943e-05
GAMG:  Solving for p_rgh, Initial residual = 1.1174283e-05, Final residual = 1.0587587e-07, No Iterations 68
time step continuity errors : sum local = 0.000914309, global = -8.8997086e-06, cumulative = -3.2123651e-05
DILUPBiCGStab:  Solving for omega, Initial residual = 7.4881886e-06, Final residual = 3.1012216e-08, No Iterations 1
DILUPBiCGStab:  Solving for k, Initial residual = 9.540338e-05, Final residual = 2.4390719e-07, No Iterations 1
ExecutionTime = 56.852401 s  ClockTime = 86 s

Region: fluid Courant Number mean: 6464.2102 max: 10195.577
Region: solid Diffusion Number mean: 5397.6312 max: 53365.575
Time = 5135s

PIMPLE: Iteration 1

Solving for solid region solid
DICPCG:  Solving for e, Initial residual = 0.00017726372, Final residual = 2.4290348e-06, No Iterations 2
Min/max T:364.8923 544.26106

Solving for fluid region fluid
DILUPBiCGStab:  Solving for Ux, Initial residual = 9.0352953e-05, Final residual = 3.0452119e-07, No Iterations 1
DILUPBiCGStab:  Solving for Uy, Initial residual = 0.00010640477, Final residual = 1.0935641e-06, No Iterations 1
DILUPBiCGStab:  Solving for Uz, Initial residual = 0.0001058121, Final residual = 4.3619945e-07, No Iterations 1
DILUPBiCGStab:  Solving for h, Initial residual = 6.5680974e-05, Final residual = 2.1298734e-07, No Iterations 1
Min/max T:139.8 510.51972
GAMG:  Solving for p_rgh, Initial residual = 3.7397406e-05, Final residual = 4.4870169e-07, No Iterations 100
time step continuity errors : sum local = 0.0038743969, global = -2.7264418e-05, cumulative = -2.7264418e-05
GAMG:  Solving for p_rgh, Initial residual = 1.1206939e-05, Final residual = 1.0363658e-07, No Iterations 72
time step continuity errors : sum local = 0.00089501904, global = -9.1093323e-06, cumulative = -3.6373751e-05
PIMPLE: Iteration 2

Solving for solid region solid
DICPCG:  Solving for e, Initial residual = 0.00017723997, Final residual = 2.4283629e-06, No Iterations 2
Min/max T:364.90889 544.28121

Solving for fluid region fluid
DILUPBiCGStab:  Solving for Ux, Initial residual = 9.0505429e-05, Final residual = 3.0500877e-07, No Iterations 1
DILUPBiCGStab:  Solving for Uy, Initial residual = 0.00010669744, Final residual = 1.1057478e-06, No Iterations 1
DILUPBiCGStab:  Solving for Uz, Initial residual = 0.00010582929, Final residual = 4.3919418e-07, No Iterations 1
DILUPBiCGStab:  Solving for h, Initial residual = 6.5763829e-05, Final residual = 2.1360939e-07, No Iterations 1
Min/max T:139.8 510.53972
GAMG:  Solving for p_rgh, Initial residual = 3.7340663e-05, Final residual = 4.3219445e-07, No Iterations 100
time step continuity errors : sum local = 0.0037321989, global = -2.3467043e-05, cumulative = -2.3467043e-05
GAMG:  Solving for p_rgh, Initial residual = 1.117299e-05, Final residual = 1.0479008e-07, No Iterations 68
time step continuity errors : sum local = 0.00090504758, global = -8.9089395e-06, cumulative = -3.2375983e-05
DILUPBiCGStab:  Solving for omega, Initial residual = 7.4877607e-06, Final residual = 3.1010054e-08, No Iterations 1
DILUPBiCGStab:  Solving for k, Initial residual = 9.540358e-05, Final residual = 2.4390518e-07, No Iterations 1
ExecutionTime = 57.303097 s  ClockTime = 86 s

Region: fluid Courant Number mean: 6464.5664 max: 10197.539
Region: solid Diffusion Number mean: 5397.6312 max: 53365.575
Time = 5136s

PIMPLE: Iteration 1

Solving for solid region solid
DICPCG:  Solving for e, Initial residual = 0.00017722602, Final residual = 2.4285137e-06, No Iterations 2
Min/max T:364.92549 544.30136

Solving for fluid region fluid
DILUPBiCGStab:  Solving for Ux, Initial residual = 9.0341498e-05, Final residual = 3.0447559e-07, No Iterations 1
DILUPBiCGStab:  Solving for Uy, Initial residual = 0.00010645383, Final residual = 1.0911933e-06, No Iterations 1
DILUPBiCGStab:  Solving for Uz, Initial residual = 0.00010588072, Final residual = 4.3464791e-07, No Iterations 1
DILUPBiCGStab:  Solving for h, Initial residual = 6.5671406e-05, Final residual = 2.1296365e-07, No Iterations 1
Min/max T:139.8 510.55974
GAMG:  Solving for p_rgh, Initial residual = 3.7430268e-05, Final residual = 4.4791981e-07, No Iterations 100
time step continuity errors : sum local = 0.0038681406, global = -2.7591237e-05, cumulative = -2.7591237e-05
GAMG:  Solving for p_rgh, Initial residual = 1.1185384e-05, Final residual = 1.0414101e-07, No Iterations 72
time step continuity errors : sum local = 0.00089949071, global = -9.2387646e-06, cumulative = -3.6830002e-05
PIMPLE: Iteration 2

Solving for solid region solid
DICPCG:  Solving for e, Initial residual = 0.00017720227, Final residual = 2.4278419e-06, No Iterations 2
Min/max T:364.94208 544.32151

Solving for fluid region fluid
DILUPBiCGStab:  Solving for Ux, Initial residual = 9.0493529e-05, Final residual = 3.0495985e-07, No Iterations 1
DILUPBiCGStab:  Solving for Uy, Initial residual = 0.00010647992, Final residual = 1.1034907e-06, No Iterations 1
DILUPBiCGStab:  Solving for Uz, Initial residual = 0.0001059118, Final residual = 4.3507045e-07, No Iterations 1
DILUPBiCGStab:  Solving for h, Initial residual = 6.575418e-05, Final residual = 2.1358689e-07, No Iterations 1
Min/max T:139.8 510.57973
GAMG:  Solving for p_rgh, Initial residual = 3.7039716e-05, Final residual = 4.3545219e-07, No Iterations 100
time step continuity errors : sum local = 0.0037608118, global = -2.3917996e-05, cumulative = -2.3917996e-05
GAMG:  Solving for p_rgh, Initial residual = 1.1086043e-05, Final residual = 1.062755e-07, No Iterations 68
time step continuity errors : sum local = 0.00091799562, global = -8.9885724e-06, cumulative = -3.2906568e-05
DILUPBiCGStab:  Solving for omega, Initial residual = 7.4873287e-06, Final residual = 3.1007805e-08, No Iterations 1
DILUPBiCGStab:  Solving for k, Initial residual = 9.5403593e-05, Final residual = 2.4390249e-07, No Iterations 1
ExecutionTime = 57.773612 s  ClockTime = 86 s

Region: fluid Courant Number mean: 6464.9228 max: 10199.504
Region: solid Diffusion Number mean: 5397.6312 max: 53365.575
Time = 5137s

PIMPLE: Iteration 1

Solving for solid region solid
DICPCG:  Solving for e, Initial residual = 0.00017718832, Final residual = 2.4279924e-06, No Iterations 2
Min/max T:364.95867 544.34166

Solving for fluid region fluid
DILUPBiCGStab:  Solving for Ux, Initial residual = 9.0333823e-05, Final residual = 3.0444054e-07, No Iterations 1
DILUPBiCGStab:  Solving for Uy, Initial residual = 0.00010641901, Final residual = 1.0921049e-06, No Iterations 1
DILUPBiCGStab:  Solving for Uz, Initial residual = 0.00010595856, Final residual = 4.323841e-07, No Iterations 1
DILUPBiCGStab:  Solving for h, Initial residual = 6.5661811e-05, Final residual = 2.1294574e-07, No Iterations 1
Min/max T:139.8 510.59974
GAMG:  Solving for p_rgh, Initial residual = 3.7053041e-05, Final residual = 4.4942531e-07, No Iterations 100
time step continuity errors : sum local = 0.00388164, global = -2.7302405e-05, cumulative = -2.7302405e-05
GAMG:  Solving for p_rgh, Initial residual = 1.1050111e-05, Final residual = 1.0384635e-07, No Iterations 72
time step continuity errors : sum local = 0.00089706083, global = -9.1262843e-06, cumulative = -3.642869e-05
PIMPLE: Iteration 2

Solving for solid region solid
DICPCG:  Solving for e, Initial residual = 0.00017716458, Final residual = 2.4273209e-06, No Iterations 2
Min/max T:364.97525 544.3618

Solving for fluid region fluid
DILUPBiCGStab:  Solving for Ux, Initial residual = 9.0484335e-05, Final residual = 3.0492022e-07, No Iterations 1
DILUPBiCGStab:  Solving for Uy, Initial residual = 0.00010591786, Final residual = 1.0919899e-06, No Iterations 1
DILUPBiCGStab:  Solving for Uz, Initial residual = 0.00010598451, Final residual = 4.3510804e-07, No Iterations 1
DILUPBiCGStab:  Solving for h, Initial residual = 6.5744469e-05, Final residual = 2.1356962e-07, No Iterations 1
Min/max T:139.8 510.61974
GAMG:  Solving for p_rgh, Initial residual = 3.6833443e-05, Final residual = 4.3057318e-07, No Iterations 100
time step continuity errors : sum local = 0.0037191511, global = -2.3218762e-05, cumulative = -2.3218762e-05
GAMG:  Solving for p_rgh, Initial residual = 1.0987702e-05, Final residual = 1.0380968e-07, No Iterations 68
time step continuity errors : sum local = 0.00089681009, global = -8.5540494e-06, cumulative = -3.1772812e-05
DILUPBiCGStab:  Solving for omega, Initial residual = 7.4869397e-06, Final residual = 3.1005755e-08, No Iterations 1
DILUPBiCGStab:  Solving for k, Initial residual = 9.5402985e-05, Final residual = 2.4389899e-07, No Iterations 1
ExecutionTime = 58.310702 s  ClockTime = 87 s

Region: fluid Courant Number mean: 6465.2793 max: 10201.474
Region: solid Diffusion Number mean: 5397.6312 max: 53365.575
Time = 5138s

PIMPLE: Iteration 1

Solving for solid region solid
DICPCG:  Solving for e, Initial residual = 0.00017715063, Final residual = 2.4274712e-06, No Iterations 2
Min/max T:364.99184 544.38194

Solving for fluid region fluid
DILUPBiCGStab:  Solving for Ux, Initial residual = 9.0315008e-05, Final residual = 3.0437425e-07, No Iterations 1
DILUPBiCGStab:  Solving for Uy, Initial residual = 0.00010541971, Final residual = 1.0720425e-06, No Iterations 1
DILUPBiCGStab:  Solving for Uz, Initial residual = 0.00010600417, Final residual = 4.4062326e-07, No Iterations 1
DILUPBiCGStab:  Solving for h, Initial residual = 6.5652103e-05, Final residual = 2.1292876e-07, No Iterations 1
Min/max T:139.8 510.63975
GAMG:  Solving for p_rgh, Initial residual = 3.6567279e-05, Final residual = 4.4856133e-07, No Iterations 100
time step continuity errors : sum local = 0.003874672, global = -2.7360852e-05, cumulative = -2.7360852e-05
GAMG:  Solving for p_rgh, Initial residual = 1.0933371e-05, Final residual = 1.036056e-07, No Iterations 72
time step continuity errors : sum local = 0.00089509578, global = -9.034485e-06, cumulative = -3.6395337e-05
PIMPLE: Iteration 2

Solving for solid region solid
DICPCG:  Solving for e, Initial residual = 0.00017712689, Final residual = 2.4268001e-06, No Iterations 2
Min/max T:365.00842 544.40208

Solving for fluid region fluid
DILUPBiCGStab:  Solving for Ux, Initial residual = 9.0466053e-05, Final residual = 3.048593e-07, No Iterations 1
DILUPBiCGStab:  Solving for Uy, Initial residual = 0.00010521341, Final residual = 1.0822002e-06, No Iterations 1
DILUPBiCGStab:  Solving for Uz, Initial residual = 0.00010604247, Final residual = 4.4522228e-07, No Iterations 1
DILUPBiCGStab:  Solving for h, Initial residual = 6.5734614e-05, Final residual = 2.1355541e-07, No Iterations 1
Min/max T:139.8 510.65974
GAMG:  Solving for p_rgh, Initial residual = 3.6551873e-05, Final residual = 4.3424735e-07, No Iterations 100
time step continuity errors : sum local = 0.0037513677, global = -2.3805064e-05, cumulative = -2.3805064e-05
GAMG:  Solving for p_rgh, Initial residual = 1.0936787e-05, Final residual = 1.0479634e-07, No Iterations 68
time step continuity errors : sum local = 0.00090545242, global = -9.0417116e-06, cumulative = -3.2846775e-05
DILUPBiCGStab:  Solving for omega, Initial residual = 7.4865646e-06, Final residual = 3.100339e-08, No Iterations 1
DILUPBiCGStab:  Solving for k, Initial residual = 9.5402762e-05, Final residual = 2.4389478e-07, No Iterations 1
ExecutionTime = 58.8049 s  ClockTime = 88 s

Region: fluid Courant Number mean: 6465.6359 max: 10203.448
Region: solid Diffusion Number mean: 5397.6312 max: 53365.575
Time = 5139s

PIMPLE: Iteration 1

Solving for solid region solid
DICPCG:  Solving for e, Initial residual = 0.00017711294, Final residual = 2.4269502e-06, No Iterations 2
Min/max T:365.025 544.42222

Solving for fluid region fluid
DILUPBiCGStab:  Solving for Ux, Initial residual = 9.0313501e-05, Final residual = 3.0435991e-07, No Iterations 1
DILUPBiCGStab:  Solving for Uy, Initial residual = 0.00010509491, Final residual = 1.0680226e-06, No Iterations 1
DILUPBiCGStab:  Solving for Uz, Initial residual = 0.00010612212, Final residual = 4.4105379e-07, No Iterations 1
DILUPBiCGStab:  Solving for h, Initial residual = 6.5642195e-05, Final residual = 2.1291279e-07, No Iterations 1
Min/max T:139.8 510.67974
GAMG:  Solving for p_rgh, Initial residual = 3.6544519e-05, Final residual = 4.4695286e-07, No Iterations 100
time step continuity errors : sum local = 0.0038612815, global = -2.7628161e-05, cumulative = -2.7628161e-05
GAMG:  Solving for p_rgh, Initial residual = 1.093823e-05, Final residual = 1.0304667e-07, No Iterations 72
time step continuity errors : sum local = 0.00089038323, global = -9.093631e-06, cumulative = -3.6721792e-05
PIMPLE: Iteration 2

Solving for solid region solid
DICPCG:  Solving for e, Initial residual = 0.00017708921, Final residual = 2.4262793e-06, No Iterations 2
Min/max T:365.04157 544.44236

Solving for fluid region fluid
DILUPBiCGStab:  Solving for Ux, Initial residual = 9.0464124e-05, Final residual = 3.0483991e-07, No Iterations 1
DILUPBiCGStab:  Solving for Uy, Initial residual = 0.00010478802, Final residual = 1.0767753e-06, No Iterations 1
DILUPBiCGStab:  Solving for Uz, Initial residual = 0.00010615362, Final residual = 4.4047251e-07, No Iterations 1
DILUPBiCGStab:  Solving for h, Initial residual = 6.5724521e-05, Final residual = 2.1353859e-07, No Iterations 1
Min/max T:139.8 510.69973
GAMG:  Solving for p_rgh, Initial residual = 3.6711892e-05, Final residual = 4.3641509e-07, No Iterations 100
time step continuity errors : sum local = 0.0037705851, global = -2.379013e-05, cumulative = -2.379013e-05
GAMG:  Solving for p_rgh, Initial residual = 1.0993361e-05, Final residual = 1.0620451e-07, No Iterations 68
time step continuity errors : sum local = 0.0009177374, global = -8.9533256e-06, cumulative = -3.2743456e-05
DILUPBiCGStab:  Solving for omega, Initial residual = 7.4861871e-06, Final residual = 3.1001027e-08, No Iterations 1
DILUPBiCGStab:  Solving for k, Initial residual = 9.5402581e-05, Final residual = 2.4388927e-07, No Iterations 1
ExecutionTime = 59.330038 s  ClockTime = 88 s

Region: fluid Courant Number mean: 6465.9926 max: 10205.426
Region: solid Diffusion Number mean: 5397.6312 max: 53365.575
Time = 5140s

PIMPLE: Iteration 1

Solving for solid region solid
DICPCG:  Solving for e, Initial residual = 0.00017707526, Final residual = 2.4264289e-06, No Iterations 2
Min/max T:365.05815 544.46249

Solving for fluid region fluid
DILUPBiCGStab:  Solving for Ux, Initial residual = 9.0302193e-05, Final residual = 3.0431448e-07, No Iterations 1
DILUPBiCGStab:  Solving for Uy, Initial residual = 0.00010438849, Final residual = 1.0598741e-06, No Iterations 1
DILUPBiCGStab:  Solving for Uz, Initial residual = 0.00010622908, Final residual = 4.3116198e-07, No Iterations 1
DILUPBiCGStab:  Solving for h, Initial residual = 6.5632137e-05, Final residual = 2.1289583e-07, No Iterations 1
Min/max T:139.8 510.71972
GAMG:  Solving for p_rgh, Initial residual = 3.6821266e-05, Final residual = 4.4849778e-07, No Iterations 100
time step continuity errors : sum local = 0.0038751282, global = -2.7351894e-05, cumulative = -2.7351894e-05
GAMG:  Solving for p_rgh, Initial residual = 1.1031757e-05, Final residual = 1.0389033e-07, No Iterations 72
time step continuity errors : sum local = 0.00089778881, global = -9.0372921e-06, cumulative = -3.6389186e-05
PIMPLE: Iteration 2

Solving for solid region solid
DICPCG:  Solving for e, Initial residual = 0.00017705153, Final residual = 2.4257585e-06, No Iterations 2
Min/max T:365.07472 544.48262

Solving for fluid region fluid
DILUPBiCGStab:  Solving for Ux, Initial residual = 9.0452898e-05, Final residual = 3.0479582e-07, No Iterations 1
DILUPBiCGStab:  Solving for Uy, Initial residual = 0.00010473975, Final residual = 1.0785067e-06, No Iterations 1
DILUPBiCGStab:  Solving for Uz, Initial residual = 0.00010630817, Final residual = 4.2875384e-07, No Iterations 1
DILUPBiCGStab:  Solving for h, Initial residual = 6.5714289e-05, Final residual = 2.1352114e-07, No Iterations 1
Min/max T:139.8 510.73971
GAMG:  Solving for p_rgh, Initial residual = 3.6606904e-05, Final residual = 4.3399262e-07, No Iterations 100
time step continuity errors : sum local = 0.0037501396, global = -2.372963e-05, cumulative = -2.372963e-05
GAMG:  Solving for p_rgh, Initial residual = 1.097097e-05, Final residual = 1.0541665e-07, No Iterations 68
time step continuity errors : sum local = 0.0009110473, global = -9.0092234e-06, cumulative = -3.2738854e-05
DILUPBiCGStab:  Solving for omega, Initial residual = 7.4858193e-06, Final residual = 3.0998778e-08, No Iterations 1
DILUPBiCGStab:  Solving for k, Initial residual = 9.5402423e-05, Final residual = 2.4388484e-07, No Iterations 1
ExecutionTime = 59.876674 s  ClockTime = 89 s

Region: fluid Courant Number mean: 6466.3495 max: 10207.408
Region: solid Diffusion Number mean: 5397.6312 max: 53365.575
Time = 5141s

PIMPLE: Iteration 1

Solving for solid region solid
DICPCG:  Solving for e, Initial residual = 0.00017703757, Final residual = 2.4259079e-06, No Iterations 2
Min/max T:365.09129 544.50275

Solving for fluid region fluid
DILUPBiCGStab:  Solving for Ux, Initial residual = 9.0292599e-05, Final residual = 3.0427501e-07, No Iterations 1
DILUPBiCGStab:  Solving for Uy, Initial residual = 0.00010525596, Final residual = 1.0698048e-06, No Iterations 1
DILUPBiCGStab:  Solving for Uz, Initial residual = 0.00010637682, Final residual = 4.2374256e-07, No Iterations 1
DILUPBiCGStab:  Solving for h, Initial residual = 6.5621864e-05, Final residual = 2.1288411e-07, No Iterations 1
Min/max T:139.8 510.7597
GAMG:  Solving for p_rgh, Initial residual = 3.7024582e-05, Final residual = 4.4700787e-07, No Iterations 100
time step continuity errors : sum local = 0.0038627551, global = -2.7497077e-05, cumulative = -2.7497077e-05
GAMG:  Solving for p_rgh, Initial residual = 1.108928e-05, Final residual = 1.0352578e-07, No Iterations 72
time step continuity errors : sum local = 0.0008947543, global = -9.239687e-06, cumulative = -3.6736764e-05
PIMPLE: Iteration 2

Solving for solid region solid
DICPCG:  Solving for e, Initial residual = 0.00017701385, Final residual = 2.4252378e-06, No Iterations 2
Min/max T:365.10785 544.52288

Solving for fluid region fluid
DILUPBiCGStab:  Solving for Ux, Initial residual = 9.0443045e-05, Final residual = 3.0475418e-07, No Iterations 1
DILUPBiCGStab:  Solving for Uy, Initial residual = 0.00010530639, Final residual = 1.0830264e-06, No Iterations 1
DILUPBiCGStab:  Solving for Uz, Initial residual = 0.00010643651, Final residual = 4.231556e-07, No Iterations 1
DILUPBiCGStab:  Solving for h, Initial residual = 6.5703866e-05, Final residual = 2.1350841e-07, No Iterations 1
Min/max T:139.8 510.77968
GAMG:  Solving for p_rgh, Initial residual = 3.7125861e-05, Final residual = 4.3258041e-07, No Iterations 100
time step continuity errors : sum local = 0.0037384191, global = -2.2852707e-05, cumulative = -2.2852707e-05
GAMG:  Solving for p_rgh, Initial residual = 1.1131561e-05, Final residual = 1.0395555e-07, No Iterations 68
time step continuity errors : sum local = 0.00089853561, global = -8.9306219e-06, cumulative = -3.1783329e-05
DILUPBiCGStab:  Solving for omega, Initial residual = 7.4855769e-06, Final residual = 3.0997102e-08, No Iterations 1
DILUPBiCGStab:  Solving for k, Initial residual = 9.5400947e-05, Final residual = 2.4387775e-07, No Iterations 1
ExecutionTime = 60.335714 s  ClockTime = 89 s

Region: fluid Courant Number mean: 6466.7065 max: 10209.394
Region: solid Diffusion Number mean: 5397.6312 max: 53365.575
Time = 5142s

PIMPLE: Iteration 1

Solving for solid region solid
DICPCG:  Solving for e, Initial residual = 0.00017699989, Final residual = 2.4253868e-06, No Iterations 2
Min/max T:365.12441 544.54301

Solving for fluid region fluid
DILUPBiCGStab:  Solving for Ux, Initial residual = 9.027088e-05, Final residual = 3.0419951e-07, No Iterations 1
DILUPBiCGStab:  Solving for Uy, Initial residual = 0.00010627633, Final residual = 1.078487e-06, No Iterations 1
DILUPBiCGStab:  Solving for Uz, Initial residual = 0.00010650442, Final residual = 4.1759229e-07, No Iterations 1
DILUPBiCGStab:  Solving for h, Initial residual = 6.561145e-05, Final residual = 2.1286597e-07, No Iterations 1
Min/max T:139.8 510.79967
GAMG:  Solving for p_rgh, Initial residual = 3.7622505e-05, Final residual = 4.4338417e-07, No Iterations 100
time step continuity errors : sum local = 0.0038319291, global = -2.6709143e-05, cumulative = -2.6709143e-05
GAMG:  Solving for p_rgh, Initial residual = 1.1291667e-05, Final residual = 1.1104678e-07, No Iterations 70
time step continuity errors : sum local = 0.00095987673, global = -1.0161235e-05, cumulative = -3.6870378e-05
PIMPLE: Iteration 2

Solving for solid region solid
DICPCG:  Solving for e, Initial residual = 0.00017697618, Final residual = 2.4247171e-06, No Iterations 2
Min/max T:365.14098 544.56313

Solving for fluid region fluid
DILUPBiCGStab:  Solving for Ux, Initial residual = 9.0410877e-05, Final residual = 3.0464961e-07, No Iterations 1
DILUPBiCGStab:  Solving for Uy, Initial residual = 0.0001075138, Final residual = 1.1100621e-06, No Iterations 1
DILUPBiCGStab:  Solving for Uz, Initial residual = 0.00010645098, Final residual = 4.1559698e-07, No Iterations 1
DILUPBiCGStab:  Solving for h, Initial residual = 6.569329e-05, Final residual = 2.1349144e-07, No Iterations 1
Min/max T:139.8 510.81965
GAMG:  Solving for p_rgh, Initial residual = 3.7103927e-05, Final residual = 4.369748e-07, No Iterations 100
time step continuity errors : sum local = 0.0037768704, global = -2.3843435e-05, cumulative = -2.3843435e-05
GAMG:  Solving for p_rgh, Initial residual = 1.113443e-05, Final residual = 1.0689117e-07, No Iterations 68
time step continuity errors : sum local = 0.00092402615, global = -9.3309489e-06, cumulative = -3.3174384e-05
DILUPBiCGStab:  Solving for omega, Initial residual = 7.4852607e-06, Final residual = 3.0995088e-08, No Iterations 1
DILUPBiCGStab:  Solving for k, Initial residual = 9.5397185e-05, Final residual = 2.4386629e-07, No Iterations 1
ExecutionTime = 61.049077 s  ClockTime = 90 s

Region: fluid Courant Number mean: 6467.0635 max: 10211.383
Region: solid Diffusion Number mean: 5397.6312 max: 53365.575
Time = 5143s

PIMPLE: Iteration 1

Solving for solid region solid
DICPCG:  Solving for e, Initial residual = 0.00017696222, Final residual = 2.4248662e-06, No Iterations 2
Min/max T:365.15753 544.58326

Solving for fluid region fluid
DILUPBiCGStab:  Solving for Ux, Initial residual = 9.0252719e-05, Final residual = 3.0413684e-07, No Iterations 1
DILUPBiCGStab:  Solving for Uy, Initial residual = 0.00010819155, Final residual = 1.1048031e-06, No Iterations 1
DILUPBiCGStab:  Solving for Uz, Initial residual = 0.00010647721, Final residual = 4.1317651e-07, No Iterations 1
DILUPBiCGStab:  Solving for h, Initial residual = 6.5600801e-05, Final residual = 2.1284773e-07, No Iterations 1
Min/max T:139.8 510.83964
GAMG:  Solving for p_rgh, Initial residual = 3.7605913e-05, Final residual = 4.5186756e-07, No Iterations 100
time step continuity errors : sum local = 0.0039057412, global = -2.8081818e-05, cumulative = -2.8081818e-05
GAMG:  Solving for p_rgh, Initial residual = 1.1262986e-05, Final residual = 1.0665008e-07, No Iterations 72
time step continuity errors : sum local = 0.00092199327, global = -9.7197753e-06, cumulative = -3.7801593e-05
PIMPLE: Iteration 2

Solving for solid region solid
DICPCG:  Solving for e, Initial residual = 0.00017693851, Final residual = 2.4241967e-06, No Iterations 2
Min/max T:365.17409 544.60338

Solving for fluid region fluid
DILUPBiCGStab:  Solving for Ux, Initial residual = 9.0410077e-05, Final residual = 3.0463844e-07, No Iterations 1
DILUPBiCGStab:  Solving for Uy, Initial residual = 0.00010750751, Final residual = 1.1104081e-06, No Iterations 1
DILUPBiCGStab:  Solving for Uz, Initial residual = 0.00010643637, Final residual = 4.1524659e-07, No Iterations 1
DILUPBiCGStab:  Solving for h, Initial residual = 6.5682495e-05, Final residual = 2.1347544e-07, No Iterations 1
Min/max T:139.8 510.85961
GAMG:  Solving for p_rgh, Initial residual = 3.7658745e-05, Final residual = 4.3608128e-07, No Iterations 100
time step continuity errors : sum local = 0.0037696333, global = -2.3925551e-05, cumulative = -2.3925551e-05
GAMG:  Solving for p_rgh, Initial residual = 1.1317914e-05, Final residual = 1.0755983e-07, No Iterations 68
time step continuity errors : sum local = 0.00092992507, global = -9.1855754e-06, cumulative = -3.3111126e-05
DILUPBiCGStab:  Solving for omega, Initial residual = 7.4848732e-06, Final residual = 3.0993421e-08, No Iterations 1
DILUPBiCGStab:  Solving for k, Initial residual = 9.5394045e-05, Final residual = 2.4385707e-07, No Iterations 1
ExecutionTime = 61.728194 s  ClockTime = 91 s

Region: fluid Courant Number mean: 6467.4206 max: 10213.39
Region: solid Diffusion Number mean: 5397.6312 max: 53365.575
Time = 5144s

PIMPLE: Iteration 1

Solving for solid region solid
DICPCG:  Solving for e, Initial residual = 0.00017692455, Final residual = 2.424345e-06, No Iterations 2
Min/max T:365.19064 544.6235

Solving for fluid region fluid
DILUPBiCGStab:  Solving for Ux, Initial residual = 9.0241895e-05, Final residual = 3.0409111e-07, No Iterations 1
DILUPBiCGStab:  Solving for Uy, Initial residual = 0.00010754378, Final residual = 1.0964809e-06, No Iterations 1
DILUPBiCGStab:  Solving for Uz, Initial residual = 0.00010619499, Final residual = 4.0855458e-07, No Iterations 1
DILUPBiCGStab:  Solving for h, Initial residual = 6.5589942e-05, Final residual = 2.1282515e-07, No Iterations 1
Min/max T:139.8 510.87959
GAMG:  Solving for p_rgh, Initial residual = 3.8194969e-05, Final residual = 4.5242651e-07, No Iterations 100
time step continuity errors : sum local = 0.0039110731, global = -2.7529523e-05, cumulative = -2.7529523e-05
GAMG:  Solving for p_rgh, Initial residual = 1.1444336e-05, Final residual = 1.1435059e-07, No Iterations 70
time step continuity errors : sum local = 0.00098868809, global = -1.0358974e-05, cumulative = -3.7888497e-05
PIMPLE: Iteration 2

Solving for solid region solid
DICPCG:  Solving for e, Initial residual = 0.00017690085, Final residual = 2.423676e-06, No Iterations 2
Min/max T:365.20719 544.64361

Solving for fluid region fluid
DILUPBiCGStab:  Solving for Ux, Initial residual = 9.0391238e-05, Final residual = 3.0456727e-07, No Iterations 1
DILUPBiCGStab:  Solving for Uy, Initial residual = 0.00010910805, Final residual = 1.1174525e-06, No Iterations 1
DILUPBiCGStab:  Solving for Uz, Initial residual = 0.00010575062, Final residual = 4.1160912e-07, No Iterations 1
DILUPBiCGStab:  Solving for h, Initial residual = 6.5671056e-05, Final residual = 2.1344878e-07, No Iterations 1
Min/max T:139.8 510.89956
GAMG:  Solving for p_rgh, Initial residual = 3.7725085e-05, Final residual = 4.3420935e-07, No Iterations 100
time step continuity errors : sum local = 0.0037539291, global = -2.3855509e-05, cumulative = -2.3855509e-05
GAMG:  Solving for p_rgh, Initial residual = 1.1333383e-05, Final residual = 1.0668328e-07, No Iterations 68
time step continuity errors : sum local = 0.00092246509, global = -9.2406814e-06, cumulative = -3.309619e-05
DILUPBiCGStab:  Solving for omega, Initial residual = 7.4846654e-06, Final residual = 3.0991766e-08, No Iterations 1
DILUPBiCGStab:  Solving for k, Initial residual = 9.5391136e-05, Final residual = 2.4384997e-07, No Iterations 1
ExecutionTime = 62.369476 s  ClockTime = 92 s

Region: fluid Courant Number mean: 6467.7776 max: 10215.334
Region: solid Diffusion Number mean: 5397.6312 max: 53365.575
Time = 5145s

PIMPLE: Iteration 1

Solving for solid region solid
DICPCG:  Solving for e, Initial residual = 0.00017688688, Final residual = 2.4238243e-06, No Iterations 2
Min/max T:365.22374 544.66373

Solving for fluid region fluid
DILUPBiCGStab:  Solving for Ux, Initial residual = 9.0230682e-05, Final residual = 3.0404746e-07, No Iterations 1
DILUPBiCGStab:  Solving for Uy, Initial residual = 0.00010981846, Final residual = 1.1090845e-06, No Iterations 1
DILUPBiCGStab:  Solving for Uz, Initial residual = 0.00010572762, Final residual = 4.0651969e-07, No Iterations 1
DILUPBiCGStab:  Solving for h, Initial residual = 6.5578464e-05, Final residual = 2.1279739e-07, No Iterations 1
Min/max T:139.8 510.91954
GAMG:  Solving for p_rgh, Initial residual = 3.78209e-05, Final residual = 4.5043648e-07, No Iterations 100
time step continuity errors : sum local = 0.003894369, global = -2.782076e-05, cumulative = -2.782076e-05
GAMG:  Solving for p_rgh, Initial residual = 1.1344209e-05, Final residual = 1.052003e-07, No Iterations 72
time step continuity errors : sum local = 0.00090969181, global = -9.6965492e-06, cumulative = -3.751731e-05
PIMPLE: Iteration 2

Solving for solid region solid
DICPCG:  Solving for e, Initial residual = 0.00017686318, Final residual = 2.4231555e-06, No Iterations 2
Min/max T:365.24029 544.68384

Solving for fluid region fluid
DILUPBiCGStab:  Solving for Ux, Initial residual = 9.0383763e-05, Final residual = 3.0453467e-07, No Iterations 1
DILUPBiCGStab:  Solving for Uy, Initial residual = 0.00010959719, Final residual = 1.1237972e-06, No Iterations 1
DILUPBiCGStab:  Solving for Uz, Initial residual = 0.00010576231, Final residual = 4.0698411e-07, No Iterations 1
DILUPBiCGStab:  Solving for h, Initial residual = 6.5659784e-05, Final residual = 2.1341694e-07, No Iterations 1
Min/max T:139.8 510.9395
GAMG:  Solving for p_rgh, Initial residual = 3.7555742e-05, Final residual = 4.3535012e-07, No Iterations 100
time step continuity errors : sum local = 0.0037642767, global = -2.3580876e-05, cumulative = -2.3580876e-05
GAMG:  Solving for p_rgh, Initial residual = 1.1295228e-05, Final residual = 1.0666443e-07, No Iterations 68
time step continuity errors : sum local = 0.00092241976, global = -9.1197628e-06, cumulative = -3.2700639e-05
DILUPBiCGStab:  Solving for omega, Initial residual = 7.4842587e-06, Final residual = 3.0989984e-08, No Iterations 1
DILUPBiCGStab:  Solving for k, Initial residual = 9.538842e-05, Final residual = 2.4384243e-07, No Iterations 1
ExecutionTime = 63.047911 s  ClockTime = 92 s

Region: fluid Courant Number mean: 6468.1347 max: 10217.294
Region: solid Diffusion Number mean: 5397.6312 max: 53365.575
Time = 5146s

PIMPLE: Iteration 1

Solving for solid region solid
DICPCG:  Solving for e, Initial residual = 0.00017684922, Final residual = 2.4233034e-06, No Iterations 2
Min/max T:365.25683 544.70395

Solving for fluid region fluid
DILUPBiCGStab:  Solving for Ux, Initial residual = 9.021631e-05, Final residual = 3.0399412e-07, No Iterations 1
DILUPBiCGStab:  Solving for Uy, Initial residual = 0.00010946001, Final residual = 1.1056131e-06, No Iterations 1
DILUPBiCGStab:  Solving for Uz, Initial residual = 0.00010581108, Final residual = 4.0355381e-07, No Iterations 1
DILUPBiCGStab:  Solving for h, Initial residual = 6.5567382e-05, Final residual = 2.1276605e-07, No Iterations 1
Min/max T:139.8 510.95948
GAMG:  Solving for p_rgh, Initial residual = 3.8294277e-05, Final residual = 4.4959519e-07, No Iterations 100
time step continuity errors : sum local = 0.0038875922, global = -2.7369183e-05, cumulative = -2.7369183e-05
GAMG:  Solving for p_rgh, Initial residual = 1.1515412e-05, Final residual = 1.1279114e-07, No Iterations 70
time step continuity errors : sum local = 0.00097545436, global = -1.0149434e-05, cumulative = -3.7518617e-05
PIMPLE: Iteration 2

Solving for solid region solid
DICPCG:  Solving for e, Initial residual = 0.00017682552, Final residual = 2.422635e-06, No Iterations 2
Min/max T:365.27337 544.72406

Solving for fluid region fluid
DILUPBiCGStab:  Solving for Ux, Initial residual = 9.0362486e-05, Final residual = 3.044632e-07, No Iterations 1
DILUPBiCGStab:  Solving for Uy, Initial residual = 0.0001086752, Final residual = 1.1141548e-06, No Iterations 1
DILUPBiCGStab:  Solving for Uz, Initial residual = 0.00010579722, Final residual = 4.1048497e-07, No Iterations 1
DILUPBiCGStab:  Solving for h, Initial residual = 6.5648672e-05, Final residual = 2.133816e-07, No Iterations 1
Min/max T:139.8 510.97944
GAMG:  Solving for p_rgh, Initial residual = 3.7886698e-05, Final residual = 4.3519543e-07, No Iterations 100
time step continuity errors : sum local = 0.0037634149, global = -2.4039494e-05, cumulative = -2.4039494e-05
GAMG:  Solving for p_rgh, Initial residual = 1.1413946e-05, Final residual = 1.0713926e-07, No Iterations 68
time step continuity errors : sum local = 0.0009266451, global = -9.3494869e-06, cumulative = -3.3388981e-05
DILUPBiCGStab:  Solving for omega, Initial residual = 7.4838118e-06, Final residual = 3.0990006e-08, No Iterations 1
DILUPBiCGStab:  Solving for k, Initial residual = 9.5385375e-05, Final residual = 2.438342e-07, No Iterations 1
ExecutionTime = 63.697342 s  ClockTime = 93 s

Region: fluid Courant Number mean: 6468.4919 max: 10219.257
Region: solid Diffusion Number mean: 5397.6312 max: 53365.575
Time = 5147s

PIMPLE: Iteration 1

Solving for solid region solid
DICPCG:  Solving for e, Initial residual = 0.00017681156, Final residual = 2.4227829e-06, No Iterations 2
Min/max T:365.28991 544.74417

Solving for fluid region fluid
DILUPBiCGStab:  Solving for Ux, Initial residual = 9.0203382e-05, Final residual = 3.0394935e-07, No Iterations 1
DILUPBiCGStab:  Solving for Uy, Initial residual = 0.00010911515, Final residual = 1.1029187e-06, No Iterations 1
DILUPBiCGStab:  Solving for Uz, Initial residual = 0.00010576247, Final residual = 4.0872385e-07, No Iterations 1
DILUPBiCGStab:  Solving for h, Initial residual = 6.5556273e-05, Final residual = 2.1273281e-07, No Iterations 1
Min/max T:139.8 510.99941
GAMG:  Solving for p_rgh, Initial residual = 3.8494237e-05, Final residual = 4.5249872e-07, No Iterations 100
time step continuity errors : sum local = 0.0039131988, global = -2.8113189e-05, cumulative = -2.8113189e-05
GAMG:  Solving for p_rgh, Initial residual = 1.1547021e-05, Final residual = 1.0708433e-07, No Iterations 72
time step continuity errors : sum local = 0.00092621823, global = -9.6043745e-06, cumulative = -3.7717564e-05
PIMPLE: Iteration 2

Solving for solid region solid
DICPCG:  Solving for e, Initial residual = 0.00017678787, Final residual = 2.4221147e-06, No Iterations 2
Min/max T:365.30644 544.76427

Solving for fluid region fluid
DILUPBiCGStab:  Solving for Ux, Initial residual = 9.0350775e-05, Final residual = 3.0442024e-07, No Iterations 1
DILUPBiCGStab:  Solving for Uy, Initial residual = 0.0001090564, Final residual = 1.1174107e-06, No Iterations 1
DILUPBiCGStab:  Solving for Uz, Initial residual = 0.0001054765, Final residual = 4.0616366e-07, No Iterations 1
DILUPBiCGStab:  Solving for h, Initial residual = 6.5637377e-05, Final residual = 2.1334526e-07, No Iterations 1
Min/max T:139.8 511.01937
GAMG:  Solving for p_rgh, Initial residual = 3.8296864e-05, Final residual = 4.3879389e-07, No Iterations 100
time step continuity errors : sum local = 0.0037950221, global = -2.4182812e-05, cumulative = -2.4182812e-05
GAMG:  Solving for p_rgh, Initial residual = 1.1524433e-05, Final residual = 1.0900314e-07, No Iterations 68
time step continuity errors : sum local = 0.00094288579, global = -9.456339e-06, cumulative = -3.3639151e-05
DILUPBiCGStab:  Solving for omega, Initial residual = 7.4837141e-06, Final residual = 3.0989538e-08, No Iterations 1
DILUPBiCGStab:  Solving for k, Initial residual = 9.5381829e-05, Final residual = 2.4382954e-07, No Iterations 1
ExecutionTime = 64.07214 s  ClockTime = 93 s

Region: fluid Courant Number mean: 6468.8488 max: 10221.195
Region: solid Diffusion Number mean: 5397.6312 max: 53365.575
Time = 5148s

PIMPLE: Iteration 1

Solving for solid region solid
DICPCG:  Solving for e, Initial residual = 0.0001767739, Final residual = 2.4222623e-06, No Iterations 2
Min/max T:365.32298 544.78438

Solving for fluid region fluid
DILUPBiCGStab:  Solving for Ux, Initial residual = 9.0187122e-05, Final residual = 3.0388436e-07, No Iterations 1
DILUPBiCGStab:  Solving for Uy, Initial residual = 0.00010966974, Final residual = 1.1039903e-06, No Iterations 1
DILUPBiCGStab:  Solving for Uz, Initial residual = 0.00010490688, Final residual = 4.085925e-07, No Iterations 1
DILUPBiCGStab:  Solving for h, Initial residual = 6.5544634e-05, Final residual = 2.1269417e-07, No Iterations 1
Min/max T:139.8 511.03934
GAMG:  Solving for p_rgh, Initial residual = 3.8149416e-05, Final residual = 4.5205113e-07, No Iterations 100
time step continuity errors : sum local = 0.0039098332, global = -2.7858745e-05, cumulative = -2.7858745e-05
GAMG:  Solving for p_rgh, Initial residual = 1.1462371e-05, Final residual = 1.0661439e-07, No Iterations 72
time step continuity errors : sum local = 0.00092227374, global = -9.6005357e-06, cumulative = -3.745928e-05
PIMPLE: Iteration 2

Solving for solid region solid
DICPCG:  Solving for e, Initial residual = 0.00017675021, Final residual = 2.4215945e-06, No Iterations 2
Min/max T:365.33951 544.80448

Solving for fluid region fluid
DILUPBiCGStab:  Solving for Ux, Initial residual = 9.0338108e-05, Final residual = 3.0436393e-07, No Iterations 1
DILUPBiCGStab:  Solving for Uy, Initial residual = 0.00010948544, Final residual = 1.1176071e-06, No Iterations 1
DILUPBiCGStab:  Solving for Uz, Initial residual = 0.00010499936, Final residual = 4.1350349e-07, No Iterations 1
DILUPBiCGStab:  Solving for h, Initial residual = 6.5625611e-05, Final residual = 2.1330372e-07, No Iterations 1
Min/max T:139.8 511.05929
GAMG:  Solving for p_rgh, Initial residual = 3.8067986e-05, Final residual = 4.3861156e-07, No Iterations 100
time step continuity errors : sum local = 0.0037939371, global = -2.3745997e-05, cumulative = -2.3745997e-05
GAMG:  Solving for p_rgh, Initial residual = 1.1472654e-05, Final residual = 1.081033e-07, No Iterations 68
time step continuity errors : sum local = 0.00093522419, global = -9.3304216e-06, cumulative = -3.3076418e-05
DILUPBiCGStab:  Solving for omega, Initial residual = 7.4835165e-06, Final residual = 3.0988102e-08, No Iterations 1
DILUPBiCGStab:  Solving for k, Initial residual = 9.5379026e-05, Final residual = 2.4382643e-07, No Iterations 1
ExecutionTime = 64.435703 s  ClockTime = 94 s

Region: fluid Courant Number mean: 6469.2058 max: 10223.119
Region: solid Diffusion Number mean: 5397.6312 max: 53365.575
Time = 5149s

PIMPLE: Iteration 1

Solving for solid region solid
DICPCG:  Solving for e, Initial residual = 0.00017673624, Final residual = 2.4217418e-06, No Iterations 2
Min/max T:365.35603 544.82458

Solving for fluid region fluid
DILUPBiCGStab:  Solving for Ux, Initial residual = 9.0175306e-05, Final residual = 3.038364e-07, No Iterations 1
DILUPBiCGStab:  Solving for Uy, Initial residual = 0.00010950491, Final residual = 1.1032427e-06, No Iterations 1
DILUPBiCGStab:  Solving for Uz, Initial residual = 0.00010494343, Final residual = 4.12895e-07, No Iterations 1
DILUPBiCGStab:  Solving for h, Initial residual = 6.5533266e-05, Final residual = 2.1265525e-07, No Iterations 1
Min/max T:139.8 511.07926
GAMG:  Solving for p_rgh, Initial residual = 3.8268513e-05, Final residual = 4.5172898e-07, No Iterations 100
time step continuity errors : sum local = 0.0039075525, global = -2.7737986e-05, cumulative = -2.7737986e-05
GAMG:  Solving for p_rgh, Initial residual = 1.1494572e-05, Final residual = 1.0597378e-07, No Iterations 72
time step continuity errors : sum local = 0.00091685118, global = -9.4850429e-06, cumulative = -3.7223029e-05
PIMPLE: Iteration 2

Solving for solid region solid
DICPCG:  Solving for e, Initial residual = 0.00017671256, Final residual = 2.4210743e-06, No Iterations 2
Min/max T:365.37256 544.84468

Solving for fluid region fluid
DILUPBiCGStab:  Solving for Ux, Initial residual = 9.0326065e-05, Final residual = 3.0431668e-07, No Iterations 1
DILUPBiCGStab:  Solving for Uy, Initial residual = 0.00010933297, Final residual = 1.1168789e-06, No Iterations 1
DILUPBiCGStab:  Solving for Uz, Initial residual = 0.0001049385, Final residual = 4.169879e-07, No Iterations 1
DILUPBiCGStab:  Solving for h, Initial residual = 6.5614275e-05, Final residual = 2.1326519e-07, No Iterations 1
Min/max T:139.8 511.0992
GAMG:  Solving for p_rgh, Initial residual = 3.8327355e-05, Final residual = 4.3605557e-07, No Iterations 100
time step continuity errors : sum local = 0.0037723157, global = -2.3869987e-05, cumulative = -2.3869987e-05
GAMG:  Solving for p_rgh, Initial residual = 1.1563332e-05, Final residual = 1.0765521e-07, No Iterations 68
time step continuity errors : sum local = 0.00093146863, global = -9.3717261e-06, cumulative = -3.3241713e-05
DILUPBiCGStab:  Solving for omega, Initial residual = 7.4832984e-06, Final residual = 3.098633e-08, No Iterations 1
DILUPBiCGStab:  Solving for k, Initial residual = 9.5376772e-05, Final residual = 2.4382379e-07, No Iterations 1
ExecutionTime = 64.8079 s  ClockTime = 94 s

Region: fluid Courant Number mean: 6469.5628 max: 10225.045
Region: solid Diffusion Number mean: 5397.6312 max: 53365.575
Time = 5150s

PIMPLE: Iteration 1

Solving for solid region solid
DICPCG:  Solving for e, Initial residual = 0.00017669859, Final residual = 2.4212213e-06, No Iterations 2
Min/max T:365.38908 544.86477

Solving for fluid region fluid
DILUPBiCGStab:  Solving for Ux, Initial residual = 9.0166741e-05, Final residual = 3.038014e-07, No Iterations 1
DILUPBiCGStab:  Solving for Uy, Initial residual = 0.00010945703, Final residual = 1.1015616e-06, No Iterations 1
DILUPBiCGStab:  Solving for Uz, Initial residual = 0.00010481945, Final residual = 4.1662291e-07, No Iterations 1
DILUPBiCGStab:  Solving for h, Initial residual = 6.5522121e-05, Final residual = 2.1261827e-07, No Iterations 1
Min/max T:139.8 511.11917
GAMG:  Solving for p_rgh, Initial residual = 3.881394e-05, Final residual = 4.4565861e-07, No Iterations 100
time step continuity errors : sum local = 0.0038555422, global = -2.7645269e-05, cumulative = -2.7645269e-05
GAMG:  Solving for p_rgh, Initial residual = 1.1680018e-05, Final residual = 1.1314498e-07, No Iterations 70
time step continuity errors : sum local = 0.00097901859, global = -1.0435304e-05, cumulative = -3.8080573e-05
PIMPLE: Iteration 2

Solving for solid region solid
DICPCG:  Solving for e, Initial residual = 0.00017667492, Final residual = 2.4205541e-06, No Iterations 2
Min/max T:365.4056 544.88487

Solving for fluid region fluid
DILUPBiCGStab:  Solving for Ux, Initial residual = 9.031341e-05, Final residual = 3.0426898e-07, No Iterations 1
DILUPBiCGStab:  Solving for Uy, Initial residual = 0.0001092387, Final residual = 1.1141369e-06, No Iterations 1
DILUPBiCGStab:  Solving for Uz, Initial residual = 0.0001047452, Final residual = 4.2219697e-07, No Iterations 1
DILUPBiCGStab:  Solving for h, Initial residual = 6.5603146e-05, Final residual = 2.1322802e-07, No Iterations 1
Min/max T:139.8 511.13911
GAMG:  Solving for p_rgh, Initial residual = 3.8443394e-05, Final residual = 4.3839238e-07, No Iterations 100
time step continuity errors : sum local = 0.0037930187, global = -2.378177e-05, cumulative = -2.378177e-05
GAMG:  Solving for p_rgh, Initial residual = 1.1589044e-05, Final residual = 1.0850561e-07, No Iterations 68
time step continuity errors : sum local = 0.00093894691, global = -9.2621102e-06, cumulative = -3.304388e-05
DILUPBiCGStab:  Solving for omega, Initial residual = 7.482984e-06, Final residual = 3.0984151e-08, No Iterations 1
DILUPBiCGStab:  Solving for k, Initial residual = 9.5374638e-05, Final residual = 2.4382018e-07, No Iterations 1
ExecutionTime = 65.180074 s  ClockTime = 95 s

Region: fluid Courant Number mean: 6469.9198 max: 10226.97
Region: solid Diffusion Number mean: 5397.6312 max: 53365.575
Time = 5151s

PIMPLE: Iteration 1

Solving for solid region solid
DICPCG:  Solving for e, Initial residual = 0.00017666095, Final residual = 2.420701e-06, No Iterations 2
Min/max T:365.42212 544.90496

Solving for fluid region fluid
DILUPBiCGStab:  Solving for Ux, Initial residual = 9.0154467e-05, Final residual = 3.0375465e-07, No Iterations 1
DILUPBiCGStab:  Solving for Uy, Initial residual = 0.00010927366, Final residual = 1.1015459e-06, No Iterations 1
DILUPBiCGStab:  Solving for Uz, Initial residual = 0.00010454722, Final residual = 4.2429434e-07, No Iterations 1
DILUPBiCGStab:  Solving for h, Initial residual = 6.5511102e-05, Final residual = 2.1258095e-07, No Iterations 1
Min/max T:139.8 511.15907
GAMG:  Solving for p_rgh, Initial residual = 3.8440521e-05, Final residual = 4.4835578e-07, No Iterations 100
time step continuity errors : sum local = 0.0038793752, global = -2.7728987e-05, cumulative = -2.7728987e-05
GAMG:  Solving for p_rgh, Initial residual = 1.1559864e-05, Final residual = 1.1429949e-07, No Iterations 70
time step continuity errors : sum local = 0.00098913607, global = -1.0355806e-05, cumulative = -3.8084793e-05
PIMPLE: Iteration 2

Solving for solid region solid
DICPCG:  Solving for e, Initial residual = 0.00017663728, Final residual = 2.4200341e-06, No Iterations 2
Min/max T:365.43864 544.92505

Solving for fluid region fluid
DILUPBiCGStab:  Solving for Ux, Initial residual = 9.030017e-05, Final residual = 3.042199e-07, No Iterations 1
DILUPBiCGStab:  Solving for Uy, Initial residual = 0.00010913049, Final residual = 1.1161886e-06, No Iterations 1
DILUPBiCGStab:  Solving for Uz, Initial residual = 0.00010459776, Final residual = 4.2974079e-07, No Iterations 1
DILUPBiCGStab:  Solving for h, Initial residual = 6.5592141e-05, Final residual = 2.1318828e-07, No Iterations 1
Min/max T:139.8 511.17901
GAMG:  Solving for p_rgh, Initial residual = 3.842844e-05, Final residual = 4.352894e-07, No Iterations 100
time step continuity errors : sum local = 0.0037666594, global = -2.375203e-05, cumulative = -2.375203e-05
GAMG:  Solving for p_rgh, Initial residual = 1.1597869e-05, Final residual = 1.076198e-07, No Iterations 68
time step continuity errors : sum local = 0.00093140149, global = -9.251371e-06, cumulative = -3.3003401e-05
DILUPBiCGStab:  Solving for omega, Initial residual = 7.4827777e-06, Final residual = 3.0982522e-08, No Iterations 1
DILUPBiCGStab:  Solving for k, Initial residual = 9.5372624e-05, Final residual = 2.4381718e-07, No Iterations 1
ExecutionTime = 65.612897 s  ClockTime = 95 s

Region: fluid Courant Number mean: 6470.2768 max: 10228.894
Region: solid Diffusion Number mean: 5397.6312 max: 53365.575
Time = 5152s

PIMPLE: Iteration 1

Solving for solid region solid
DICPCG:  Solving for e, Initial residual = 0.0001766233, Final residual = 2.4201808e-06, No Iterations 2
Min/max T:365.45515 544.94514

Solving for fluid region fluid
DILUPBiCGStab:  Solving for Ux, Initial residual = 9.0139037e-05, Final residual = 3.037005e-07, No Iterations 1
DILUPBiCGStab:  Solving for Uy, Initial residual = 0.00010922211, Final residual = 1.1014942e-06, No Iterations 1
DILUPBiCGStab:  Solving for Uz, Initial residual = 0.00010454272, Final residual = 4.3267273e-07, No Iterations 1
DILUPBiCGStab:  Solving for h, Initial residual = 6.5500247e-05, Final residual = 2.1254266e-07, No Iterations 1
Min/max T:139.8 511.19896
GAMG:  Solving for p_rgh, Initial residual = 3.8489723e-05, Final residual = 4.4853081e-07, No Iterations 100
time step continuity errors : sum local = 0.0038813924, global = -2.7709925e-05, cumulative = -2.7709925e-05
GAMG:  Solving for p_rgh, Initial residual = 1.1566772e-05, Final residual = 1.141022e-07, No Iterations 70
time step continuity errors : sum local = 0.00098755856, global = -1.0431907e-05, cumulative = -3.8141832e-05
PIMPLE: Iteration 2

Solving for solid region solid
DICPCG:  Solving for e, Initial residual = 0.00017659964, Final residual = 2.4195141e-06, No Iterations 2
Min/max T:365.47166 544.96523

Solving for fluid region fluid
DILUPBiCGStab:  Solving for Ux, Initial residual = 9.0293274e-05, Final residual = 3.0419153e-07, No Iterations 1
DILUPBiCGStab:  Solving for Uy, Initial residual = 0.00010908756, Final residual = 1.1110658e-06, No Iterations 1
DILUPBiCGStab:  Solving for Uz, Initial residual = 0.0001045747, Final residual = 4.3823669e-07, No Iterations 1
DILUPBiCGStab:  Solving for h, Initial residual = 6.558129e-05, Final residual = 2.1314992e-07, No Iterations 1
Min/max T:139.8 511.2189
GAMG:  Solving for p_rgh, Initial residual = 3.8406399e-05, Final residual = 4.3696841e-07, No Iterations 100
time step continuity errors : sum local = 0.0037816805, global = -2.4278567e-05, cumulative = -2.4278567e-05
GAMG:  Solving for p_rgh, Initial residual = 1.1585882e-05, Final residual = 1.0879158e-07, No Iterations 68
time step continuity errors : sum local = 0.00094166609, global = -9.3868207e-06, cumulative = -3.3665387e-05
DILUPBiCGStab:  Solving for omega, Initial residual = 7.4824874e-06, Final residual = 3.0980234e-08, No Iterations 1
DILUPBiCGStab:  Solving for k, Initial residual = 9.5371946e-05, Final residual = 2.4381475e-07, No Iterations 1
ExecutionTime = 65.967798 s  ClockTime = 95 s

Region: fluid Courant Number mean: 6470.6339 max: 10230.822
Region: solid Diffusion Number mean: 5397.6312 max: 53365.575
Time = 5153s

PIMPLE: Iteration 1

Solving for solid region solid
DICPCG:  Solving for e, Initial residual = 0.00017658567, Final residual = 2.4196606e-06, No Iterations 2
Min/max T:365.48817 544.98531

Solving for fluid region fluid
DILUPBiCGStab:  Solving for Ux, Initial residual = 9.0135095e-05, Final residual = 3.036823e-07, No Iterations 1
DILUPBiCGStab:  Solving for Uy, Initial residual = 0.00010899127, Final residual = 1.0975474e-06, No Iterations 1
DILUPBiCGStab:  Solving for Uz, Initial residual = 0.00010452522, Final residual = 4.3611537e-07, No Iterations 1
DILUPBiCGStab:  Solving for h, Initial residual = 6.5489498e-05, Final residual = 2.1250517e-07, No Iterations 1
Min/max T:139.8 511.23885
GAMG:  Solving for p_rgh, Initial residual = 3.9029292e-05, Final residual = 4.5140018e-07, No Iterations 100
time step continuity errors : sum local = 0.0039067335, global = -2.7317365e-05, cumulative = -2.7317365e-05
GAMG:  Solving for p_rgh, Initial residual = 1.1718965e-05, Final residual = 1.1490666e-07, No Iterations 70
time step continuity errors : sum local = 0.0009946488, global = -1.0223444e-05, cumulative = -3.754081e-05
PIMPLE: Iteration 2

Solving for solid region solid
DICPCG:  Solving for e, Initial residual = 0.00017656201, Final residual = 2.4189942e-06, No Iterations 2
Min/max T:365.50467 545.00539

Solving for fluid region fluid
DILUPBiCGStab:  Solving for Ux, Initial residual = 9.0274923e-05, Final residual = 3.0412818e-07, No Iterations 1
DILUPBiCGStab:  Solving for Uy, Initial residual = 0.00010864617, Final residual = 1.1146575e-06, No Iterations 1
DILUPBiCGStab:  Solving for Uz, Initial residual = 0.00010440869, Final residual = 4.3188478e-07, No Iterations 1
DILUPBiCGStab:  Solving for h, Initial residual = 6.557044e-05, Final residual = 2.1311222e-07, No Iterations 1
Min/max T:139.8 511.25878
GAMG:  Solving for p_rgh, Initial residual = 3.8438642e-05, Final residual = 4.3625952e-07, No Iterations 100
time step continuity errors : sum local = 0.0037760324, global = -2.3710431e-05, cumulative = -2.3710431e-05
GAMG:  Solving for p_rgh, Initial residual = 1.1569577e-05, Final residual = 1.0762137e-07, No Iterations 68
time step continuity errors : sum local = 0.0009316563, global = -9.2102723e-06, cumulative = -3.2920703e-05
DILUPBiCGStab:  Solving for omega, Initial residual = 7.4819756e-06, Final residual = 3.0977643e-08, No Iterations 1
DILUPBiCGStab:  Solving for k, Initial residual = 9.5369629e-05, Final residual = 2.4380885e-07, No Iterations 1
ExecutionTime = 66.290479 s  ClockTime = 96 s

Region: fluid Courant Number mean: 6470.9908 max: 10232.733
Region: solid Diffusion Number mean: 5397.6312 max: 53365.575
Time = 5154s

PIMPLE: Iteration 1

Solving for solid region solid
DICPCG:  Solving for e, Initial residual = 0.00017654804, Final residual = 2.4191407e-06, No Iterations 2
Min/max T:365.52117 545.02547

Solving for fluid region fluid
DILUPBiCGStab:  Solving for Ux, Initial residual = 9.0110261e-05, Final residual = 3.0359247e-07, No Iterations 1
DILUPBiCGStab:  Solving for Uy, Initial residual = 0.00010806066, Final residual = 1.1013161e-06, No Iterations 1
DILUPBiCGStab:  Solving for Uz, Initial residual = 0.00010416871, Final residual = 4.3320834e-07, No Iterations 1
DILUPBiCGStab:  Solving for h, Initial residual = 6.5478341e-05, Final residual = 2.1246336e-07, No Iterations 1
Min/max T:139.8 511.27873
GAMG:  Solving for p_rgh, Initial residual = 3.8430908e-05, Final residual = 4.5252535e-07, No Iterations 100
time step continuity errors : sum local = 0.0039169738, global = -2.7232852e-05, cumulative = -2.7232852e-05
GAMG:  Solving for p_rgh, Initial residual = 1.1521497e-05, Final residual = 1.1486257e-07, No Iterations 70
time step continuity errors : sum local = 0.00099439667, global = -1.0420119e-05, cumulative = -3.7652971e-05
PIMPLE: Iteration 2

Solving for solid region solid
DICPCG:  Solving for e, Initial residual = 0.00017652439, Final residual = 2.4184744e-06, No Iterations 2
Min/max T:365.53767 545.04555

Solving for fluid region fluid
DILUPBiCGStab:  Solving for Ux, Initial residual = 9.0261602e-05, Final residual = 3.0407309e-07, No Iterations 1
DILUPBiCGStab:  Solving for Uy, Initial residual = 0.00010762168, Final residual = 1.1128116e-06, No Iterations 1
DILUPBiCGStab:  Solving for Uz, Initial residual = 0.00010423101, Final residual = 4.4057172e-07, No Iterations 1
DILUPBiCGStab:  Solving for h, Initial residual = 6.5559171e-05, Final residual = 2.1306972e-07, No Iterations 1
Min/max T:139.8 511.29866
GAMG:  Solving for p_rgh, Initial residual = 3.8145771e-05, Final residual = 4.3453497e-07, No Iterations 100
time step continuity errors : sum local = 0.0037615959, global = -2.3906023e-05, cumulative = -2.3906023e-05
GAMG:  Solving for p_rgh, Initial residual = 1.1481983e-05, Final residual = 1.0753309e-07, No Iterations 68
time step continuity errors : sum local = 0.0009310139, global = -9.2871537e-06, cumulative = -3.3193177e-05
DILUPBiCGStab:  Solving for omega, Initial residual = 7.4814913e-06, Final residual = 3.097561e-08, No Iterations 1
DILUPBiCGStab:  Solving for k, Initial residual = 9.536799e-05, Final residual = 2.4380579e-07, No Iterations 1
ExecutionTime = 66.62473 s  ClockTime = 96 s

Region: fluid Courant Number mean: 6471.3478 max: 10234.634
Region: solid Diffusion Number mean: 5397.6312 max: 53365.575
Time = 5155s

PIMPLE: Iteration 1

Solving for solid region solid
DICPCG:  Solving for e, Initial residual = 0.00017651042, Final residual = 2.4186207e-06, No Iterations 2
Min/max T:365.55417 545.06563

Solving for fluid region fluid
DILUPBiCGStab:  Solving for Ux, Initial residual = 9.0101652e-05, Final residual = 3.035543e-07, No Iterations 1
DILUPBiCGStab:  Solving for Uy, Initial residual = 0.00010772845, Final residual = 1.100217e-06, No Iterations 1
DILUPBiCGStab:  Solving for Uz, Initial residual = 0.00010414267, Final residual = 4.4296695e-07, No Iterations 1
DILUPBiCGStab:  Solving for h, Initial residual = 6.5467401e-05, Final residual = 2.1242075e-07, No Iterations 1
Min/max T:139.8 511.3186
GAMG:  Solving for p_rgh, Initial residual = 3.8515554e-05, Final residual = 4.5493796e-07, No Iterations 100
time step continuity errors : sum local = 0.0039383716, global = -2.808262e-05, cumulative = -2.808262e-05
GAMG:  Solving for p_rgh, Initial residual = 1.1541503e-05, Final residual = 1.0667416e-07, No Iterations 72
time step continuity errors : sum local = 0.00092363004, global = -9.4797231e-06, cumulative = -3.7562343e-05
PIMPLE: Iteration 2

Solving for solid region solid
DICPCG:  Solving for e, Initial residual = 0.00017648677, Final residual = 2.4179547e-06, No Iterations 2
Min/max T:365.57067 545.0857

Solving for fluid region fluid
DILUPBiCGStab:  Solving for Ux, Initial residual = 9.0260153e-05, Final residual = 3.0405955e-07, No Iterations 1
DILUPBiCGStab:  Solving for Uy, Initial residual = 0.00010735289, Final residual = 1.1096528e-06, No Iterations 1
DILUPBiCGStab:  Solving for Uz, Initial residual = 0.0001041665, Final residual = 4.4560935e-07, No Iterations 1
DILUPBiCGStab:  Solving for h, Initial residual = 6.5548255e-05, Final residual = 2.1303032e-07, No Iterations 1
Min/max T:139.8 511.33853
GAMG:  Solving for p_rgh, Initial residual = 3.8393461e-05, Final residual = 4.3565509e-07, No Iterations 100
time step continuity errors : sum local = 0.0037717888, global = -2.3496875e-05, cumulative = -2.3496875e-05
GAMG:  Solving for p_rgh, Initial residual = 1.1556369e-05, Final residual = 1.1545971e-07, No Iterations 66
time step continuity errors : sum local = 0.0009997733, global = -9.9016548e-06, cumulative = -3.339853e-05
DILUPBiCGStab:  Solving for omega, Initial residual = 7.4810109e-06, Final residual = 3.0973556e-08, No Iterations 1
DILUPBiCGStab:  Solving for k, Initial residual = 9.536775e-05, Final residual = 2.4380367e-07, No Iterations 1
ExecutionTime = 66.966239 s  ClockTime = 97 s

Region: fluid Courant Number mean: 6471.7048 max: 10236.532
Region: solid Diffusion Number mean: 5397.6312 max: 53365.575
Time = 5156s

PIMPLE: Iteration 1

Solving for solid region solid
DICPCG:  Solving for e, Initial residual = 0.00017647279, Final residual = 2.4181005e-06, No Iterations 2
Min/max T:365.58716 545.10578

Solving for fluid region fluid
DILUPBiCGStab:  Solving for Ux, Initial residual = 9.0096278e-05, Final residual = 3.0352658e-07, No Iterations 1
DILUPBiCGStab:  Solving for Uy, Initial residual = 0.00010739117, Final residual = 1.0941656e-06, No Iterations 1
DILUPBiCGStab:  Solving for Uz, Initial residual = 0.00010406277, Final residual = 4.441636e-07, No Iterations 1
DILUPBiCGStab:  Solving for h, Initial residual = 6.5456682e-05, Final residual = 2.1238502e-07, No Iterations 1
Min/max T:139.8 511.35847
GAMG:  Solving for p_rgh, Initial residual = 3.8518654e-05, Final residual = 4.5014214e-07, No Iterations 100
time step continuity errors : sum local = 0.0038973665, global = -2.7334602e-05, cumulative = -2.7334602e-05
GAMG:  Solving for p_rgh, Initial residual = 1.1549857e-05, Final residual = 1.138687e-07, No Iterations 70
time step continuity errors : sum local = 0.00098604993, global = -1.0179306e-05, cumulative = -3.7513908e-05
PIMPLE: Iteration 2

Solving for solid region solid
DICPCG:  Solving for e, Initial residual = 0.00017644915, Final residual = 2.4174349e-06, No Iterations 2
Min/max T:365.60365 545.12585

Solving for fluid region fluid
DILUPBiCGStab:  Solving for Ux, Initial residual = 9.0246882e-05, Final residual = 3.0400904e-07, No Iterations 1
DILUPBiCGStab:  Solving for Uy, Initial residual = 0.00010693638, Final residual = 1.1054552e-06, No Iterations 1
DILUPBiCGStab:  Solving for Uz, Initial residual = 0.00010412318, Final residual = 4.477084e-07, No Iterations 1
DILUPBiCGStab:  Solving for h, Initial residual = 6.5537521e-05, Final residual = 2.1299426e-07, No Iterations 1
Min/max T:139.8 511.37839
GAMG:  Solving for p_rgh, Initial residual = 3.8393646e-05, Final residual = 4.3667772e-07, No Iterations 100
time step continuity errors : sum local = 0.0037811346, global = -2.388697e-05, cumulative = -2.388697e-05
GAMG:  Solving for p_rgh, Initial residual = 1.155466e-05, Final residual = 1.0755064e-07, No Iterations 68
time step continuity errors : sum local = 0.00093141005, global = -9.2579363e-06, cumulative = -3.3144907e-05
DILUPBiCGStab:  Solving for omega, Initial residual = 7.480471e-06, Final residual = 3.0971662e-08, No Iterations 1
DILUPBiCGStab:  Solving for k, Initial residual = 9.5367234e-05, Final residual = 2.4380128e-07, No Iterations 1
ExecutionTime = 67.345863 s  ClockTime = 97 s

Region: fluid Courant Number mean: 6472.0618 max: 10238.426
Region: solid Diffusion Number mean: 5397.6312 max: 53365.575
Time = 5157s

PIMPLE: Iteration 1

Solving for solid region solid
DICPCG:  Solving for e, Initial residual = 0.00017643518, Final residual = 2.4175805e-06, No Iterations 2
Min/max T:365.62013 545.14592

Solving for fluid region fluid
DILUPBiCGStab:  Solving for Ux, Initial residual = 9.0087017e-05, Final residual = 3.0349113e-07, No Iterations 1
DILUPBiCGStab:  Solving for Uy, Initial residual = 0.00010675554, Final residual = 1.0945561e-06, No Iterations 1
DILUPBiCGStab:  Solving for Uz, Initial residual = 0.0001040579, Final residual = 4.4536185e-07, No Iterations 1
DILUPBiCGStab:  Solving for h, Initial residual = 6.5446033e-05, Final residual = 2.1234896e-07, No Iterations 1
Min/max T:139.8 511.39833
GAMG:  Solving for p_rgh, Initial residual = 3.8456298e-05, Final residual = 4.5146854e-07, No Iterations 100
time step continuity errors : sum local = 0.0039093618, global = -2.7780579e-05, cumulative = -2.7780579e-05
GAMG:  Solving for p_rgh, Initial residual = 1.1524254e-05, Final residual = 1.1437221e-07, No Iterations 70
time step continuity errors : sum local = 0.00099054036, global = -1.0384887e-05, cumulative = -3.8165465e-05
PIMPLE: Iteration 2

Solving for solid region solid
DICPCG:  Solving for e, Initial residual = 0.00017641154, Final residual = 2.4169151e-06, No Iterations 2
Min/max T:365.63662 545.16599

Solving for fluid region fluid
DILUPBiCGStab:  Solving for Ux, Initial residual = 9.0237818e-05, Final residual = 3.0397315e-07, No Iterations 1
DILUPBiCGStab:  Solving for Uy, Initial residual = 0.0001069007, Final residual = 1.1079103e-06, No Iterations 1
DILUPBiCGStab:  Solving for Uz, Initial residual = 0.00010412991, Final residual = 4.477155e-07, No Iterations 1
DILUPBiCGStab:  Solving for h, Initial residual = 6.5526883e-05, Final residual = 2.1296056e-07, No Iterations 1
Min/max T:139.8 511.41824
GAMG:  Solving for p_rgh, Initial residual = 3.8774699e-05, Final residual = 4.3824979e-07, No Iterations 100
time step continuity errors : sum local = 0.0037952442, global = -2.3840746e-05, cumulative = -2.3840746e-05
GAMG:  Solving for p_rgh, Initial residual = 1.1631987e-05, Final residual = 1.0805973e-07, No Iterations 68
time step continuity errors : sum local = 0.0009359395, global = -9.0182999e-06, cumulative = -3.2859046e-05
DILUPBiCGStab:  Solving for omega, Initial residual = 7.480027e-06, Final residual = 3.097119e-08, No Iterations 1
DILUPBiCGStab:  Solving for k, Initial residual = 9.5365681e-05, Final residual = 2.4379877e-07, No Iterations 1
ExecutionTime = 67.726385 s  ClockTime = 97 s

Region: fluid Courant Number mean: 6472.4189 max: 10240.356
Region: solid Diffusion Number mean: 5397.6312 max: 53365.575
Time = 5158s

PIMPLE: Iteration 1

Solving for solid region solid
DICPCG:  Solving for e, Initial residual = 0.00017639756, Final residual = 2.4170604e-06, No Iterations 2
Min/max T:365.6531 545.18605

Solving for fluid region fluid
DILUPBiCGStab:  Solving for Ux, Initial residual = 9.0070161e-05, Final residual = 3.0343677e-07, No Iterations 1
DILUPBiCGStab:  Solving for Uy, Initial residual = 0.00010625438, Final residual = 1.0849447e-06, No Iterations 1
DILUPBiCGStab:  Solving for Uz, Initial residual = 0.0001037463, Final residual = 4.4108571e-07, No Iterations 1
DILUPBiCGStab:  Solving for h, Initial residual = 6.5435526e-05, Final residual = 2.1231703e-07, No Iterations 1
Min/max T:139.8 511.43818
GAMG:  Solving for p_rgh, Initial residual = 3.8746651e-05, Final residual = 4.5102277e-07, No Iterations 100
time step continuity errors : sum local = 0.0039060066, global = -2.79496e-05, cumulative = -2.79496e-05
GAMG:  Solving for p_rgh, Initial residual = 1.1576045e-05, Final residual = 1.1490366e-07, No Iterations 70
time step continuity errors : sum local = 0.00099527293, global = -1.0422259e-05, cumulative = -3.8371859e-05
PIMPLE: Iteration 2

Solving for solid region solid
DICPCG:  Solving for e, Initial residual = 0.00017637392, Final residual = 2.4163954e-06, No Iterations 2
Min/max T:365.66958 545.20611

Solving for fluid region fluid
DILUPBiCGStab:  Solving for Ux, Initial residual = 9.0225926e-05, Final residual = 3.039336e-07, No Iterations 1
DILUPBiCGStab:  Solving for Uy, Initial residual = 0.00010663897, Final residual = 1.1018274e-06, No Iterations 1
DILUPBiCGStab:  Solving for Uz, Initial residual = 0.00010379771, Final residual = 4.4103761e-07, No Iterations 1
DILUPBiCGStab:  Solving for h, Initial residual = 6.5516253e-05, Final residual = 2.1292874e-07, No Iterations 1
Min/max T:139.8 511.45809
GAMG:  Solving for p_rgh, Initial residual = 3.8695374e-05, Final residual = 4.3353314e-07, No Iterations 100
time step continuity errors : sum local = 0.0037548837, global = -2.3550889e-05, cumulative = -2.3550889e-05
GAMG:  Solving for p_rgh, Initial residual = 1.1593852e-05, Final residual = 1.1546339e-07, No Iterations 66
time step continuity errors : sum local = 0.0010001957, global = -1.0020253e-05, cumulative = -3.3571143e-05
DILUPBiCGStab:  Solving for omega, Initial residual = 7.4795779e-06, Final residual = 3.0970688e-08, No Iterations 1
DILUPBiCGStab:  Solving for k, Initial residual = 9.5364151e-05, Final residual = 2.4379527e-07, No Iterations 1
ExecutionTime = 68.09977 s  ClockTime = 98 s

Region: fluid Courant Number mean: 6472.776 max: 10242.282
Region: solid Diffusion Number mean: 5397.6312 max: 53365.575
Time = 5159s

PIMPLE: Iteration 1

Solving for solid region solid
DICPCG:  Solving for e, Initial residual = 0.00017635994, Final residual = 2.4165404e-06, No Iterations 2
Min/max T:365.68606 545.22618

Solving for fluid region fluid
DILUPBiCGStab:  Solving for Ux, Initial residual = 9.0060061e-05, Final residual = 3.0339359e-07, No Iterations 1
DILUPBiCGStab:  Solving for Uy, Initial residual = 0.00010706616, Final residual = 1.0990035e-06, No Iterations 1
DILUPBiCGStab:  Solving for Uz, Initial residual = 0.00010390881, Final residual = 4.3747758e-07, No Iterations 1
DILUPBiCGStab:  Solving for h, Initial residual = 6.5424978e-05, Final residual = 2.1228663e-07, No Iterations 1
Min/max T:139.8 511.47802
GAMG:  Solving for p_rgh, Initial residual = 3.8757139e-05, Final residual = 4.5132422e-07, No Iterations 100
time step continuity errors : sum local = 0.0039091265, global = -2.7648582e-05, cumulative = -2.7648582e-05
GAMG:  Solving for p_rgh, Initial residual = 1.159963e-05, Final residual = 1.149076e-07, No Iterations 70
time step continuity errors : sum local = 0.00099543555, global = -1.0524433e-05, cumulative = -3.8173015e-05
PIMPLE: Iteration 2

Solving for solid region solid
DICPCG:  Solving for e, Initial residual = 0.00017633631, Final residual = 2.4158757e-06, No Iterations 2
Min/max T:365.70253 545.24624

Solving for fluid region fluid
DILUPBiCGStab:  Solving for Ux, Initial residual = 9.0214504e-05, Final residual = 3.0388585e-07, No Iterations 1
DILUPBiCGStab:  Solving for Uy, Initial residual = 0.00010748935, Final residual = 1.1149543e-06, No Iterations 1
DILUPBiCGStab:  Solving for Uz, Initial residual = 0.00010407007, Final residual = 4.3941021e-07, No Iterations 1
DILUPBiCGStab:  Solving for h, Initial residual = 6.5505658e-05, Final residual = 2.1289487e-07, No Iterations 1
Min/max T:139.8 511.49793
GAMG:  Solving for p_rgh, Initial residual = 3.8675432e-05, Final residual = 4.3549367e-07, No Iterations 100
time step continuity errors : sum local = 0.0037723561, global = -2.3864801e-05, cumulative = -2.3864801e-05
GAMG:  Solving for p_rgh, Initial residual = 1.1613695e-05, Final residual = 1.0736228e-07, No Iterations 68
time step continuity errors : sum local = 0.0009301423, global = -9.323669e-06, cumulative = -3.318847e-05
DILUPBiCGStab:  Solving for omega, Initial residual = 7.4791673e-06, Final residual = 3.0969669e-08, No Iterations 1
DILUPBiCGStab:  Solving for k, Initial residual = 9.5362946e-05, Final residual = 2.4379068e-07, No Iterations 1
ExecutionTime = 68.53816 s  ClockTime = 98 s

Region: fluid Courant Number mean: 6473.1332 max: 10244.197
Region: solid Diffusion Number mean: 5397.6312 max: 53365.575
Time = 5160s

PIMPLE: Iteration 1

Solving for solid region solid
DICPCG:  Solving for e, Initial residual = 0.00017632233, Final residual = 2.4160204e-06, No Iterations 2
Min/max T:365.719 545.26629

Solving for fluid region fluid
DILUPBiCGStab:  Solving for Ux, Initial residual = 9.0054439e-05, Final residual = 3.0336557e-07, No Iterations 1
DILUPBiCGStab:  Solving for Uy, Initial residual = 0.00010705654, Final residual = 1.0969001e-06, No Iterations 1
DILUPBiCGStab:  Solving for Uz, Initial residual = 0.00010404445, Final residual = 4.3538088e-07, No Iterations 1
DILUPBiCGStab:  Solving for h, Initial residual = 6.5414502e-05, Final residual = 2.1225289e-07, No Iterations 1
Min/max T:139.8 511.51785
GAMG:  Solving for p_rgh, Initial residual = 3.9204373e-05, Final residual = 4.4700926e-07, No Iterations 100
time step continuity errors : sum local = 0.0038722618, global = -2.6989309e-05, cumulative = -2.6989309e-05
GAMG:  Solving for p_rgh, Initial residual = 1.1718459e-05, Final residual = 1.1328481e-07, No Iterations 70
time step continuity errors : sum local = 0.0009815067, global = -1.0227137e-05, cumulative = -3.7216446e-05
PIMPLE: Iteration 2

Solving for solid region solid
DICPCG:  Solving for e, Initial residual = 0.0001762987, Final residual = 2.4153561e-06, No Iterations 2
Min/max T:365.73547 545.28635

Solving for fluid region fluid
DILUPBiCGStab:  Solving for Ux, Initial residual = 9.0199061e-05, Final residual = 3.0382285e-07, No Iterations 1
DILUPBiCGStab:  Solving for Uy, Initial residual = 0.0001072195, Final residual = 1.1097104e-06, No Iterations 1
DILUPBiCGStab:  Solving for Uz, Initial residual = 0.00010412594, Final residual = 4.3254796e-07, No Iterations 1
DILUPBiCGStab:  Solving for h, Initial residual = 6.5495132e-05, Final residual = 2.1286126e-07, No Iterations 1
Min/max T:139.8 511.53776
GAMG:  Solving for p_rgh, Initial residual = 3.8610242e-05, Final residual = 4.3450085e-07, No Iterations 100
time step continuity errors : sum local = 0.0037642488, global = -2.3732995e-05, cumulative = -2.3732995e-05
GAMG:  Solving for p_rgh, Initial residual = 1.1599823e-05, Final residual = 1.0680937e-07, No Iterations 68
time step continuity errors : sum local = 0.00092547335, global = -9.3142161e-06, cumulative = -3.3047211e-05
DILUPBiCGStab:  Solving for omega, Initial residual = 7.4788708e-06, Final residual = 3.0969057e-08, No Iterations 1
DILUPBiCGStab:  Solving for k, Initial residual = 9.5360141e-05, Final residual = 2.4378634e-07, No Iterations 1
ExecutionTime = 68.936493 s  ClockTime = 99 s

Region: fluid Courant Number mean: 6473.4906 max: 10246.112
Region: solid Diffusion Number mean: 5397.6312 max: 53365.575
Time = 5161s

PIMPLE: Iteration 1

Solving for solid region solid
DICPCG:  Solving for e, Initial residual = 0.00017628471, Final residual = 2.4155005e-06, No Iterations 2
Min/max T:365.75194 545.3064

Solving for fluid region fluid
DILUPBiCGStab:  Solving for Ux, Initial residual = 9.0033509e-05, Final residual = 3.0328797e-07, No Iterations 1
DILUPBiCGStab:  Solving for Uy, Initial residual = 0.00010674525, Final residual = 1.0938897e-06, No Iterations 1
DILUPBiCGStab:  Solving for Uz, Initial residual = 0.00010402626, Final residual = 4.2691751e-07, No Iterations 1
DILUPBiCGStab:  Solving for h, Initial residual = 6.5404062e-05, Final residual = 2.1221694e-07, No Iterations 1
Min/max T:139.8 511.55768
GAMG:  Solving for p_rgh, Initial residual = 3.9010844e-05, Final residual = 4.5356241e-07, No Iterations 100
time step continuity errors : sum local = 0.0039295393, global = -2.7325456e-05, cumulative = -2.7325456e-05
GAMG:  Solving for p_rgh, Initial residual = 1.1637746e-05, Final residual = 1.1557341e-07, No Iterations 70
time step continuity errors : sum local = 0.001001464, global = -1.0390777e-05, cumulative = -3.7716234e-05
PIMPLE: Iteration 2

Solving for solid region solid
DICPCG:  Solving for e, Initial residual = 0.00017626109, Final residual = 2.4148365e-06, No Iterations 2
Min/max T:365.7684 545.32646

Solving for fluid region fluid
DILUPBiCGStab:  Solving for Ux, Initial residual = 9.0176113e-05, Final residual = 3.0374763e-07, No Iterations 1
DILUPBiCGStab:  Solving for Uy, Initial residual = 0.00010708524, Final residual = 1.1054826e-06, No Iterations 1
DILUPBiCGStab:  Solving for Uz, Initial residual = 0.0001038616, Final residual = 4.2584983e-07, No Iterations 1
DILUPBiCGStab:  Solving for h, Initial residual = 6.5484575e-05, Final residual = 2.1282072e-07, No Iterations 1
Min/max T:139.8 511.57758
GAMG:  Solving for p_rgh, Initial residual = 3.8540734e-05, Final residual = 4.3687995e-07, No Iterations 100
time step continuity errors : sum local = 0.0037853482, global = -2.4180906e-05, cumulative = -2.4180906e-05
GAMG:  Solving for p_rgh, Initial residual = 1.1571838e-05, Final residual = 1.0902938e-07, No Iterations 68
time step continuity errors : sum local = 0.00094483072, global = -9.5607072e-06, cumulative = -3.3741613e-05
DILUPBiCGStab:  Solving for omega, Initial residual = 7.4786037e-06, Final residual = 3.0968005e-08, No Iterations 1
DILUPBiCGStab:  Solving for k, Initial residual = 9.5356294e-05, Final residual = 2.4377929e-07, No Iterations 1
ExecutionTime = 69.270963 s  ClockTime = 99 s

Region: fluid Courant Number mean: 6473.8479 max: 10248.056
Region: solid Diffusion Number mean: 5397.6312 max: 53365.575
Time = 5162s

PIMPLE: Iteration 1

Solving for solid region solid
DICPCG:  Solving for e, Initial residual = 0.00017624711, Final residual = 2.4149807e-06, No Iterations 2
Min/max T:365.78487 545.34651

Solving for fluid region fluid
DILUPBiCGStab:  Solving for Ux, Initial residual = 9.0017042e-05, Final residual = 3.0323754e-07, No Iterations 1
DILUPBiCGStab:  Solving for Uy, Initial residual = 0.00010692513, Final residual = 1.0935293e-06, No Iterations 1
DILUPBiCGStab:  Solving for Uz, Initial residual = 0.00010390079, Final residual = 4.2354778e-07, No Iterations 1
DILUPBiCGStab:  Solving for h, Initial residual = 6.5393498e-05, Final residual = 2.1217879e-07, No Iterations 1
Min/max T:139.8 511.5975
GAMG:  Solving for p_rgh, Initial residual = 3.8778073e-05, Final residual = 4.4952437e-07, No Iterations 100
time step continuity errors : sum local = 0.0038950603, global = -2.7978367e-05, cumulative = -2.7978367e-05
GAMG:  Solving for p_rgh, Initial residual = 1.1595601e-05, Final residual = 1.1583294e-07, No Iterations 70
time step continuity errors : sum local = 0.0010038452, global = -1.0748831e-05, cumulative = -3.8727198e-05
PIMPLE: Iteration 2

Solving for solid region solid
DICPCG:  Solving for e, Initial residual = 0.00017622349, Final residual = 2.4143171e-06, No Iterations 2
Min/max T:365.80133 545.36656

Solving for fluid region fluid
DILUPBiCGStab:  Solving for Ux, Initial residual = 9.0171267e-05, Final residual = 3.0372671e-07, No Iterations 1
DILUPBiCGStab:  Solving for Uy, Initial residual = 0.00010729978, Final residual = 1.1088796e-06, No Iterations 1
DILUPBiCGStab:  Solving for Uz, Initial residual = 0.00010405621, Final residual = 4.2475893e-07, No Iterations 1
DILUPBiCGStab:  Solving for h, Initial residual = 6.5473925e-05, Final residual = 2.1278427e-07, No Iterations 1
Min/max T:139.8 511.6174
GAMG:  Solving for p_rgh, Initial residual = 3.8873529e-05, Final residual = 4.3634383e-07, No Iterations 100
time step continuity errors : sum local = 0.0037811986, global = -2.4201329e-05, cumulative = -2.4201329e-05
GAMG:  Solving for p_rgh, Initial residual = 1.1681977e-05, Final residual = 1.087547e-07, No Iterations 68
time step continuity errors : sum local = 0.00094257338, global = -9.8888298e-06, cumulative = -3.4090159e-05
DILUPBiCGStab:  Solving for omega, Initial residual = 7.478249e-06, Final residual = 3.0966575e-08, No Iterations 1
DILUPBiCGStab:  Solving for k, Initial residual = 9.5353895e-05, Final residual = 2.4377114e-07, No Iterations 1
ExecutionTime = 69.596684 s  ClockTime = 99 s

Region: fluid Courant Number mean: 6474.2055 max: 10249.999
Region: solid Diffusion Number mean: 5397.6312 max: 53365.575
Time = 5163s

PIMPLE: Iteration 1

Solving for solid region solid
DICPCG:  Solving for e, Initial residual = 0.0001762095, Final residual = 2.4144608e-06, No Iterations 2
Min/max T:365.81778 545.3866

Solving for fluid region fluid
DILUPBiCGStab:  Solving for Ux, Initial residual = 9.0014944e-05, Final residual = 3.0322317e-07, No Iterations 1
DILUPBiCGStab:  Solving for Uy, Initial residual = 0.00010666492, Final residual = 1.0933989e-06, No Iterations 1
DILUPBiCGStab:  Solving for Uz, Initial residual = 0.00010410141, Final residual = 4.2089004e-07, No Iterations 1
DILUPBiCGStab:  Solving for h, Initial residual = 6.5382986e-05, Final residual = 2.1214341e-07, No Iterations 1
Min/max T:139.8 511.63731
GAMG:  Solving for p_rgh, Initial residual = 3.9098701e-05, Final residual = 4.5030523e-07, No Iterations 100
time step continuity errors : sum local = 0.0039023396, global = -2.7753218e-05, cumulative = -2.7753218e-05
GAMG:  Solving for p_rgh, Initial residual = 1.1696388e-05, Final residual = 1.1572012e-07, No Iterations 70
time step continuity errors : sum local = 0.0010029981, global = -1.0662714e-05, cumulative = -3.8415932e-05
PIMPLE: Iteration 2

Solving for solid region solid
DICPCG:  Solving for e, Initial residual = 0.00017618589, Final residual = 2.4137975e-06, No Iterations 2
Min/max T:365.83424 545.40665

Solving for fluid region fluid
DILUPBiCGStab:  Solving for Ux, Initial residual = 9.0165989e-05, Final residual = 3.0370635e-07, No Iterations 1
DILUPBiCGStab:  Solving for Uy, Initial residual = 0.00010717522, Final residual = 1.1090635e-06, No Iterations 1
DILUPBiCGStab:  Solving for Uz, Initial residual = 0.00010413521, Final residual = 4.2282033e-07, No Iterations 1
DILUPBiCGStab:  Solving for h, Initial residual = 6.546329e-05, Final residual = 2.1274604e-07, No Iterations 1
Min/max T:139.8 511.65721
GAMG:  Solving for p_rgh, Initial residual = 3.8959247e-05, Final residual = 4.4025264e-07, No Iterations 100
time step continuity errors : sum local = 0.0038155711, global = -2.3812396e-05, cumulative = -2.3812396e-05
GAMG:  Solving for p_rgh, Initial residual = 1.170322e-05, Final residual = 1.0924175e-07, No Iterations 68
time step continuity errors : sum local = 0.00094691853, global = -9.4398894e-06, cumulative = -3.3252286e-05
DILUPBiCGStab:  Solving for omega, Initial residual = 7.4778348e-06, Final residual = 3.0965221e-08, No Iterations 1
DILUPBiCGStab:  Solving for k, Initial residual = 9.5352006e-05, Final residual = 2.4376284e-07, No Iterations 1
ExecutionTime = 69.959685 s  ClockTime = 100 s

Region: fluid Courant Number mean: 6474.5631 max: 10251.945
Region: solid Diffusion Number mean: 5397.6312 max: 53365.575
Time = 5164s

PIMPLE: Iteration 1

Solving for solid region solid
DICPCG:  Solving for e, Initial residual = 0.00017617189, Final residual = 2.4139409e-06, No Iterations 2
Min/max T:365.85069 545.42669

Solving for fluid region fluid
DILUPBiCGStab:  Solving for Ux, Initial residual = 9.0002922e-05, Final residual = 3.0318274e-07, No Iterations 1
DILUPBiCGStab:  Solving for Uy, Initial residual = 0.00010657095, Final residual = 1.094651e-06, No Iterations 1
DILUPBiCGStab:  Solving for Uz, Initial residual = 0.00010410505, Final residual = 4.1889322e-07, No Iterations 1
DILUPBiCGStab:  Solving for h, Initial residual = 6.5372391e-05, Final residual = 2.1210611e-07, No Iterations 1
Min/max T:139.8 511.67712
GAMG:  Solving for p_rgh, Initial residual = 3.8852062e-05, Final residual = 4.5052663e-07, No Iterations 100
time step continuity errors : sum local = 0.0039047672, global = -2.7648684e-05, cumulative = -2.7648684e-05
GAMG:  Solving for p_rgh, Initial residual = 1.1601939e-05, Final residual = 1.153595e-07, No Iterations 70
time step continuity errors : sum local = 0.0010000018, global = -1.0619245e-05, cumulative = -3.8267928e-05
PIMPLE: Iteration 2

Solving for solid region solid
DICPCG:  Solving for e, Initial residual = 0.00017614828, Final residual = 2.413278e-06, No Iterations 2
Min/max T:365.86714 545.44673

Solving for fluid region fluid
DILUPBiCGStab:  Solving for Ux, Initial residual = 9.0148771e-05, Final residual = 3.036459e-07, No Iterations 1
DILUPBiCGStab:  Solving for Uy, Initial residual = 0.00010694788, Final residual = 1.1077656e-06, No Iterations 1
DILUPBiCGStab:  Solving for Uz, Initial residual = 0.0001041902, Final residual = 4.2129592e-07, No Iterations 1
DILUPBiCGStab:  Solving for h, Initial residual = 6.545261e-05, Final residual = 2.1270776e-07, No Iterations 1
Min/max T:139.8 511.69701
GAMG:  Solving for p_rgh, Initial residual = 3.8762912e-05, Final residual = 4.3366537e-07, No Iterations 100
time step continuity errors : sum local = 0.0037589695, global = -2.3607472e-05, cumulative = -2.3607472e-05
GAMG:  Solving for p_rgh, Initial residual = 1.163631e-05, Final residual = 1.0855128e-07, No Iterations 68
time step continuity errors : sum local = 0.00094105517, global = -9.4470099e-06, cumulative = -3.3054482e-05
DILUPBiCGStab:  Solving for omega, Initial residual = 7.4775661e-06, Final residual = 3.0964814e-08, No Iterations 1
DILUPBiCGStab:  Solving for k, Initial residual = 9.5348926e-05, Final residual = 2.4375289e-07, No Iterations 1
ExecutionTime = 70.34611 s  ClockTime = 100 s

Region: fluid Courant Number mean: 6474.9208 max: 10253.895
Region: solid Diffusion Number mean: 5397.6312 max: 53365.575
Time = 5165s

PIMPLE: Iteration 1

Solving for solid region solid
DICPCG:  Solving for e, Initial residual = 0.00017613428, Final residual = 2.4134213e-06, No Iterations 2
Min/max T:365.88358 545.46677

Solving for fluid region fluid
DILUPBiCGStab:  Solving for Ux, Initial residual = 8.9980359e-05, Final residual = 3.0310216e-07, No Iterations 1
DILUPBiCGStab:  Solving for Uy, Initial residual = 0.00010600408, Final residual = 1.0881819e-06, No Iterations 1
DILUPBiCGStab:  Solving for Uz, Initial residual = 0.00010422832, Final residual = 4.208087e-07, No Iterations 1
DILUPBiCGStab:  Solving for h, Initial residual = 6.5361752e-05, Final residual = 2.1207097e-07, No Iterations 1
Min/max T:139.8 511.71691
GAMG:  Solving for p_rgh, Initial residual = 3.8714478e-05, Final residual = 4.5331991e-07, No Iterations 100
time step continuity errors : sum local = 0.003929483, global = -2.7924922e-05, cumulative = -2.7924922e-05
GAMG:  Solving for p_rgh, Initial residual = 1.1580044e-05, Final residual = 1.0715066e-07, No Iterations 72
time step continuity errors : sum local = 0.00092896407, global = -9.6639227e-06, cumulative = -3.7588845e-05
PIMPLE: Iteration 2

Solving for solid region solid
DICPCG:  Solving for e, Initial residual = 0.00017611068, Final residual = 2.4127587e-06, No Iterations 2
Min/max T:365.90003 545.48681

Solving for fluid region fluid
DILUPBiCGStab:  Solving for Ux, Initial residual = 9.0136681e-05, Final residual = 3.0359988e-07, No Iterations 1
DILUPBiCGStab:  Solving for Uy, Initial residual = 0.00010624201, Final residual = 1.1015034e-06, No Iterations 1
DILUPBiCGStab:  Solving for Uz, Initial residual = 0.00010421489, Final residual = 4.1792052e-07, No Iterations 1
DILUPBiCGStab:  Solving for h, Initial residual = 6.5441864e-05, Final residual = 2.1267057e-07, No Iterations 1
Min/max T:139.8 511.7368
GAMG:  Solving for p_rgh, Initial residual = 3.8788851e-05, Final residual = 4.3837712e-07, No Iterations 100
time step continuity errors : sum local = 0.0038003003, global = -2.4342691e-05, cumulative = -2.4342691e-05
GAMG:  Solving for p_rgh, Initial residual = 1.1639566e-05, Final residual = 1.1055525e-07, No Iterations 68
time step continuity errors : sum local = 0.00095855266, global = -9.5211526e-06, cumulative = -3.3863843e-05
DILUPBiCGStab:  Solving for omega, Initial residual = 7.4772842e-06, Final residual = 3.096411e-08, No Iterations 1
DILUPBiCGStab:  Solving for k, Initial residual = 9.5346307e-05, Final residual = 2.4374464e-07, No Iterations 1
ExecutionTime = 70.723028 s  ClockTime = 101 s

Region: fluid Courant Number mean: 6475.2787 max: 10255.869
Region: solid Diffusion Number mean: 5397.6312 max: 53365.575
Time = 5166s

PIMPLE: Iteration 1

Solving for solid region solid
DICPCG:  Solving for e, Initial residual = 0.00017609668, Final residual = 2.4129016e-06, No Iterations 2
Min/max T:365.91647 545.50684

Solving for fluid region fluid
DILUPBiCGStab:  Solving for Ux, Initial residual = 8.997377e-05, Final residual = 3.0307738e-07, No Iterations 1
DILUPBiCGStab:  Solving for Uy, Initial residual = 0.00010536569, Final residual = 1.0814147e-06, No Iterations 1
DILUPBiCGStab:  Solving for Uz, Initial residual = 0.00010413255, Final residual = 4.0719001e-07, No Iterations 1
DILUPBiCGStab:  Solving for h, Initial residual = 6.5351033e-05, Final residual = 2.1203436e-07, No Iterations 1
Min/max T:139.8 511.7567
GAMG:  Solving for p_rgh, Initial residual = 3.8482778e-05, Final residual = 4.5116983e-07, No Iterations 100
time step continuity errors : sum local = 0.0039113506, global = -2.7379521e-05, cumulative = -2.7379521e-05
GAMG:  Solving for p_rgh, Initial residual = 1.1498542e-05, Final residual = 1.1476394e-07, No Iterations 70
time step continuity errors : sum local = 0.0009950959, global = -1.037161e-05, cumulative = -3.7751131e-05
PIMPLE: Iteration 2

Solving for solid region solid
DICPCG:  Solving for e, Initial residual = 0.00017607309, Final residual = 2.4122394e-06, No Iterations 2
Min/max T:365.93291 545.52687

Solving for fluid region fluid
DILUPBiCGStab:  Solving for Ux, Initial residual = 9.0115965e-05, Final residual = 3.0353196e-07, No Iterations 1
DILUPBiCGStab:  Solving for Uy, Initial residual = 0.00010575115, Final residual = 1.0964673e-06, No Iterations 1
DILUPBiCGStab:  Solving for Uz, Initial residual = 0.00010418736, Final residual = 4.0980983e-07, No Iterations 1
DILUPBiCGStab:  Solving for h, Initial residual = 6.5431011e-05, Final residual = 2.1263254e-07, No Iterations 1
Min/max T:139.8 511.77659
GAMG:  Solving for p_rgh, Initial residual = 3.8522671e-05, Final residual = 4.4004105e-07, No Iterations 100
time step continuity errors : sum local = 0.0038152127, global = -2.4137279e-05, cumulative = -2.4137279e-05
GAMG:  Solving for p_rgh, Initial residual = 1.1545645e-05, Final residual = 1.1055428e-07, No Iterations 68
time step continuity errors : sum local = 0.00095866746, global = -9.6912727e-06, cumulative = -3.3828551e-05
DILUPBiCGStab:  Solving for omega, Initial residual = 7.477011e-06, Final residual = 3.0963543e-08, No Iterations 1
DILUPBiCGStab:  Solving for k, Initial residual = 9.5342351e-05, Final residual = 2.4373305e-07, No Iterations 1
ExecutionTime = 71.024962 s  ClockTime = 101 s

Region: fluid Courant Number mean: 6475.6366 max: 10257.851
Region: solid Diffusion Number mean: 5397.6312 max: 53365.575
Time = 5167s

PIMPLE: Iteration 1

Solving for solid region solid
DICPCG:  Solving for e, Initial residual = 0.00017605909, Final residual = 2.412382e-06, No Iterations 2
Min/max T:365.94934 545.54691

Solving for fluid region fluid
DILUPBiCGStab:  Solving for Ux, Initial residual = 8.9958663e-05, Final residual = 3.0302524e-07, No Iterations 1
DILUPBiCGStab:  Solving for Uy, Initial residual = 0.00010531866, Final residual = 1.0832574e-06, No Iterations 1
DILUPBiCGStab:  Solving for Uz, Initial residual = 0.00010428013, Final residual = 4.0919268e-07, No Iterations 1
DILUPBiCGStab:  Solving for h, Initial residual = 6.5340211e-05, Final residual = 2.1199714e-07, No Iterations 1
Min/max T:139.8 511.79649
GAMG:  Solving for p_rgh, Initial residual = 3.8821819e-05, Final residual = 4.553946e-07, No Iterations 100
time step continuity errors : sum local = 0.0039484835, global = -2.7155369e-05, cumulative = -2.7155369e-05
GAMG:  Solving for p_rgh, Initial residual = 1.1604877e-05, Final residual = 1.0902777e-07, No Iterations 72
time step continuity errors : sum local = 0.00094548022, global = -9.7491542e-06, cumulative = -3.6904524e-05
PIMPLE: Iteration 2

Solving for solid region solid
DICPCG:  Solving for e, Initial residual = 0.00017603549, Final residual = 2.4117201e-06, No Iterations 2
Min/max T:365.96578 545.56693

Solving for fluid region fluid
DILUPBiCGStab:  Solving for Ux, Initial residual = 9.0104391e-05, Final residual = 3.0349039e-07, No Iterations 1
DILUPBiCGStab:  Solving for Uy, Initial residual = 0.00010618942, Final residual = 1.1022345e-06, No Iterations 1
DILUPBiCGStab:  Solving for Uz, Initial residual = 0.00010417426, Final residual = 4.0309231e-07, No Iterations 1
DILUPBiCGStab:  Solving for h, Initial residual = 6.5420044e-05, Final residual = 2.1259582e-07, No Iterations 1
Min/max T:139.8 511.81637
GAMG:  Solving for p_rgh, Initial residual = 3.8586491e-05, Final residual = 4.3890979e-07, No Iterations 100
time step continuity errors : sum local = 0.0038058912, global = -2.4166393e-05, cumulative = -2.4166393e-05
GAMG:  Solving for p_rgh, Initial residual = 1.1609303e-05, Final residual = 1.1187327e-07, No Iterations 68
time step continuity errors : sum local = 0.00097022805, global = -9.5580718e-06, cumulative = -3.3724465e-05
DILUPBiCGStab:  Solving for omega, Initial residual = 7.4764907e-06, Final residual = 3.0962693e-08, No Iterations 1
DILUPBiCGStab:  Solving for k, Initial residual = 9.5337691e-05, Final residual = 2.4372057e-07, No Iterations 1
ExecutionTime = 71.331149 s  ClockTime = 101 s

Region: fluid Courant Number mean: 6475.9946 max: 10259.879
Region: solid Diffusion Number mean: 5397.6312 max: 53365.575
Time = 5168s

PIMPLE: Iteration 1

Solving for solid region solid
DICPCG:  Solving for e, Initial residual = 0.00017602149, Final residual = 2.4118622e-06, No Iterations 2
Min/max T:365.98221 545.58696

Solving for fluid region fluid
DILUPBiCGStab:  Solving for Ux, Initial residual = 8.9943299e-05, Final residual = 3.0297498e-07, No Iterations 1
DILUPBiCGStab:  Solving for Uy, Initial residual = 0.00010606579, Final residual = 1.0891157e-06, No Iterations 1
DILUPBiCGStab:  Solving for Uz, Initial residual = 0.00010422479, Final residual = 3.9858647e-07, No Iterations 1
DILUPBiCGStab:  Solving for h, Initial residual = 6.5329283e-05, Final residual = 2.1196455e-07, No Iterations 1
Min/max T:139.8 511.83626
GAMG:  Solving for p_rgh, Initial residual = 3.8455437e-05, Final residual = 4.5050483e-07, No Iterations 100
time step continuity errors : sum local = 0.0039065804, global = -2.7876166e-05, cumulative = -2.7876166e-05
GAMG:  Solving for p_rgh, Initial residual = 1.1496692e-05, Final residual = 1.0710917e-07, No Iterations 72
time step continuity errors : sum local = 0.00092896062, global = -9.7329547e-06, cumulative = -3.7609121e-05
PIMPLE: Iteration 2

Solving for solid region solid
DICPCG:  Solving for e, Initial residual = 0.0001759979, Final residual = 2.4112006e-06, No Iterations 2
Min/max T:365.99864 545.60699

Solving for fluid region fluid
DILUPBiCGStab:  Solving for Ux, Initial residual = 9.009838e-05, Final residual = 3.0346872e-07, No Iterations 1
DILUPBiCGStab:  Solving for Uy, Initial residual = 0.00010698182, Final residual = 1.1065034e-06, No Iterations 1
DILUPBiCGStab:  Solving for Uz, Initial residual = 0.00010430088, Final residual = 3.9752751e-07, No Iterations 1
DILUPBiCGStab:  Solving for h, Initial residual = 6.5409009e-05, Final residual = 2.1256292e-07, No Iterations 1
Min/max T:139.8 511.85614
GAMG:  Solving for p_rgh, Initial residual = 3.8273173e-05, Final residual = 4.3618641e-07, No Iterations 100
time step continuity errors : sum local = 0.0037827591, global = -2.4078047e-05, cumulative = -2.4078047e-05
GAMG:  Solving for p_rgh, Initial residual = 1.1502859e-05, Final residual = 1.0937402e-07, No Iterations 68
time step continuity errors : sum local = 0.00094867388, global = -9.5241206e-06, cumulative = -3.3602168e-05
DILUPBiCGStab:  Solving for omega, Initial residual = 7.4759958e-06, Final residual = 3.0961633e-08, No Iterations 1
DILUPBiCGStab:  Solving for k, Initial residual = 9.53341e-05, Final residual = 2.4370898e-07, No Iterations 1
ExecutionTime = 71.683128 s  ClockTime = 102 s

Region: fluid Courant Number mean: 6476.3527 max: 10261.909
Region: solid Diffusion Number mean: 5397.6312 max: 53365.575
Time = 5169s

PIMPLE: Iteration 1

Solving for solid region solid
DICPCG:  Solving for e, Initial residual = 0.00017598389, Final residual = 2.4113425e-06, No Iterations 2
Min/max T:366.01506 545.62701

Solving for fluid region fluid
DILUPBiCGStab:  Solving for Ux, Initial residual = 8.9932775e-05, Final residual = 3.0293541e-07, No Iterations 1
DILUPBiCGStab:  Solving for Uy, Initial residual = 0.00010610041, Final residual = 1.0902187e-06, No Iterations 1
DILUPBiCGStab:  Solving for Uz, Initial residual = 0.00010441049, Final residual = 3.9553169e-07, No Iterations 1
DILUPBiCGStab:  Solving for h, Initial residual = 6.5318331e-05, Final residual = 2.1192951e-07, No Iterations 1
Min/max T:139.8 511.87603
GAMG:  Solving for p_rgh, Initial residual = 3.8447031e-05, Final residual = 4.5590107e-07, No Iterations 100
time step continuity errors : sum local = 0.0039538773, global = -2.8355692e-05, cumulative = -2.8355692e-05
GAMG:  Solving for p_rgh, Initial residual = 1.1497211e-05, Final residual = 1.0860407e-07, No Iterations 72
time step continuity errors : sum local = 0.00094204607, global = -9.72667e-06, cumulative = -3.8082362e-05
PIMPLE: Iteration 2

Solving for solid region solid
DICPCG:  Solving for e, Initial residual = 0.00017596031, Final residual = 2.4106814e-06, No Iterations 2
Min/max T:366.03149 545.64703

Solving for fluid region fluid
DILUPBiCGStab:  Solving for Ux, Initial residual = 9.0085724e-05, Final residual = 3.0342281e-07, No Iterations 1
DILUPBiCGStab:  Solving for Uy, Initial residual = 0.00010693993, Final residual = 1.1078767e-06, No Iterations 1
DILUPBiCGStab:  Solving for Uz, Initial residual = 0.00010438734, Final residual = 3.9898049e-07, No Iterations 1
DILUPBiCGStab:  Solving for h, Initial residual = 6.5397917e-05, Final residual = 2.1252489e-07, No Iterations 1
Min/max T:139.8 511.8959
GAMG:  Solving for p_rgh, Initial residual = 3.8530911e-05, Final residual = 4.3870184e-07, No Iterations 100
time step continuity errors : sum local = 0.0038050567, global = -2.4295915e-05, cumulative = -2.4295915e-05
GAMG:  Solving for p_rgh, Initial residual = 1.1559225e-05, Final residual = 1.105872e-07, No Iterations 68
time step continuity errors : sum local = 0.00095931915, global = -9.6632406e-06, cumulative = -3.3959156e-05
DILUPBiCGStab:  Solving for omega, Initial residual = 7.475402e-06, Final residual = 3.0960138e-08, No Iterations 1
DILUPBiCGStab:  Solving for k, Initial residual = 9.5331033e-05, Final residual = 2.4369859e-07, No Iterations 1
ExecutionTime = 71.994292 s  ClockTime = 102 s

Region: fluid Courant Number mean: 6476.7108 max: 10263.937
Region: solid Diffusion Number mean: 5397.6312 max: 53365.575
Time = 5170s

PIMPLE: Iteration 1

Solving for solid region solid
DICPCG:  Solving for e, Initial residual = 0.00017594629, Final residual = 2.410823e-06, No Iterations 2
Min/max T:366.04791 545.66705

Solving for fluid region fluid
DILUPBiCGStab:  Solving for Ux, Initial residual = 8.9925963e-05, Final residual = 3.0290346e-07, No Iterations 1
DILUPBiCGStab:  Solving for Uy, Initial residual = 0.00010675409, Final residual = 1.0944068e-06, No Iterations 1
DILUPBiCGStab:  Solving for Uz, Initial residual = 0.00010412659, Final residual = 3.989354e-07, No Iterations 1
DILUPBiCGStab:  Solving for h, Initial residual = 6.5306982e-05, Final residual = 2.1189323e-07, No Iterations 1
Min/max T:139.8 511.91579
GAMG:  Solving for p_rgh, Initial residual = 3.8571045e-05, Final residual = 4.5340575e-07, No Iterations 100
time step continuity errors : sum local = 0.0039327404, global = -2.8042025e-05, cumulative = -2.8042025e-05
GAMG:  Solving for p_rgh, Initial residual = 1.1551169e-05, Final residual = 1.0833345e-07, No Iterations 72
time step continuity errors : sum local = 0.00093981796, global = -9.8942052e-06, cumulative = -3.793623e-05
PIMPLE: Iteration 2

Solving for solid region solid
DICPCG:  Solving for e, Initial residual = 0.00017592271, Final residual = 2.4101622e-06, No Iterations 2
Min/max T:366.06433 545.68707

Solving for fluid region fluid
DILUPBiCGStab:  Solving for Ux, Initial residual = 9.0079192e-05, Final residual = 3.0338743e-07, No Iterations 1
DILUPBiCGStab:  Solving for Uy, Initial residual = 0.00010789513, Final residual = 1.1124195e-06, No Iterations 1
DILUPBiCGStab:  Solving for Uz, Initial residual = 0.00010405615, Final residual = 3.9919326e-07, No Iterations 1
DILUPBiCGStab:  Solving for h, Initial residual = 6.5386386e-05, Final residual = 2.1249183e-07, No Iterations 1
Min/max T:139.8 511.93566
GAMG:  Solving for p_rgh, Initial residual = 3.8300907e-05, Final residual = 4.3862915e-07, No Iterations 100
time step continuity errors : sum local = 0.0038049118, global = -2.392269e-05, cumulative = -2.392269e-05
GAMG:  Solving for p_rgh, Initial residual = 1.1527982e-05, Final residual = 1.103385e-07, No Iterations 68
time step continuity errors : sum local = 0.00095728406, global = -9.4362196e-06, cumulative = -3.3358909e-05
DILUPBiCGStab:  Solving for omega, Initial residual = 7.4747854e-06, Final residual = 3.0958757e-08, No Iterations 1
DILUPBiCGStab:  Solving for k, Initial residual = 9.532846e-05, Final residual = 2.4369026e-07, No Iterations 1
ExecutionTime = 72.291128 s  ClockTime = 102 s

Region: fluid Courant Number mean: 6477.0689 max: 10265.957
Region: solid Diffusion Number mean: 5397.6312 max: 53365.575
Time = 5171s

PIMPLE: Iteration 1

Solving for solid region solid
DICPCG:  Solving for e, Initial residual = 0.0001759087, Final residual = 2.4103035e-06, No Iterations 2
Min/max T:366.08074 545.70709

Solving for fluid region fluid
DILUPBiCGStab:  Solving for Ux, Initial residual = 8.9914893e-05, Final residual = 3.0285637e-07, No Iterations 1
DILUPBiCGStab:  Solving for Uy, Initial residual = 0.00010726363, Final residual = 1.0999288e-06, No Iterations 1
DILUPBiCGStab:  Solving for Uz, Initial residual = 0.00010405682, Final residual = 3.9759872e-07, No Iterations 1
DILUPBiCGStab:  Solving for h, Initial residual = 6.5295731e-05, Final residual = 2.1186563e-07, No Iterations 1
Min/max T:139.8 511.95554
GAMG:  Solving for p_rgh, Initial residual = 3.8391833e-05, Final residual = 4.5430588e-07, No Iterations 100
time step continuity errors : sum local = 0.0039410477, global = -2.7761963e-05, cumulative = -2.7761963e-05
GAMG:  Solving for p_rgh, Initial residual = 1.1493037e-05, Final residual = 1.0789584e-07, No Iterations 72
time step continuity errors : sum local = 0.00093614062, global = -9.5919812e-06, cumulative = -3.7353944e-05
PIMPLE: Iteration 2

Solving for solid region solid
DICPCG:  Solving for e, Initial residual = 0.00017588513, Final residual = 2.409643e-06, No Iterations 2
Min/max T:366.09716 545.7271

Solving for fluid region fluid
DILUPBiCGStab:  Solving for Ux, Initial residual = 9.0066019e-05, Final residual = 3.0333972e-07, No Iterations 1
DILUPBiCGStab:  Solving for Uy, Initial residual = 0.00010859621, Final residual = 1.1195011e-06, No Iterations 1
DILUPBiCGStab:  Solving for Uz, Initial residual = 0.00010401041, Final residual = 3.9865867e-07, No Iterations 1
DILUPBiCGStab:  Solving for h, Initial residual = 6.5375135e-05, Final residual = 2.1246395e-07, No Iterations 1
Min/max T:139.8 511.97541
GAMG:  Solving for p_rgh, Initial residual = 3.8216685e-05, Final residual = 4.373263e-07, No Iterations 100
time step continuity errors : sum local = 0.00379409, global = -2.4147063e-05, cumulative = -2.4147063e-05
GAMG:  Solving for p_rgh, Initial residual = 1.1485875e-05, Final residual = 1.0980413e-07, No Iterations 68
time step continuity errors : sum local = 0.00095276897, global = -9.3409147e-06, cumulative = -3.3487978e-05
DILUPBiCGStab:  Solving for omega, Initial residual = 7.4742265e-06, Final residual = 3.0957826e-08, No Iterations 1
DILUPBiCGStab:  Solving for k, Initial residual = 9.5325775e-05, Final residual = 2.4368277e-07, No Iterations 1
ExecutionTime = 72.615165 s  ClockTime = 103 s

Region: fluid Courant Number mean: 6477.4271 max: 10267.973
Region: solid Diffusion Number mean: 5397.6312 max: 53365.575
Time = 5172s

PIMPLE: Iteration 1

Solving for solid region solid
DICPCG:  Solving for e, Initial residual = 0.00017587111, Final residual = 2.4097841e-06, No Iterations 2
Min/max T:366.11357 545.74711

Solving for fluid region fluid
DILUPBiCGStab:  Solving for Ux, Initial residual = 8.9902692e-05, Final residual = 3.0281259e-07, No Iterations 1
DILUPBiCGStab:  Solving for Uy, Initial residual = 0.00010779804, Final residual = 1.1056562e-06, No Iterations 1
DILUPBiCGStab:  Solving for Uz, Initial residual = 0.00010399299, Final residual = 3.9863129e-07, No Iterations 1
DILUPBiCGStab:  Solving for h, Initial residual = 6.5284621e-05, Final residual = 2.1183724e-07, No Iterations 1
Min/max T:139.8 511.99529
GAMG:  Solving for p_rgh, Initial residual = 3.8388095e-05, Final residual = 4.5235841e-07, No Iterations 100
time step continuity errors : sum local = 0.003924649, global = -2.681334e-05, cumulative = -2.681334e-05
GAMG:  Solving for p_rgh, Initial residual = 1.1478579e-05, Final residual = 1.0678657e-07, No Iterations 72
time step continuity errors : sum local = 0.00092663235, global = -9.5050423e-06, cumulative = -3.6318382e-05
PIMPLE: Iteration 2

Solving for solid region solid
DICPCG:  Solving for e, Initial residual = 0.00017584754, Final residual = 2.4091239e-06, No Iterations 2
Min/max T:366.12998 545.76713

Solving for fluid region fluid
DILUPBiCGStab:  Solving for Ux, Initial residual = 9.004931e-05, Final residual = 3.0328144e-07, No Iterations 1
DILUPBiCGStab:  Solving for Uy, Initial residual = 0.00010872894, Final residual = 1.1232219e-06, No Iterations 1
DILUPBiCGStab:  Solving for Uz, Initial residual = 0.00010393302, Final residual = 4.0051721e-07, No Iterations 1
DILUPBiCGStab:  Solving for h, Initial residual = 6.5364042e-05, Final residual = 2.1243412e-07, No Iterations 1
Min/max T:139.8 512.01515
GAMG:  Solving for p_rgh, Initial residual = 3.8382574e-05, Final residual = 4.3874533e-07, No Iterations 100
time step continuity errors : sum local = 0.00380688, global = -2.4215731e-05, cumulative = -2.4215731e-05
GAMG:  Solving for p_rgh, Initial residual = 1.1541092e-05, Final residual = 1.1079954e-07, No Iterations 68
time step continuity errors : sum local = 0.00096152605, global = -9.407826e-06, cumulative = -3.3623557e-05
DILUPBiCGStab:  Solving for omega, Initial residual = 7.473718e-06, Final residual = 3.0957013e-08, No Iterations 1
DILUPBiCGStab:  Solving for k, Initial residual = 9.5322734e-05, Final residual = 2.4367498e-07, No Iterations 1
ExecutionTime = 72.955435 s  ClockTime = 103 s

Region: fluid Courant Number mean: 6477.7852 max: 10269.985
Region: solid Diffusion Number mean: 5397.6312 max: 53365.575
Time = 5173s

PIMPLE: Iteration 1

Solving for solid region solid
DICPCG:  Solving for e, Initial residual = 0.00017583352, Final residual = 2.4092648e-06, No Iterations 2
Min/max T:366.14638 545.78713

Solving for fluid region fluid
DILUPBiCGStab:  Solving for Ux, Initial residual = 8.9890369e-05, Final residual = 3.0276933e-07, No Iterations 1
DILUPBiCGStab:  Solving for Uy, Initial residual = 0.00010760484, Final residual = 1.1033138e-06, No Iterations 1
DILUPBiCGStab:  Solving for Uz, Initial residual = 0.00010386035, Final residual = 3.988917e-07, No Iterations 1
DILUPBiCGStab:  Solving for h, Initial residual = 6.5273657e-05, Final residual = 2.1180628e-07, No Iterations 1
Min/max T:139.8 512.03502
GAMG:  Solving for p_rgh, Initial residual = 3.8737365e-05, Final residual = 4.541795e-07, No Iterations 100
time step continuity errors : sum local = 0.0039409462, global = -2.775847e-05, cumulative = -2.775847e-05
GAMG:  Solving for p_rgh, Initial residual = 1.1591556e-05, Final residual = 1.0810486e-07, No Iterations 72
time step continuity errors : sum local = 0.00093818978, global = -9.3954772e-06, cumulative = -3.7153947e-05
PIMPLE: Iteration 2

Solving for solid region solid
DICPCG:  Solving for e, Initial residual = 0.00017580996, Final residual = 2.4086049e-06, No Iterations 2
Min/max T:366.16278 545.80714

Solving for fluid region fluid
DILUPBiCGStab:  Solving for Ux, Initial residual = 9.0032859e-05, Final residual = 3.0322385e-07, No Iterations 1
DILUPBiCGStab:  Solving for Uy, Initial residual = 0.00010820273, Final residual = 1.1186057e-06, No Iterations 1
DILUPBiCGStab:  Solving for Uz, Initial residual = 0.00010363622, Final residual = 3.9781895e-07, No Iterations 1
DILUPBiCGStab:  Solving for h, Initial residual = 6.535304e-05, Final residual = 2.1240112e-07, No Iterations 1
Min/max T:139.8 512.05488
GAMG:  Solving for p_rgh, Initial residual = 3.8381955e-05, Final residual = 4.3902015e-07, No Iterations 100
time step continuity errors : sum local = 0.0038097443, global = -2.4073774e-05, cumulative = -2.4073774e-05
GAMG:  Solving for p_rgh, Initial residual = 1.1542174e-05, Final residual = 1.0984945e-07, No Iterations 68
time step continuity errors : sum local = 0.00095340096, global = -9.3042536e-06, cumulative = -3.3378027e-05
DILUPBiCGStab:  Solving for omega, Initial residual = 7.4731068e-06, Final residual = 3.0956548e-08, No Iterations 1
DILUPBiCGStab:  Solving for k, Initial residual = 9.5318705e-05, Final residual = 2.4366759e-07, No Iterations 1
ExecutionTime = 73.325644 s  ClockTime = 103 s

Region: fluid Courant Number mean: 6478.1433 max: 10271.997
Region: solid Diffusion Number mean: 5397.6312 max: 53365.575
Time = 5174s

PIMPLE: Iteration 1

Solving for solid region solid
DICPCG:  Solving for e, Initial residual = 0.00017579594, Final residual = 2.4087456e-06, No Iterations 2
Min/max T:366.17918 545.82715

Solving for fluid region fluid
DILUPBiCGStab:  Solving for Ux, Initial residual = 8.9869076e-05, Final residual = 3.026945e-07, No Iterations 1
DILUPBiCGStab:  Solving for Uy, Initial residual = 0.00010662336, Final residual = 1.1032524e-06, No Iterations 1
DILUPBiCGStab:  Solving for Uz, Initial residual = 0.00010356386, Final residual = 3.9754067e-07, No Iterations 1
DILUPBiCGStab:  Solving for h, Initial residual = 6.5262753e-05, Final residual = 2.1177981e-07, No Iterations 1
Min/max T:139.8 512.07475
GAMG:  Solving for p_rgh, Initial residual = 3.8177954e-05, Final residual = 4.4876567e-07, No Iterations 100
time step continuity errors : sum local = 0.0038944608, global = -2.7286439e-05, cumulative = -2.7286439e-05
GAMG:  Solving for p_rgh, Initial residual = 1.1436954e-05, Final residual = 1.1417308e-07, No Iterations 70
time step continuity errors : sum local = 0.00099097758, global = -1.0242732e-05, cumulative = -3.7529171e-05
PIMPLE: Iteration 2

Solving for solid region solid
DICPCG:  Solving for e, Initial residual = 0.00017577238, Final residual = 2.408086e-06, No Iterations 2
Min/max T:366.19558 545.84715

Solving for fluid region fluid
DILUPBiCGStab:  Solving for Ux, Initial residual = 9.0013103e-05, Final residual = 3.0315218e-07, No Iterations 1
DILUPBiCGStab:  Solving for Uy, Initial residual = 0.00010738681, Final residual = 1.1167163e-06, No Iterations 1
DILUPBiCGStab:  Solving for Uz, Initial residual = 0.0001035246, Final residual = 4.0178546e-07, No Iterations 1
DILUPBiCGStab:  Solving for h, Initial residual = 6.5342144e-05, Final residual = 2.1237527e-07, No Iterations 1
Min/max T:139.8 512.09461
GAMG:  Solving for p_rgh, Initial residual = 3.8384945e-05, Final residual = 4.3485906e-07, No Iterations 100
time step continuity errors : sum local = 0.0037741098, global = -2.3455131e-05, cumulative = -2.3455131e-05
GAMG:  Solving for p_rgh, Initial residual = 1.1566003e-05, Final residual = 1.0718915e-07, No Iterations 68
time step continuity errors : sum local = 0.00093042761, global = -8.6312674e-06, cumulative = -3.2086398e-05
DILUPBiCGStab:  Solving for omega, Initial residual = 7.4726084e-06, Final residual = 3.0956483e-08, No Iterations 1
DILUPBiCGStab:  Solving for k, Initial residual = 9.5312576e-05, Final residual = 2.4365598e-07, No Iterations 1
ExecutionTime = 73.891172 s  ClockTime = 104 s

Region: fluid Courant Number mean: 6478.5014 max: 10274.011
Region: solid Diffusion Number mean: 5397.6312 max: 53365.575
Time = 5175s

PIMPLE: Iteration 1

Solving for solid region solid
DICPCG:  Solving for e, Initial residual = 0.00017575836, Final residual = 2.4082263e-06, No Iterations 2
Min/max T:366.21198 545.86715

Solving for fluid region fluid
DILUPBiCGStab:  Solving for Ux, Initial residual = 8.9839815e-05, Final residual = 3.0259865e-07, No Iterations 1
DILUPBiCGStab:  Solving for Uy, Initial residual = 0.00010603414, Final residual = 1.09848e-06, No Iterations 1
DILUPBiCGStab:  Solving for Uz, Initial residual = 0.00010347488, Final residual = 4.0673655e-07, No Iterations 1
DILUPBiCGStab:  Solving for h, Initial residual = 6.5251982e-05, Final residual = 2.1174982e-07, No Iterations 1
Min/max T:139.8 512.11447
GAMG:  Solving for p_rgh, Initial residual = 3.8656235e-05, Final residual = 4.5356123e-07, No Iterations 100
time step continuity errors : sum local = 0.0039365656, global = -2.8018615e-05, cumulative = -2.8018615e-05
GAMG:  Solving for p_rgh, Initial residual = 1.1573808e-05, Final residual = 1.0764562e-07, No Iterations 72
time step continuity errors : sum local = 0.00093443892, global = -9.4666681e-06, cumulative = -3.7485283e-05
PIMPLE: Iteration 2

Solving for solid region solid
DICPCG:  Solving for e, Initial residual = 0.00017573481, Final residual = 2.407567e-06, No Iterations 2
Min/max T:366.22837 545.88715

Solving for fluid region fluid
DILUPBiCGStab:  Solving for Ux, Initial residual = 8.9992042e-05, Final residual = 3.0308414e-07, No Iterations 1
DILUPBiCGStab:  Solving for Uy, Initial residual = 0.00010683122, Final residual = 1.1159686e-06, No Iterations 1
DILUPBiCGStab:  Solving for Uz, Initial residual = 0.00010329861, Final residual = 4.1063243e-07, No Iterations 1
DILUPBiCGStab:  Solving for h, Initial residual = 6.5331186e-05, Final residual = 2.1234405e-07, No Iterations 1
Min/max T:139.8 512.13433
GAMG:  Solving for p_rgh, Initial residual = 3.8372305e-05, Final residual = 4.3674162e-07, No Iterations 100
time step continuity errors : sum local = 0.0037909255, global = -2.3861929e-05, cumulative = -2.3861929e-05
GAMG:  Solving for p_rgh, Initial residual = 1.154467e-05, Final residual = 1.0838159e-07, No Iterations 68
time step continuity errors : sum local = 0.00094089761, global = -9.1733497e-06, cumulative = -3.3035279e-05
DILUPBiCGStab:  Solving for omega, Initial residual = 7.4720842e-06, Final residual = 3.0955112e-08, No Iterations 1
DILUPBiCGStab:  Solving for k, Initial residual = 9.530686e-05, Final residual = 2.4364586e-07, No Iterations 1
ExecutionTime = 74.216172 s  ClockTime = 104 s

Region: fluid Courant Number mean: 6478.8594 max: 10276.008
Region: solid Diffusion Number mean: 5397.6312 max: 53365.575
Time = 5176s

PIMPLE: Iteration 1

Solving for solid region solid
DICPCG:  Solving for e, Initial residual = 0.00017572079, Final residual = 2.4077072e-06, No Iterations 2
Min/max T:366.24476 545.90715

Solving for fluid region fluid
DILUPBiCGStab:  Solving for Ux, Initial residual = 8.9830048e-05, Final residual = 3.0255536e-07, No Iterations 1
DILUPBiCGStab:  Solving for Uy, Initial residual = 0.00010566484, Final residual = 1.0976845e-06, No Iterations 1
DILUPBiCGStab:  Solving for Uz, Initial residual = 0.00010305548, Final residual = 4.0770728e-07, No Iterations 1
DILUPBiCGStab:  Solving for h, Initial residual = 6.5240808e-05, Final residual = 2.1171514e-07, No Iterations 1
Min/max T:139.8 512.15419
GAMG:  Solving for p_rgh, Initial residual = 3.881047e-05, Final residual = 4.5229856e-07, No Iterations 100
time step continuity errors : sum local = 0.0039261073, global = -2.7737414e-05, cumulative = -2.7737414e-05
GAMG:  Solving for p_rgh, Initial residual = 1.1640592e-05, Final residual = 1.0771428e-07, No Iterations 72
time step continuity errors : sum local = 0.0009351531, global = -9.2888581e-06, cumulative = -3.7026272e-05
PIMPLE: Iteration 2

Solving for solid region solid
DICPCG:  Solving for e, Initial residual = 0.00017569724, Final residual = 2.4070482e-06, No Iterations 2
Min/max T:366.26115 545.92714

Solving for fluid region fluid
DILUPBiCGStab:  Solving for Ux, Initial residual = 8.9971937e-05, Final residual = 3.0301425e-07, No Iterations 1
DILUPBiCGStab:  Solving for Uy, Initial residual = 0.00010662734, Final residual = 1.1125469e-06, No Iterations 1
DILUPBiCGStab:  Solving for Uz, Initial residual = 0.00010284096, Final residual = 4.0591195e-07, No Iterations 1
DILUPBiCGStab:  Solving for h, Initial residual = 6.5319853e-05, Final residual = 2.1231203e-07, No Iterations 1
Min/max T:139.8 512.17404
GAMG:  Solving for p_rgh, Initial residual = 3.8814814e-05, Final residual = 4.4483686e-07, No Iterations 100
time step continuity errors : sum local = 0.0038616785, global = -2.4060923e-05, cumulative = -2.4060923e-05
GAMG:  Solving for p_rgh, Initial residual = 1.1695066e-05, Final residual = 1.1095406e-07, No Iterations 68
time step continuity errors : sum local = 0.0009633513, global = -9.4305561e-06, cumulative = -3.3491479e-05
DILUPBiCGStab:  Solving for omega, Initial residual = 7.4715197e-06, Final residual = 3.0954993e-08, No Iterations 1
DILUPBiCGStab:  Solving for k, Initial residual = 9.5301122e-05, Final residual = 2.4363632e-07, No Iterations 1
ExecutionTime = 74.569942 s  ClockTime = 105 s

Region: fluid Courant Number mean: 6479.2173 max: 10278.042
Region: solid Diffusion Number mean: 5397.6312 max: 53365.575
Time = 5177s

PIMPLE: Iteration 1

Solving for solid region solid
DICPCG:  Solving for e, Initial residual = 0.00017568322, Final residual = 2.4071882e-06, No Iterations 2
Min/max T:366.27753 545.94713

Solving for fluid region fluid
DILUPBiCGStab:  Solving for Ux, Initial residual = 8.9819711e-05, Final residual = 3.0252472e-07, No Iterations 1
DILUPBiCGStab:  Solving for Uy, Initial residual = 0.00010528194, Final residual = 1.0887113e-06, No Iterations 1
DILUPBiCGStab:  Solving for Uz, Initial residual = 0.00010288131, Final residual = 4.0838e-07, No Iterations 1
DILUPBiCGStab:  Solving for h, Initial residual = 6.5229603e-05, Final residual = 2.1168502e-07, No Iterations 1
Min/max T:139.8 512.1939
GAMG:  Solving for p_rgh, Initial residual = 3.9023954e-05, Final residual = 4.5285537e-07, No Iterations 100
time step continuity errors : sum local = 0.0039314385, global = -2.7726742e-05, cumulative = -2.7726742e-05
GAMG:  Solving for p_rgh, Initial residual = 1.1695312e-05, Final residual = 1.1552208e-07, No Iterations 70
time step continuity errors : sum local = 0.0010030682, global = -1.0341284e-05, cumulative = -3.8068026e-05
PIMPLE: Iteration 2

Solving for solid region solid
DICPCG:  Solving for e, Initial residual = 0.00017565968, Final residual = 2.4065294e-06, No Iterations 2
Min/max T:366.29392 545.96713

Solving for fluid region fluid
DILUPBiCGStab:  Solving for Ux, Initial residual = 8.9972351e-05, Final residual = 3.030091e-07, No Iterations 1
DILUPBiCGStab:  Solving for Uy, Initial residual = 0.00010632571, Final residual = 1.1032571e-06, No Iterations 1
DILUPBiCGStab:  Solving for Uz, Initial residual = 0.00010299284, Final residual = 4.0865865e-07, No Iterations 1
DILUPBiCGStab:  Solving for h, Initial residual = 6.5308628e-05, Final residual = 2.1228081e-07, No Iterations 1
Min/max T:139.8 512.21374
GAMG:  Solving for p_rgh, Initial residual = 3.8716817e-05, Final residual = 4.3485779e-07, No Iterations 100
time step continuity errors : sum local = 0.003775532, global = -2.3715434e-05, cumulative = -2.3715434e-05
GAMG:  Solving for p_rgh, Initial residual = 1.1661801e-05, Final residual = 1.080045e-07, No Iterations 68
time step continuity errors : sum local = 0.0009378611, global = -9.0932869e-06, cumulative = -3.2808721e-05
DILUPBiCGStab:  Solving for omega, Initial residual = 7.4709688e-06, Final residual = 3.095379e-08, No Iterations 1
DILUPBiCGStab:  Solving for k, Initial residual = 9.5297218e-05, Final residual = 2.4362698e-07, No Iterations 1
ExecutionTime = 74.937748 s  ClockTime = 105 s

Region: fluid Courant Number mean: 6479.5753 max: 10280.068
Region: solid Diffusion Number mean: 5397.6312 max: 53365.575
Time = 5178s

PIMPLE: Iteration 1

Solving for solid region solid
DICPCG:  Solving for e, Initial residual = 0.00017564565, Final residual = 2.4066689e-06, No Iterations 2
Min/max T:366.3103 545.98712

Solving for fluid region fluid
DILUPBiCGStab:  Solving for Ux, Initial residual = 8.9806215e-05, Final residual = 3.0247281e-07, No Iterations 1
DILUPBiCGStab:  Solving for Uy, Initial residual = 0.00010504361, Final residual = 1.0863453e-06, No Iterations 1
DILUPBiCGStab:  Solving for Uz, Initial residual = 0.00010299178, Final residual = 4.0628901e-07, No Iterations 1
DILUPBiCGStab:  Solving for h, Initial residual = 6.5218502e-05, Final residual = 2.1164998e-07, No Iterations 1
Min/max T:139.8 512.2336
GAMG:  Solving for p_rgh, Initial residual = 3.8827068e-05, Final residual = 4.5304979e-07, No Iterations 100
time step continuity errors : sum local = 0.0039336242, global = -2.7666429e-05, cumulative = -2.7666429e-05
GAMG:  Solving for p_rgh, Initial residual = 1.163114e-05, Final residual = 1.1584296e-07, No Iterations 70
time step continuity errors : sum local = 0.0010059808, global = -1.0380727e-05, cumulative = -3.8047156e-05
PIMPLE: Iteration 2

Solving for solid region solid
DICPCG:  Solving for e, Initial residual = 0.00017562211, Final residual = 2.4060106e-06, No Iterations 2
Min/max T:366.32668 546.0071

Solving for fluid region fluid
DILUPBiCGStab:  Solving for Ux, Initial residual = 8.9954876e-05, Final residual = 3.0294724e-07, No Iterations 1
DILUPBiCGStab:  Solving for Uy, Initial residual = 0.00010604282, Final residual = 1.1046301e-06, No Iterations 1
DILUPBiCGStab:  Solving for Uz, Initial residual = 0.00010296531, Final residual = 4.0688243e-07, No Iterations 1
DILUPBiCGStab:  Solving for h, Initial residual = 6.5297452e-05, Final residual = 2.1224334e-07, No Iterations 1
Min/max T:139.8 512.25344
GAMG:  Solving for p_rgh, Initial residual = 3.877175e-05, Final residual = 4.3943616e-07, No Iterations 100
time step continuity errors : sum local = 0.0038157639, global = -2.4104436e-05, cumulative = -2.4104436e-05
GAMG:  Solving for p_rgh, Initial residual = 1.1696007e-05, Final residual = 1.102479e-07, No Iterations 68
time step continuity errors : sum local = 0.00095746367, global = -9.2273348e-06, cumulative = -3.3331771e-05
DILUPBiCGStab:  Solving for omega, Initial residual = 7.470451e-06, Final residual = 3.0952249e-08, No Iterations 1
DILUPBiCGStab:  Solving for k, Initial residual = 9.5293728e-05, Final residual = 2.436186e-07, No Iterations 1
ExecutionTime = 75.314032 s  ClockTime = 106 s

Region: fluid Courant Number mean: 6479.9334 max: 10282.095
Region: solid Diffusion Number mean: 5397.6312 max: 53365.575
Time = 5179s

PIMPLE: Iteration 1

Solving for solid region solid
DICPCG:  Solving for e, Initial residual = 0.00017560809, Final residual = 2.4061501e-06, No Iterations 2
Min/max T:366.34305 546.02709

Solving for fluid region fluid
DILUPBiCGStab:  Solving for Ux, Initial residual = 8.9795361e-05, Final residual = 3.0243319e-07, No Iterations 1
DILUPBiCGStab:  Solving for Uy, Initial residual = 0.00010499221, Final residual = 1.0868669e-06, No Iterations 1
DILUPBiCGStab:  Solving for Uz, Initial residual = 0.00010294326, Final residual = 4.0509365e-07, No Iterations 1
DILUPBiCGStab:  Solving for h, Initial residual = 6.5207377e-05, Final residual = 2.11615e-07, No Iterations 1
Min/max T:139.8 512.27329
GAMG:  Solving for p_rgh, Initial residual = 3.8869049e-05, Final residual = 4.5031713e-07, No Iterations 100
time step continuity errors : sum local = 0.0039103925, global = -2.7911908e-05, cumulative = -2.7911908e-05
GAMG:  Solving for p_rgh, Initial residual = 1.1661331e-05, Final residual = 1.1600997e-07, No Iterations 70
time step continuity errors : sum local = 0.0010075587, global = -1.0362482e-05, cumulative = -3.827439e-05
PIMPLE: Iteration 2

Solving for solid region solid
DICPCG:  Solving for e, Initial residual = 0.00017558455, Final residual = 2.4054919e-06, No Iterations 2
Min/max T:366.35942 546.04707

Solving for fluid region fluid
DILUPBiCGStab:  Solving for Ux, Initial residual = 8.9944134e-05, Final residual = 3.0290651e-07, No Iterations 1
DILUPBiCGStab:  Solving for Uy, Initial residual = 0.00010602136, Final residual = 1.1038157e-06, No Iterations 1
DILUPBiCGStab:  Solving for Uz, Initial residual = 0.00010291729, Final residual = 4.0558992e-07, No Iterations 1
DILUPBiCGStab:  Solving for h, Initial residual = 6.5286293e-05, Final residual = 2.1220836e-07, No Iterations 1
Min/max T:139.8 512.29313
GAMG:  Solving for p_rgh, Initial residual = 3.8835695e-05, Final residual = 4.3744237e-07, No Iterations 100
time step continuity errors : sum local = 0.0037989314, global = -2.4073299e-05, cumulative = -2.4073299e-05
GAMG:  Solving for p_rgh, Initial residual = 1.171456e-05, Final residual = 1.0969293e-07, No Iterations 68
time step continuity errors : sum local = 0.00095276435, global = -9.1854731e-06, cumulative = -3.3258772e-05
DILUPBiCGStab:  Solving for omega, Initial residual = 7.4700208e-06, Final residual = 3.0950524e-08, No Iterations 1
DILUPBiCGStab:  Solving for k, Initial residual = 9.529054e-05, Final residual = 2.4361112e-07, No Iterations 1
ExecutionTime = 75.662722 s  ClockTime = 106 s

Region: fluid Courant Number mean: 6480.2916 max: 10284.117
Region: solid Diffusion Number mean: 5397.6312 max: 53365.575
Time = 5180s

PIMPLE: Iteration 1

Solving for solid region solid
DICPCG:  Solving for e, Initial residual = 0.00017557052, Final residual = 2.405631e-06, No Iterations 2
Min/max T:366.37579 546.06706

Solving for fluid region fluid
DILUPBiCGStab:  Solving for Ux, Initial residual = 8.9782868e-05, Final residual = 3.0238613e-07, No Iterations 1
DILUPBiCGStab:  Solving for Uy, Initial residual = 0.00010493734, Final residual = 1.0851068e-06, No Iterations 1
DILUPBiCGStab:  Solving for Uz, Initial residual = 0.00010289181, Final residual = 4.0398378e-07, No Iterations 1
DILUPBiCGStab:  Solving for h, Initial residual = 6.5196342e-05, Final residual = 2.1158099e-07, No Iterations 1
Min/max T:139.8 512.31297
GAMG:  Solving for p_rgh, Initial residual = 3.8972376e-05, Final residual = 4.5169985e-07, No Iterations 100
time step continuity errors : sum local = 0.0039228959, global = -2.7781958e-05, cumulative = -2.7781958e-05
GAMG:  Solving for p_rgh, Initial residual = 1.1678945e-05, Final residual = 1.1554296e-07, No Iterations 70
time step continuity errors : sum local = 0.0010036288, global = -1.0308061e-05, cumulative = -3.8090019e-05
PIMPLE: Iteration 2

Solving for solid region solid
DICPCG:  Solving for e, Initial residual = 0.000175547, Final residual = 2.4049732e-06, No Iterations 2
Min/max T:366.39216 546.08704

Solving for fluid region fluid
DILUPBiCGStab:  Solving for Ux, Initial residual = 8.9928811e-05, Final residual = 3.0285085e-07, No Iterations 1
DILUPBiCGStab:  Solving for Uy, Initial residual = 0.00010592953, Final residual = 1.0990348e-06, No Iterations 1
DILUPBiCGStab:  Solving for Uz, Initial residual = 0.00010285887, Final residual = 4.0183315e-07, No Iterations 1
DILUPBiCGStab:  Solving for h, Initial residual = 6.5275213e-05, Final residual = 2.1217384e-07, No Iterations 1
Min/max T:139.8 512.33281
GAMG:  Solving for p_rgh, Initial residual = 3.9115605e-05, Final residual = 4.3943418e-07, No Iterations 100
time step continuity errors : sum local = 0.003816709, global = -2.3740384e-05, cumulative = -2.3740384e-05
GAMG:  Solving for p_rgh, Initial residual = 1.1782695e-05, Final residual = 1.0945682e-07, No Iterations 68
time step continuity errors : sum local = 0.00095083368, global = -9.2019669e-06, cumulative = -3.2942351e-05
DILUPBiCGStab:  Solving for omega, Initial residual = 7.4696293e-06, Final residual = 3.0948666e-08, No Iterations 1
DILUPBiCGStab:  Solving for k, Initial residual = 9.5287098e-05, Final residual = 2.4360356e-07, No Iterations 1
ExecutionTime = 76.105808 s  ClockTime = 107 s

Region: fluid Courant Number mean: 6480.6498 max: 10286.134
Region: solid Diffusion Number mean: 5397.6312 max: 53365.575
Time = 5181s

PIMPLE: Iteration 1

Solving for solid region solid
DICPCG:  Solving for e, Initial residual = 0.00017553297, Final residual = 2.4051122e-06, No Iterations 2
Min/max T:366.40853 546.10701

Solving for fluid region fluid
DILUPBiCGStab:  Solving for Ux, Initial residual = 8.9765825e-05, Final residual = 3.0232637e-07, No Iterations 1
DILUPBiCGStab:  Solving for Uy, Initial residual = 0.00010475704, Final residual = 1.0823863e-06, No Iterations 1
DILUPBiCGStab:  Solving for Uz, Initial residual = 0.00010283386, Final residual = 4.00208e-07, No Iterations 1
DILUPBiCGStab:  Solving for h, Initial residual = 6.5185327e-05, Final residual = 2.1154471e-07, No Iterations 1
Min/max T:139.8 512.35265
GAMG:  Solving for p_rgh, Initial residual = 3.9071488e-05, Final residual = 4.5332518e-07, No Iterations 100
time step continuity errors : sum local = 0.003937505, global = -2.7951755e-05, cumulative = -2.7951755e-05
GAMG:  Solving for p_rgh, Initial residual = 1.1717333e-05, Final residual = 1.0792544e-07, No Iterations 72
time step continuity errors : sum local = 0.00093758011, global = -9.5418326e-06, cumulative = -3.7493587e-05
PIMPLE: Iteration 2

Solving for solid region solid
DICPCG:  Solving for e, Initial residual = 0.00017550944, Final residual = 2.4044547e-06, No Iterations 2
Min/max T:366.42489 546.12699

Solving for fluid region fluid
DILUPBiCGStab:  Solving for Ux, Initial residual = 8.9918598e-05, Final residual = 3.0281174e-07, No Iterations 1
DILUPBiCGStab:  Solving for Uy, Initial residual = 0.00010592284, Final residual = 1.1020776e-06, No Iterations 1
DILUPBiCGStab:  Solving for Uz, Initial residual = 0.0001027961, Final residual = 4.0130323e-07, No Iterations 1
DILUPBiCGStab:  Solving for h, Initial residual = 6.5264158e-05, Final residual = 2.1213305e-07, No Iterations 1
Min/max T:139.8 512.37248
GAMG:  Solving for p_rgh, Initial residual = 3.9051622e-05, Final residual = 4.4140899e-07, No Iterations 100
time step continuity errors : sum local = 0.0038343444, global = -2.36004e-05, cumulative = -2.36004e-05
GAMG:  Solving for p_rgh, Initial residual = 1.1759965e-05, Final residual = 1.0949757e-07, No Iterations 68
time step continuity errors : sum local = 0.00095130668, global = -8.9516689e-06, cumulative = -3.2552069e-05
DILUPBiCGStab:  Solving for omega, Initial residual = 7.469302e-06, Final residual = 3.0946842e-08, No Iterations 1
DILUPBiCGStab:  Solving for k, Initial residual = 9.5284349e-05, Final residual = 2.4359784e-07, No Iterations 1
ExecutionTime = 76.459175 s  ClockTime = 107 s

Region: fluid Courant Number mean: 6481.008 max: 10288.155
Region: solid Diffusion Number mean: 5397.6312 max: 53365.575
Time = 5182s

PIMPLE: Iteration 1

Solving for solid region solid
DICPCG:  Solving for e, Initial residual = 0.00017549542, Final residual = 2.4045934e-06, No Iterations 2
Min/max T:366.44125 546.14697

Solving for fluid region fluid
DILUPBiCGStab:  Solving for Ux, Initial residual = 8.9752265e-05, Final residual = 3.0227982e-07, No Iterations 1
DILUPBiCGStab:  Solving for Uy, Initial residual = 0.00010593001, Final residual = 1.0972217e-06, No Iterations 1
DILUPBiCGStab:  Solving for Uz, Initial residual = 0.00010267583, Final residual = 4.0084632e-07, No Iterations 1
DILUPBiCGStab:  Solving for h, Initial residual = 6.5174351e-05, Final residual = 2.1150556e-07, No Iterations 1
Min/max T:139.8 512.39232
GAMG:  Solving for p_rgh, Initial residual = 3.8858198e-05, Final residual = 4.5228199e-07, No Iterations 100
time step continuity errors : sum local = 0.0039289366, global = -2.7532294e-05, cumulative = -2.7532294e-05
GAMG:  Solving for p_rgh, Initial residual = 1.1648866e-05, Final residual = 1.1602194e-07, No Iterations 70
time step continuity errors : sum local = 0.0010080416, global = -1.0215456e-05, cumulative = -3.7747751e-05
PIMPLE: Iteration 2

Solving for solid region solid
DICPCG:  Solving for e, Initial residual = 0.0001754719, Final residual = 2.4039362e-06, No Iterations 2
Min/max T:366.4576 546.16694

Solving for fluid region fluid
DILUPBiCGStab:  Solving for Ux, Initial residual = 8.9898333e-05, Final residual = 3.027447e-07, No Iterations 1
DILUPBiCGStab:  Solving for Uy, Initial residual = 0.00010781612, Final residual = 1.1286939e-06, No Iterations 1
DILUPBiCGStab:  Solving for Uz, Initial residual = 0.00010250643, Final residual = 4.013148e-07, No Iterations 1
DILUPBiCGStab:  Solving for h, Initial residual = 6.5252944e-05, Final residual = 2.1209407e-07, No Iterations 1
Min/max T:139.8 512.41215
GAMG:  Solving for p_rgh, Initial residual = 3.8452058e-05, Final residual = 4.3754482e-07, No Iterations 100
time step continuity errors : sum local = 0.0038012537, global = -2.4055582e-05, cumulative = -2.4055582e-05
GAMG:  Solving for p_rgh, Initial residual = 1.1572275e-05, Final residual = 1.0936917e-07, No Iterations 68
time step continuity errors : sum local = 0.00095030964, global = -9.1785508e-06, cumulative = -3.3234133e-05
DILUPBiCGStab:  Solving for omega, Initial residual = 7.468945e-06, Final residual = 3.0944724e-08, No Iterations 1
DILUPBiCGStab:  Solving for k, Initial residual = 9.5281051e-05, Final residual = 2.4359435e-07, No Iterations 1
ExecutionTime = 76.776901 s  ClockTime = 107 s

Region: fluid Courant Number mean: 6481.3661 max: 10290.149
Region: solid Diffusion Number mean: 5397.6312 max: 53365.575
Time = 5183s

PIMPLE: Iteration 1

Solving for solid region solid
DICPCG:  Solving for e, Initial residual = 0.00017545787, Final residual = 2.4040749e-06, No Iterations 2
Min/max T:366.47396 546.18691

Solving for fluid region fluid
DILUPBiCGStab:  Solving for Ux, Initial residual = 8.9735191e-05, Final residual = 3.022152e-07, No Iterations 1
DILUPBiCGStab:  Solving for Uy, Initial residual = 0.00010588794, Final residual = 1.1039717e-06, No Iterations 1
DILUPBiCGStab:  Solving for Uz, Initial residual = 0.00010230102, Final residual = 3.9925944e-07, No Iterations 1
DILUPBiCGStab:  Solving for h, Initial residual = 6.5162834e-05, Final residual = 2.1146879e-07, No Iterations 1
Min/max T:139.8 512.43198
GAMG:  Solving for p_rgh, Initial residual = 3.9033821e-05, Final residual = 4.5514916e-07, No Iterations 100
time step continuity errors : sum local = 0.003954342, global = -2.8083132e-05, cumulative = -2.8083132e-05
GAMG:  Solving for p_rgh, Initial residual = 1.1675033e-05, Final residual = 1.090952e-07, No Iterations 72
time step continuity errors : sum local = 0.0009479791, global = -9.5804835e-06, cumulative = -3.7663615e-05
PIMPLE: Iteration 2

Solving for solid region solid
DICPCG:  Solving for e, Initial residual = 0.00017543436, Final residual = 2.4034179e-06, No Iterations 2
Min/max T:366.49031 546.20688

Solving for fluid region fluid
DILUPBiCGStab:  Solving for Ux, Initial residual = 8.9884089e-05, Final residual = 3.0268533e-07, No Iterations 1
DILUPBiCGStab:  Solving for Uy, Initial residual = 0.00010693291, Final residual = 1.1255943e-06, No Iterations 1
DILUPBiCGStab:  Solving for Uz, Initial residual = 0.00010230961, Final residual = 4.0109129e-07, No Iterations 1
DILUPBiCGStab:  Solving for h, Initial residual = 6.5241372e-05, Final residual = 2.1205796e-07, No Iterations 1
Min/max T:139.8 512.4518
GAMG:  Solving for p_rgh, Initial residual = 3.8392577e-05, Final residual = 4.4138468e-07, No Iterations 100
time step continuity errors : sum local = 0.0038350979, global = -2.3810148e-05, cumulative = -2.3810148e-05
GAMG:  Solving for p_rgh, Initial residual = 1.1553849e-05, Final residual = 1.0965271e-07, No Iterations 68
time step continuity errors : sum local = 0.00095289341, global = -9.1535069e-06, cumulative = -3.2963655e-05
DILUPBiCGStab:  Solving for omega, Initial residual = 7.468632e-06, Final residual = 3.0943072e-08, No Iterations 1
DILUPBiCGStab:  Solving for k, Initial residual = 9.5277652e-05, Final residual = 2.4359045e-07, No Iterations 1
ExecutionTime = 77.096311 s  ClockTime = 108 s

Region: fluid Courant Number mean: 6481.7243 max: 10292.137
Region: solid Diffusion Number mean: 5397.6312 max: 53365.575
Time = 5184s

PIMPLE: Iteration 1

Solving for solid region solid
DICPCG:  Solving for e, Initial residual = 0.00017542033, Final residual = 2.4035562e-06, No Iterations 2
Min/max T:366.50666 546.22684

Solving for fluid region fluid
DILUPBiCGStab:  Solving for Ux, Initial residual = 8.9720458e-05, Final residual = 3.021577e-07, No Iterations 1
DILUPBiCGStab:  Solving for Uy, Initial residual = 0.00010631703, Final residual = 1.1095409e-06, No Iterations 1
DILUPBiCGStab:  Solving for Uz, Initial residual = 0.00010225359, Final residual = 3.9912079e-07, No Iterations 1
DILUPBiCGStab:  Solving for h, Initial residual = 6.5151535e-05, Final residual = 2.114379e-07, No Iterations 1
Min/max T:139.8 512.47164
GAMG:  Solving for p_rgh, Initial residual = 3.8633973e-05, Final residual = 4.6005593e-07, No Iterations 100
time step continuity errors : sum local = 0.0039974741, global = -2.7138115e-05, cumulative = -2.7138115e-05
GAMG:  Solving for p_rgh, Initial residual = 1.1559888e-05, Final residual = 1.0887323e-07, No Iterations 72
time step continuity errors : sum local = 0.0009461688, global = -9.3941988e-06, cumulative = -3.6532313e-05
PIMPLE: Iteration 2

Solving for solid region solid
DICPCG:  Solving for e, Initial residual = 0.00017539682, Final residual = 2.4028995e-06, No Iterations 2
Min/max T:366.52301 546.24681

Solving for fluid region fluid
DILUPBiCGStab:  Solving for Ux, Initial residual = 8.9868971e-05, Final residual = 3.0263656e-07, No Iterations 1
DILUPBiCGStab:  Solving for Uy, Initial residual = 0.00010733546, Final residual = 1.1306489e-06, No Iterations 1
DILUPBiCGStab:  Solving for Uz, Initial residual = 0.00010219106, Final residual = 3.9927978e-07, No Iterations 1
DILUPBiCGStab:  Solving for h, Initial residual = 6.5230049e-05, Final residual = 2.1202761e-07, No Iterations 1
Min/max T:139.8 512.49146
GAMG:  Solving for p_rgh, Initial residual = 3.8370711e-05, Final residual = 4.4100801e-07, No Iterations 100
time step continuity errors : sum local = 0.0038323005, global = -2.4032184e-05, cumulative = -2.4032184e-05
GAMG:  Solving for p_rgh, Initial residual = 1.1533247e-05, Final residual = 1.1162075e-07, No Iterations 68
time step continuity errors : sum local = 0.00097011542, global = -9.0968251e-06, cumulative = -3.3129009e-05
DILUPBiCGStab:  Solving for omega, Initial residual = 7.4681842e-06, Final residual = 3.0941564e-08, No Iterations 1
DILUPBiCGStab:  Solving for k, Initial residual = 9.5273868e-05, Final residual = 2.4358615e-07, No Iterations 1
ExecutionTime = 77.451534 s  ClockTime = 108 s

Region: fluid Courant Number mean: 6482.0824 max: 10294.17
Region: solid Diffusion Number mean: 5397.6312 max: 53365.575
Time = 5185s

PIMPLE: Iteration 1

Solving for solid region solid
DICPCG:  Solving for e, Initial residual = 0.00017538279, Final residual = 2.4030376e-06, No Iterations 2
Min/max T:366.53935 546.26677

Solving for fluid region fluid
DILUPBiCGStab:  Solving for Ux, Initial residual = 8.970524e-05, Final residual = 3.0211733e-07, No Iterations 1
DILUPBiCGStab:  Solving for Uy, Initial residual = 0.00010608993, Final residual = 1.1091708e-06, No Iterations 1
DILUPBiCGStab:  Solving for Uz, Initial residual = 0.00010221495, Final residual = 4.0217859e-07, No Iterations 1
DILUPBiCGStab:  Solving for h, Initial residual = 6.5140272e-05, Final residual = 2.1140493e-07, No Iterations 1
Min/max T:139.8 512.51129
GAMG:  Solving for p_rgh, Initial residual = 3.8354169e-05, Final residual = 4.5342689e-07, No Iterations 100
time step continuity errors : sum local = 0.0039403589, global = -2.788645e-05, cumulative = -2.788645e-05
GAMG:  Solving for p_rgh, Initial residual = 1.1490466e-05, Final residual = 1.0871159e-07, No Iterations 72
time step continuity errors : sum local = 0.00094488111, global = -9.5463595e-06, cumulative = -3.743281e-05
PIMPLE: Iteration 2

Solving for solid region solid
DICPCG:  Solving for e, Initial residual = 0.00017535929, Final residual = 2.4023812e-06, No Iterations 2
Min/max T:366.55569 546.28673

Solving for fluid region fluid
DILUPBiCGStab:  Solving for Ux, Initial residual = 8.9860266e-05, Final residual = 3.0261098e-07, No Iterations 1
DILUPBiCGStab:  Solving for Uy, Initial residual = 0.00010712821, Final residual = 1.1301316e-06, No Iterations 1
DILUPBiCGStab:  Solving for Uz, Initial residual = 0.00010229802, Final residual = 4.0329679e-07, No Iterations 1
DILUPBiCGStab:  Solving for h, Initial residual = 6.521873e-05, Final residual = 2.1198805e-07, No Iterations 1
Min/max T:139.8 512.5311
GAMG:  Solving for p_rgh, Initial residual = 3.8032363e-05, Final residual = 4.3775536e-07, No Iterations 100
time step continuity errors : sum local = 0.003804505, global = -2.3305922e-05, cumulative = -2.3305922e-05
GAMG:  Solving for p_rgh, Initial residual = 1.1438514e-05, Final residual = 1.0927866e-07, No Iterations 68
time step continuity errors : sum local = 0.00094987708, global = -9.0268723e-06, cumulative = -3.2332795e-05
DILUPBiCGStab:  Solving for omega, Initial residual = 7.4678282e-06, Final residual = 3.094029e-08, No Iterations 1
DILUPBiCGStab:  Solving for k, Initial residual = 9.5270616e-05, Final residual = 2.4358133e-07, No Iterations 1
ExecutionTime = 77.903413 s  ClockTime = 108 s

Region: fluid Courant Number mean: 6482.4407 max: 10296.208
Region: solid Diffusion Number mean: 5397.6312 max: 53365.575
Time = 5186s

PIMPLE: Iteration 1

Solving for solid region solid
DICPCG:  Solving for e, Initial residual = 0.00017534526, Final residual = 2.402519e-06, No Iterations 2
Min/max T:366.57203 546.30669

Solving for fluid region fluid
DILUPBiCGStab:  Solving for Ux, Initial residual = 8.9688884e-05, Final residual = 3.0206263e-07, No Iterations 1
DILUPBiCGStab:  Solving for Uy, Initial residual = 0.00010586001, Final residual = 1.0985456e-06, No Iterations 1
DILUPBiCGStab:  Solving for Uz, Initial residual = 0.00010236558, Final residual = 4.0782887e-07, No Iterations 1
DILUPBiCGStab:  Solving for h, Initial residual = 6.5129062e-05, Final residual = 2.1136364e-07, No Iterations 1
Min/max T:139.8 512.55093
GAMG:  Solving for p_rgh, Initial residual = 3.8217665e-05, Final residual = 4.5384762e-07, No Iterations 100
time step continuity errors : sum local = 0.0039444993, global = -2.7588633e-05, cumulative = -2.7588633e-05
GAMG:  Solving for p_rgh, Initial residual = 1.146512e-05, Final residual = 1.0734497e-07, No Iterations 72
time step continuity errors : sum local = 0.00093311665, global = -9.375097e-06, cumulative = -3.696373e-05
PIMPLE: Iteration 2

Solving for solid region solid
DICPCG:  Solving for e, Initial residual = 0.00017532176, Final residual = 2.4018629e-06, No Iterations 2
Min/max T:366.58837 546.32665

Solving for fluid region fluid
DILUPBiCGStab:  Solving for Ux, Initial residual = 8.9837728e-05, Final residual = 3.025396e-07, No Iterations 1
DILUPBiCGStab:  Solving for Uy, Initial residual = 0.00010646218, Final residual = 1.1171922e-06, No Iterations 1
DILUPBiCGStab:  Solving for Uz, Initial residual = 0.00010242465, Final residual = 4.1270384e-07, No Iterations 1
DILUPBiCGStab:  Solving for h, Initial residual = 6.5207506e-05, Final residual = 2.1195041e-07, No Iterations 1
Min/max T:139.8 512.57074
GAMG:  Solving for p_rgh, Initial residual = 3.8059389e-05, Final residual = 4.4242203e-07, No Iterations 100
time step continuity errors : sum local = 0.0038455339, global = -2.4222466e-05, cumulative = -2.4222466e-05
GAMG:  Solving for p_rgh, Initial residual = 1.1452009e-05, Final residual = 1.1126229e-07, No Iterations 68
time step continuity errors : sum local = 0.00096723916, global = -9.2662655e-06, cumulative = -3.3488732e-05
DILUPBiCGStab:  Solving for omega, Initial residual = 7.4674977e-06, Final residual = 3.0939348e-08, No Iterations 1
DILUPBiCGStab:  Solving for k, Initial residual = 9.5267657e-05, Final residual = 2.4357604e-07, No Iterations 1
ExecutionTime = 78.366503 s  ClockTime = 109 s

Region: fluid Courant Number mean: 6482.799 max: 10298.249
Region: solid Diffusion Number mean: 5397.6312 max: 53365.575
Time = 5187s

PIMPLE: Iteration 1

Solving for solid region solid
DICPCG:  Solving for e, Initial residual = 0.00017530773, Final residual = 2.4020007e-06, No Iterations 2
Min/max T:366.6047 546.34661

Solving for fluid region fluid
DILUPBiCGStab:  Solving for Ux, Initial residual = 8.9682539e-05, Final residual = 3.0204192e-07, No Iterations 1
DILUPBiCGStab:  Solving for Uy, Initial residual = 0.00010556876, Final residual = 1.0943801e-06, No Iterations 1
DILUPBiCGStab:  Solving for Uz, Initial residual = 0.00010241177, Final residual = 4.1320047e-07, No Iterations 1
DILUPBiCGStab:  Solving for h, Initial residual = 6.5117927e-05, Final residual = 2.1133271e-07, No Iterations 1
Min/max T:139.8 512.59056
GAMG:  Solving for p_rgh, Initial residual = 3.8076384e-05, Final residual = 4.5382814e-07, No Iterations 100
time step continuity errors : sum local = 0.0039448189, global = -2.7623098e-05, cumulative = -2.7623098e-05
GAMG:  Solving for p_rgh, Initial residual = 1.1412212e-05, Final residual = 1.0700975e-07, No Iterations 72
time step continuity errors : sum local = 0.00093031774, global = -9.2320534e-06, cumulative = -3.6855151e-05
PIMPLE: Iteration 2

Solving for solid region solid
DICPCG:  Solving for e, Initial residual = 0.00017528424, Final residual = 2.4013448e-06, No Iterations 2
Min/max T:366.62104 546.36656

Solving for fluid region fluid
DILUPBiCGStab:  Solving for Ux, Initial residual = 8.982752e-05, Final residual = 3.0250212e-07, No Iterations 1
DILUPBiCGStab:  Solving for Uy, Initial residual = 0.00010602781, Final residual = 1.1131912e-06, No Iterations 1
DILUPBiCGStab:  Solving for Uz, Initial residual = 0.0001023897, Final residual = 4.1060299e-07, No Iterations 1
DILUPBiCGStab:  Solving for h, Initial residual = 6.5196388e-05, Final residual = 2.1192064e-07, No Iterations 1
Min/max T:139.8 512.61036
GAMG:  Solving for p_rgh, Initial residual = 3.7820468e-05, Final residual = 4.4094867e-07, No Iterations 100
time step continuity errors : sum local = 0.0038331999, global = -2.4290031e-05, cumulative = -2.4290031e-05
GAMG:  Solving for p_rgh, Initial residual = 1.13814e-05, Final residual = 1.1093038e-07, No Iterations 68
time step continuity errors : sum local = 0.00096447188, global = -9.2399324e-06, cumulative = -3.3529963e-05
DILUPBiCGStab:  Solving for omega, Initial residual = 7.4672511e-06, Final residual = 3.0939281e-08, No Iterations 1
DILUPBiCGStab:  Solving for k, Initial residual = 9.5265135e-05, Final residual = 2.435718e-07, No Iterations 1
ExecutionTime = 78.838512 s  ClockTime = 109 s

Region: fluid Courant Number mean: 6483.1574 max: 10300.29
Region: solid Diffusion Number mean: 5397.6312 max: 53365.575
Time = 5188s

PIMPLE: Iteration 1

Solving for solid region solid
DICPCG:  Solving for e, Initial residual = 0.00017527021, Final residual = 2.4014823e-06, No Iterations 2
Min/max T:366.63737 546.38651

Solving for fluid region fluid
DILUPBiCGStab:  Solving for Ux, Initial residual = 8.9669882e-05, Final residual = 3.0199611e-07, No Iterations 1
DILUPBiCGStab:  Solving for Uy, Initial residual = 0.00010512385, Final residual = 1.0895538e-06, No Iterations 1
DILUPBiCGStab:  Solving for Uz, Initial residual = 0.00010237372, Final residual = 4.1137226e-07, No Iterations 1
DILUPBiCGStab:  Solving for h, Initial residual = 6.5106988e-05, Final residual = 2.1130397e-07, No Iterations 1
Min/max T:139.8 512.63018
GAMG:  Solving for p_rgh, Initial residual = 3.769936e-05, Final residual = 4.5016905e-07, No Iterations 100
time step continuity errors : sum local = 0.0039134952, global = -2.7436553e-05, cumulative = -2.7436553e-05
GAMG:  Solving for p_rgh, Initial residual = 1.128838e-05, Final residual = 1.0714411e-07, No Iterations 72
time step continuity errors : sum local = 0.00093160109, global = -9.3086153e-06, cumulative = -3.6745168e-05
PIMPLE: Iteration 2

Solving for solid region solid
DICPCG:  Solving for e, Initial residual = 0.00017524672, Final residual = 2.4008267e-06, No Iterations 2
Min/max T:366.65369 546.40646

Solving for fluid region fluid
DILUPBiCGStab:  Solving for Ux, Initial residual = 8.981556e-05, Final residual = 3.0245614e-07, No Iterations 1
DILUPBiCGStab:  Solving for Uy, Initial residual = 0.00010583228, Final residual = 1.1118429e-06, No Iterations 1
DILUPBiCGStab:  Solving for Uz, Initial residual = 0.00010236223, Final residual = 4.0864639e-07, No Iterations 1
DILUPBiCGStab:  Solving for h, Initial residual = 6.518548e-05, Final residual = 2.1189494e-07, No Iterations 1
Min/max T:139.8 512.64999
GAMG:  Solving for p_rgh, Initial residual = 3.7625147e-05, Final residual = 4.4001483e-07, No Iterations 100
time step continuity errors : sum local = 0.003825555, global = -2.4042712e-05, cumulative = -2.4042712e-05
GAMG:  Solving for p_rgh, Initial residual = 1.1308696e-05, Final residual = 1.1111514e-07, No Iterations 68
time step continuity errors : sum local = 0.0009661994, global = -9.3807476e-06, cumulative = -3.3423459e-05
DILUPBiCGStab:  Solving for omega, Initial residual = 7.4670506e-06, Final residual = 3.09397e-08, No Iterations 1
DILUPBiCGStab:  Solving for k, Initial residual = 9.5262861e-05, Final residual = 2.4356802e-07, No Iterations 1
ExecutionTime = 79.318568 s  ClockTime = 110 s

Region: fluid Courant Number mean: 6483.5158 max: 10302.331
Region: solid Diffusion Number mean: 5397.6312 max: 53365.575
Time = 5189s

PIMPLE: Iteration 1

Solving for solid region solid
DICPCG:  Solving for e, Initial residual = 0.00017523269, Final residual = 2.400964e-06, No Iterations 2
Min/max T:366.67002 546.42641

Solving for fluid region fluid
DILUPBiCGStab:  Solving for Ux, Initial residual = 8.9657033e-05, Final residual = 3.0194101e-07, No Iterations 1
DILUPBiCGStab:  Solving for Uy, Initial residual = 0.00010525592, Final residual = 1.0920733e-06, No Iterations 1
DILUPBiCGStab:  Solving for Uz, Initial residual = 0.00010233551, Final residual = 4.0694031e-07, No Iterations 1
DILUPBiCGStab:  Solving for h, Initial residual = 6.5096234e-05, Final residual = 2.1127902e-07, No Iterations 1
Min/max T:139.8 512.6698
GAMG:  Solving for p_rgh, Initial residual = 3.7704314e-05, Final residual = 4.4969429e-07, No Iterations 100
time step continuity errors : sum local = 0.0039098492, global = -2.731988e-05, cumulative = -2.731988e-05
GAMG:  Solving for p_rgh, Initial residual = 1.1260253e-05, Final residual = 1.061378e-07, No Iterations 72
time step continuity errors : sum local = 0.00092296432, global = -9.2190212e-06, cumulative = -3.6538901e-05
PIMPLE: Iteration 2

Solving for solid region solid
DICPCG:  Solving for e, Initial residual = 0.00017520921, Final residual = 2.4003087e-06, No Iterations 2
Min/max T:366.68634 546.44636

Solving for fluid region fluid
DILUPBiCGStab:  Solving for Ux, Initial residual = 8.9801132e-05, Final residual = 3.0239351e-07, No Iterations 1
DILUPBiCGStab:  Solving for Uy, Initial residual = 0.00010598047, Final residual = 1.1146427e-06, No Iterations 1
DILUPBiCGStab:  Solving for Uz, Initial residual = 0.00010231037, Final residual = 4.0314422e-07, No Iterations 1
DILUPBiCGStab:  Solving for h, Initial residual = 6.5174759e-05, Final residual = 2.1186516e-07, No Iterations 1
Min/max T:139.8 512.6896
GAMG:  Solving for p_rgh, Initial residual = 3.7454793e-05, Final residual = 4.3854869e-07, No Iterations 100
time step continuity errors : sum local = 0.0038132739, global = -2.4031746e-05, cumulative = -2.4031746e-05
GAMG:  Solving for p_rgh, Initial residual = 1.1224402e-05, Final residual = 1.1014545e-07, No Iterations 68
time step continuity errors : sum local = 0.00095788221, global = -9.1243719e-06, cumulative = -3.3156118e-05
DILUPBiCGStab:  Solving for omega, Initial residual = 7.4668974e-06, Final residual = 3.0940126e-08, No Iterations 1
DILUPBiCGStab:  Solving for k, Initial residual = 9.5260235e-05, Final residual = 2.4356437e-07, No Iterations 1
ExecutionTime = 79.72142 s  ClockTime = 110 s

Region: fluid Courant Number mean: 6483.8743 max: 10304.372
Region: solid Diffusion Number mean: 5397.6312 max: 53365.575
Time = 5190s

PIMPLE: Iteration 1

Solving for solid region solid
DICPCG:  Solving for e, Initial residual = 0.00017519517, Final residual = 2.4004458e-06, No Iterations 2
Min/max T:366.70266 546.4663

Solving for fluid region fluid
DILUPBiCGStab:  Solving for Ux, Initial residual = 8.9639855e-05, Final residual = 3.0187505e-07, No Iterations 1
DILUPBiCGStab:  Solving for Uy, Initial residual = 0.00010525521, Final residual = 1.0938932e-06, No Iterations 1
DILUPBiCGStab:  Solving for Uz, Initial residual = 0.00010228132, Final residual = 4.0356816e-07, No Iterations 1
DILUPBiCGStab:  Solving for h, Initial residual = 6.5085652e-05, Final residual = 2.112441e-07, No Iterations 1
Min/max T:139.8 512.70941
GAMG:  Solving for p_rgh, Initial residual = 3.7278635e-05, Final residual = 4.5269375e-07, No Iterations 100
time step continuity errors : sum local = 0.0039364069, global = -2.8050665e-05, cumulative = -2.8050665e-05
GAMG:  Solving for p_rgh, Initial residual = 1.1118519e-05, Final residual = 1.079404e-07, No Iterations 72
time step continuity errors : sum local = 0.00093875449, global = -9.4114116e-06, cumulative = -3.7462077e-05
PIMPLE: Iteration 2

Solving for solid region solid
DICPCG:  Solving for e, Initial residual = 0.0001751717, Final residual = 2.3997908e-06, No Iterations 2
Min/max T:366.71897 546.48625

Solving for fluid region fluid
DILUPBiCGStab:  Solving for Ux, Initial residual = 8.9788955e-05, Final residual = 3.0234671e-07, No Iterations 1
DILUPBiCGStab:  Solving for Uy, Initial residual = 0.00010593624, Final residual = 1.1154307e-06, No Iterations 1
DILUPBiCGStab:  Solving for Uz, Initial residual = 0.00010225383, Final residual = 4.028791e-07, No Iterations 1
DILUPBiCGStab:  Solving for h, Initial residual = 6.5164194e-05, Final residual = 2.1182588e-07, No Iterations 1
Min/max T:139.8 512.72921
GAMG:  Solving for p_rgh, Initial residual = 3.7289845e-05, Final residual = 4.391326e-07, No Iterations 100
time step continuity errors : sum local = 0.0038188173, global = -2.3646501e-05, cumulative = -2.3646501e-05
GAMG:  Solving for p_rgh, Initial residual = 1.1157295e-05, Final residual = 1.0964686e-07, No Iterations 68
time step continuity errors : sum local = 0.0009536628, global = -9.098833e-06, cumulative = -3.2745334e-05
DILUPBiCGStab:  Solving for omega, Initial residual = 7.4667137e-06, Final residual = 3.0940064e-08, No Iterations 1
DILUPBiCGStab:  Solving for k, Initial residual = 9.5257356e-05, Final residual = 2.4355991e-07, No Iterations 1
ExecutionTime = 80.099756 s  ClockTime = 111 s

Region: fluid Courant Number mean: 6484.2328 max: 10306.412
Region: solid Diffusion Number mean: 5397.6312 max: 53365.575
Time = 5191s

PIMPLE: Iteration 1

Solving for solid region solid
DICPCG:  Solving for e, Initial residual = 0.00017515766, Final residual = 2.3999277e-06, No Iterations 2
Min/max T:366.73529 546.50619

Solving for fluid region fluid
DILUPBiCGStab:  Solving for Ux, Initial residual = 8.9623112e-05, Final residual = 3.0181202e-07, No Iterations 1
DILUPBiCGStab:  Solving for Uy, Initial residual = 0.00010527067, Final residual = 1.097476e-06, No Iterations 1
DILUPBiCGStab:  Solving for Uz, Initial residual = 0.00010221823, Final residual = 4.0106139e-07, No Iterations 1
DILUPBiCGStab:  Solving for h, Initial residual = 6.5075244e-05, Final residual = 2.1120715e-07, No Iterations 1
Min/max T:139.8 512.74901
GAMG:  Solving for p_rgh, Initial residual = 3.7583888e-05, Final residual = 4.5826333e-07, No Iterations 100
time step continuity errors : sum local = 0.0039853218, global = -2.7965336e-05, cumulative = -2.7965336e-05
GAMG:  Solving for p_rgh, Initial residual = 1.1219175e-05, Final residual = 1.0977334e-07, No Iterations 72
time step continuity errors : sum local = 0.00095481054, global = -9.5314029e-06, cumulative = -3.7496738e-05
PIMPLE: Iteration 2

Solving for solid region solid
DICPCG:  Solving for e, Initial residual = 0.00017513419, Final residual = 2.3992729e-06, No Iterations 2
Min/max T:366.7516 546.52612

Solving for fluid region fluid
DILUPBiCGStab:  Solving for Ux, Initial residual = 8.9776434e-05, Final residual = 3.0230054e-07, No Iterations 1
DILUPBiCGStab:  Solving for Uy, Initial residual = 0.0001062814, Final residual = 1.1210624e-06, No Iterations 1
DILUPBiCGStab:  Solving for Uz, Initial residual = 0.00010214479, Final residual = 4.0274902e-07, No Iterations 1
DILUPBiCGStab:  Solving for h, Initial residual = 6.5153781e-05, Final residual = 2.1178879e-07, No Iterations 1
Min/max T:139.8 512.76881
GAMG:  Solving for p_rgh, Initial residual = 3.7504548e-05, Final residual = 4.4169582e-07, No Iterations 100
time step continuity errors : sum local = 0.003841577, global = -2.4123815e-05, cumulative = -2.4123815e-05
GAMG:  Solving for p_rgh, Initial residual = 1.1211463e-05, Final residual = 1.1140318e-07, No Iterations 68
time step continuity errors : sum local = 0.00096905812, global = -9.20966e-06, cumulative = -3.3333475e-05
DILUPBiCGStab:  Solving for omega, Initial residual = 7.4665979e-06, Final residual = 3.0941204e-08, No Iterations 1
DILUPBiCGStab:  Solving for k, Initial residual = 9.525453e-05, Final residual = 2.4355818e-07, No Iterations 1
ExecutionTime = 80.49194 s  ClockTime = 111 s

Region: fluid Courant Number mean: 6484.5912 max: 10308.446
Region: solid Diffusion Number mean: 5397.6312 max: 53365.575
Time = 5192s

PIMPLE: Iteration 1

Solving for solid region solid
DICPCG:  Solving for e, Initial residual = 0.00017512016, Final residual = 2.3994096e-06, No Iterations 2
Min/max T:366.76791 546.54606

Solving for fluid region fluid
DILUPBiCGStab:  Solving for Ux, Initial residual = 8.9609515e-05, Final residual = 3.0175982e-07, No Iterations 1
DILUPBiCGStab:  Solving for Uy, Initial residual = 0.00010539592, Final residual = 1.1018166e-06, No Iterations 1
DILUPBiCGStab:  Solving for Uz, Initial residual = 0.00010173865, Final residual = 4.0680801e-07, No Iterations 1
DILUPBiCGStab:  Solving for h, Initial residual = 6.5064721e-05, Final residual = 2.1116981e-07, No Iterations 1
Min/max T:139.8 512.78861
GAMG:  Solving for p_rgh, Initial residual = 3.7713509e-05, Final residual = 4.5244549e-07, No Iterations 100
time step continuity errors : sum local = 0.0039352081, global = -2.8318171e-05, cumulative = -2.8318171e-05
GAMG:  Solving for p_rgh, Initial residual = 1.1237752e-05, Final residual = 1.0789132e-07, No Iterations 72
time step continuity errors : sum local = 0.00093855729, global = -9.6105035e-06, cumulative = -3.7928675e-05
PIMPLE: Iteration 2

Solving for solid region solid
DICPCG:  Solving for e, Initial residual = 0.00017509669, Final residual = 2.3987552e-06, No Iterations 2
Min/max T:366.78421 546.566

Solving for fluid region fluid
DILUPBiCGStab:  Solving for Ux, Initial residual = 8.9763467e-05, Final residual = 3.0224144e-07, No Iterations 1
DILUPBiCGStab:  Solving for Uy, Initial residual = 0.00010666037, Final residual = 1.1242202e-06, No Iterations 1
DILUPBiCGStab:  Solving for Uz, Initial residual = 0.00010139806, Final residual = 4.0520106e-07, No Iterations 1
DILUPBiCGStab:  Solving for h, Initial residual = 6.5143012e-05, Final residual = 2.1175033e-07, No Iterations 1
Min/max T:139.8 512.8084
GAMG:  Solving for p_rgh, Initial residual = 3.734302e-05, Final residual = 4.3880122e-07, No Iterations 100
time step continuity errors : sum local = 0.0038168706, global = -2.4057237e-05, cumulative = -2.4057237e-05
GAMG:  Solving for p_rgh, Initial residual = 1.1178181e-05, Final residual = 1.1058501e-07, No Iterations 68
time step continuity errors : sum local = 0.00096205951, global = -9.1439463e-06, cumulative = -3.3201183e-05
DILUPBiCGStab:  Solving for omega, Initial residual = 7.4667478e-06, Final residual = 3.0940721e-08, No Iterations 1
DILUPBiCGStab:  Solving for k, Initial residual = 9.5253042e-05, Final residual = 2.4356013e-07, No Iterations 1
ExecutionTime = 80.8337 s  ClockTime = 112 s

Region: fluid Courant Number mean: 6484.9495 max: 10310.449
Region: solid Diffusion Number mean: 5397.6312 max: 53365.575
Time = 5193s

PIMPLE: Iteration 1

Solving for solid region solid
DICPCG:  Solving for e, Initial residual = 0.00017508266, Final residual = 2.3988916e-06, No Iterations 2
Min/max T:366.80052 546.58593

Solving for fluid region fluid
DILUPBiCGStab:  Solving for Ux, Initial residual = 8.9603857e-05, Final residual = 3.0172626e-07, No Iterations 1
DILUPBiCGStab:  Solving for Uy, Initial residual = 0.0001057118, Final residual = 1.1025826e-06, No Iterations 1
DILUPBiCGStab:  Solving for Uz, Initial residual = 0.00010137482, Final residual = 4.0489247e-07, No Iterations 1
DILUPBiCGStab:  Solving for h, Initial residual = 6.5054179e-05, Final residual = 2.1113378e-07, No Iterations 1
Min/max T:139.8 512.8282
GAMG:  Solving for p_rgh, Initial residual = 3.7405238e-05, Final residual = 4.5214243e-07, No Iterations 100
time step continuity errors : sum local = 0.0039330597, global = -2.7922599e-05, cumulative = -2.7922599e-05
GAMG:  Solving for p_rgh, Initial residual = 1.115593e-05, Final residual = 1.0753255e-07, No Iterations 72
time step continuity errors : sum local = 0.00093555171, global = -9.3492234e-06, cumulative = -3.7271822e-05
PIMPLE: Iteration 2

Solving for solid region solid
DICPCG:  Solving for e, Initial residual = 0.0001750592, Final residual = 2.3982374e-06, No Iterations 2
Min/max T:366.81682 546.60586

Solving for fluid region fluid
DILUPBiCGStab:  Solving for Ux, Initial residual = 8.9754945e-05, Final residual = 3.0220627e-07, No Iterations 1
DILUPBiCGStab:  Solving for Uy, Initial residual = 0.00010624836, Final residual = 1.1236134e-06, No Iterations 1
DILUPBiCGStab:  Solving for Uz, Initial residual = 0.00010136994, Final residual = 4.0489516e-07, No Iterations 1
DILUPBiCGStab:  Solving for h, Initial residual = 6.5132648e-05, Final residual = 2.1171718e-07, No Iterations 1
Min/max T:139.8 512.84798
GAMG:  Solving for p_rgh, Initial residual = 3.7320053e-05, Final residual = 4.395443e-07, No Iterations 100
time step continuity errors : sum local = 0.0038238066, global = -2.3741647e-05, cumulative = -2.3741647e-05
GAMG:  Solving for p_rgh, Initial residual = 1.1163248e-05, Final residual = 1.1015046e-07, No Iterations 68
time step continuity errors : sum local = 0.00095839716, global = -9.0314381e-06, cumulative = -3.2773085e-05
DILUPBiCGStab:  Solving for omega, Initial residual = 7.4667274e-06, Final residual = 3.0940506e-08, No Iterations 1
DILUPBiCGStab:  Solving for k, Initial residual = 9.5251841e-05, Final residual = 2.4356153e-07, No Iterations 1
ExecutionTime = 81.174225 s  ClockTime = 112 s

Region: fluid Courant Number mean: 6485.3079 max: 10312.458
Region: solid Diffusion Number mean: 5397.6312 max: 53365.575
Time = 5194s

PIMPLE: Iteration 1

Solving for solid region solid
DICPCG:  Solving for e, Initial residual = 0.00017504516, Final residual = 2.3983735e-06, No Iterations 2
Min/max T:366.83311 546.62579

Solving for fluid region fluid
DILUPBiCGStab:  Solving for Ux, Initial residual = 8.9595343e-05, Final residual = 3.0169258e-07, No Iterations 1
DILUPBiCGStab:  Solving for Uy, Initial residual = 0.00010573161, Final residual = 1.1055582e-06, No Iterations 1
DILUPBiCGStab:  Solving for Uz, Initial residual = 0.00010134224, Final residual = 4.0619738e-07, No Iterations 1
DILUPBiCGStab:  Solving for h, Initial residual = 6.5044042e-05, Final residual = 2.1110418e-07, No Iterations 1
Min/max T:139.8 512.86778
GAMG:  Solving for p_rgh, Initial residual = 3.7540621e-05, Final residual = 4.4724257e-07, No Iterations 100
time step continuity errors : sum local = 0.0038909209, global = -2.7399272e-05, cumulative = -2.7399272e-05
GAMG:  Solving for p_rgh, Initial residual = 1.118008e-05, Final residual = 1.0481416e-07, No Iterations 72
time step continuity errors : sum local = 0.00091201279, global = -9.2060904e-06, cumulative = -3.6605363e-05
PIMPLE: Iteration 2

Solving for solid region solid
DICPCG:  Solving for e, Initial residual = 0.0001750217, Final residual = 2.3977196e-06, No Iterations 2
Min/max T:366.84941 546.64572

Solving for fluid region fluid
DILUPBiCGStab:  Solving for Ux, Initial residual = 8.973916e-05, Final residual = 3.0214765e-07, No Iterations 1
DILUPBiCGStab:  Solving for Uy, Initial residual = 0.00010602518, Final residual = 1.1180773e-06, No Iterations 1
DILUPBiCGStab:  Solving for Uz, Initial residual = 0.00010131944, Final residual = 4.0338175e-07, No Iterations 1
DILUPBiCGStab:  Solving for h, Initial residual = 6.5122557e-05, Final residual = 2.116873e-07, No Iterations 1
Min/max T:139.8 512.88756
GAMG:  Solving for p_rgh, Initial residual = 3.7445776e-05, Final residual = 4.342736e-07, No Iterations 100
time step continuity errors : sum local = 0.0037784216, global = -2.3719037e-05, cumulative = -2.3719037e-05
GAMG:  Solving for p_rgh, Initial residual = 1.1217019e-05, Final residual = 1.0763239e-07, No Iterations 68
time step continuity errors : sum local = 0.00093660281, global = -9.1434176e-06, cumulative = -3.2862455e-05
DILUPBiCGStab:  Solving for omega, Initial residual = 7.4668502e-06, Final residual = 3.0941176e-08, No Iterations 1
DILUPBiCGStab:  Solving for k, Initial residual = 9.5249597e-05, Final residual = 2.4356099e-07, No Iterations 1
ExecutionTime = 81.680489 s  ClockTime = 112 s

Region: fluid Courant Number mean: 6485.6664 max: 10314.462
Region: solid Diffusion Number mean: 5397.6312 max: 53365.575
Time = 5195s

PIMPLE: Iteration 1

Solving for solid region solid
DICPCG:  Solving for e, Initial residual = 0.00017500767, Final residual = 2.3978555e-06, No Iterations 2
Min/max T:366.8657 546.66564

Solving for fluid region fluid
DILUPBiCGStab:  Solving for Ux, Initial residual = 8.9574578e-05, Final residual = 3.0161585e-07, No Iterations 1
DILUPBiCGStab:  Solving for Uy, Initial residual = 0.00010500422, Final residual = 1.0923259e-06, No Iterations 1
DILUPBiCGStab:  Solving for Uz, Initial residual = 0.00010129357, Final residual = 4.0186342e-07, No Iterations 1
DILUPBiCGStab:  Solving for h, Initial residual = 6.5034088e-05, Final residual = 2.1107588e-07, No Iterations 1
Min/max T:139.8 512.90735
GAMG:  Solving for p_rgh, Initial residual = 3.7650845e-05, Final residual = 4.5136047e-07, No Iterations 100
time step continuity errors : sum local = 0.0039272264, global = -2.7395523e-05, cumulative = -2.7395523e-05
GAMG:  Solving for p_rgh, Initial residual = 1.1261628e-05, Final residual = 1.060772e-07, No Iterations 72
time step continuity errors : sum local = 0.00092311822, global = -9.4363641e-06, cumulative = -3.6831887e-05
PIMPLE: Iteration 2

Solving for solid region solid
DICPCG:  Solving for e, Initial residual = 0.00017498421, Final residual = 2.397202e-06, No Iterations 2
Min/max T:366.88199 546.68557

Solving for fluid region fluid
DILUPBiCGStab:  Solving for Ux, Initial residual = 8.9726799e-05, Final residual = 3.0209753e-07, No Iterations 1
DILUPBiCGStab:  Solving for Uy, Initial residual = 0.00010583633, Final residual = 1.1113116e-06, No Iterations 1
DILUPBiCGStab:  Solving for Uz, Initial residual = 0.00010127386, Final residual = 4.072545e-07, No Iterations 1
DILUPBiCGStab:  Solving for h, Initial residual = 6.5112585e-05, Final residual = 2.1165859e-07, No Iterations 1
Min/max T:139.8 512.92713
GAMG:  Solving for p_rgh, Initial residual = 3.7586931e-05, Final residual = 4.2947979e-07, No Iterations 100
time step continuity errors : sum local = 0.0037371761, global = -2.2699893e-05, cumulative = -2.2699893e-05
GAMG:  Solving for p_rgh, Initial residual = 1.1206037e-05, Final residual = 1.0526434e-07, No Iterations 68
time step continuity errors : sum local = 0.00091610848, global = -8.4697351e-06, cumulative = -3.1169628e-05
DILUPBiCGStab:  Solving for omega, Initial residual = 7.4669254e-06, Final residual = 3.0941831e-08, No Iterations 1
DILUPBiCGStab:  Solving for k, Initial residual = 9.5245926e-05, Final residual = 2.4355692e-07, No Iterations 1
ExecutionTime = 82.066263 s  ClockTime = 113 s

Region: fluid Courant Number mean: 6486.0248 max: 10316.465
Region: solid Diffusion Number mean: 5397.6312 max: 53365.575
Time = 5196s

PIMPLE: Iteration 1

Solving for solid region solid
DICPCG:  Solving for e, Initial residual = 0.00017497017, Final residual = 2.3973375e-06, No Iterations 2
Min/max T:366.89828 546.70549

Solving for fluid region fluid
DILUPBiCGStab:  Solving for Ux, Initial residual = 8.9548107e-05, Final residual = 3.0151863e-07, No Iterations 1
DILUPBiCGStab:  Solving for Uy, Initial residual = 0.00010508236, Final residual = 1.0844097e-06, No Iterations 1
DILUPBiCGStab:  Solving for Uz, Initial residual = 0.00010113403, Final residual = 4.0497785e-07, No Iterations 1
DILUPBiCGStab:  Solving for h, Initial residual = 6.5024238e-05, Final residual = 2.1104665e-07, No Iterations 1
Min/max T:139.8 512.94692
GAMG:  Solving for p_rgh, Initial residual = 3.708086e-05, Final residual = 4.5224359e-07, No Iterations 100
time step continuity errors : sum local = 0.0039353928, global = -2.7257147e-05, cumulative = -2.7257147e-05
GAMG:  Solving for p_rgh, Initial residual = 1.1041471e-05, Final residual = 1.0570704e-07, No Iterations 72
time step continuity errors : sum local = 0.00092000954, global = -9.2585193e-06, cumulative = -3.6515666e-05
PIMPLE: Iteration 2

Solving for solid region solid
DICPCG:  Solving for e, Initial residual = 0.00017494673, Final residual = 2.3966844e-06, No Iterations 2
Min/max T:366.91457 546.72541

Solving for fluid region fluid
DILUPBiCGStab:  Solving for Ux, Initial residual = 8.9698504e-05, Final residual = 3.0199478e-07, No Iterations 1
DILUPBiCGStab:  Solving for Uy, Initial residual = 0.00010576642, Final residual = 1.1059866e-06, No Iterations 1
DILUPBiCGStab:  Solving for Uz, Initial residual = 0.00010099944, Final residual = 4.0244209e-07, No Iterations 1
DILUPBiCGStab:  Solving for h, Initial residual = 6.5102668e-05, Final residual = 2.1163009e-07, No Iterations 1
Min/max T:139.8 512.96669
GAMG:  Solving for p_rgh, Initial residual = 3.6553538e-05, Final residual = 4.4088223e-07, No Iterations 100
time step continuity errors : sum local = 0.0038368647, global = -2.403622e-05, cumulative = -2.403622e-05
GAMG:  Solving for p_rgh, Initial residual = 1.0973781e-05, Final residual = 1.0170275e-07, No Iterations 70
time step continuity errors : sum local = 0.00088522231, global = -8.5939225e-06, cumulative = -3.2630143e-05
DILUPBiCGStab:  Solving for omega, Initial residual = 7.4669262e-06, Final residual = 3.0942291e-08, No Iterations 1
DILUPBiCGStab:  Solving for k, Initial residual = 9.524207e-05, Final residual = 2.4355169e-07, No Iterations 1
ExecutionTime = 82.430903 s  ClockTime = 113 s

Region: fluid Courant Number mean: 6486.3833 max: 10318.467
Region: solid Diffusion Number mean: 5397.6312 max: 53365.575
Time = 5197s

PIMPLE: Iteration 1

Solving for solid region solid
DICPCG:  Solving for e, Initial residual = 0.00017493269, Final residual = 2.3968199e-06, No Iterations 2
Min/max T:366.93085 546.74533

Solving for fluid region fluid
DILUPBiCGStab:  Solving for Ux, Initial residual = 8.9543502e-05, Final residual = 3.0149194e-07, No Iterations 1
DILUPBiCGStab:  Solving for Uy, Initial residual = 0.00010523412, Final residual = 1.0880503e-06, No Iterations 1
DILUPBiCGStab:  Solving for Uz, Initial residual = 0.00010100183, Final residual = 4.0087026e-07, No Iterations 1
DILUPBiCGStab:  Solving for h, Initial residual = 6.5014341e-05, Final residual = 2.1101876e-07, No Iterations 1
Min/max T:139.8 512.98648
GAMG:  Solving for p_rgh, Initial residual = 3.6780486e-05, Final residual = 4.5136196e-07, No Iterations 100
time step continuity errors : sum local = 0.0039282122, global = -2.7962477e-05, cumulative = -2.7962477e-05
GAMG:  Solving for p_rgh, Initial residual = 1.0977126e-05, Final residual = 1.0704368e-07, No Iterations 72
time step continuity errors : sum local = 0.00093175976, global = -9.550769e-06, cumulative = -3.7513246e-05
PIMPLE: Iteration 2

Solving for solid region solid
DICPCG:  Solving for e, Initial residual = 0.00017490925, Final residual = 2.396167e-06, No Iterations 2
Min/max T:366.94713 546.76524

Solving for fluid region fluid
DILUPBiCGStab:  Solving for Ux, Initial residual = 8.9694979e-05, Final residual = 3.0197083e-07, No Iterations 1
DILUPBiCGStab:  Solving for Uy, Initial residual = 0.00010608017, Final residual = 1.1082801e-06, No Iterations 1
DILUPBiCGStab:  Solving for Uz, Initial residual = 0.00010102277, Final residual = 4.0175082e-07, No Iterations 1
DILUPBiCGStab:  Solving for h, Initial residual = 6.5092712e-05, Final residual = 2.1160097e-07, No Iterations 1
Min/max T:139.8 513.00625
GAMG:  Solving for p_rgh, Initial residual = 3.6651459e-05, Final residual = 4.368496e-07, No Iterations 100
time step continuity errors : sum local = 0.0038022457, global = -2.4072219e-05, cumulative = -2.4072219e-05
GAMG:  Solving for p_rgh, Initial residual = 1.0984368e-05, Final residual = 1.0962568e-07, No Iterations 68
time step continuity errors : sum local = 0.00095430319, global = -9.2589156e-06, cumulative = -3.3331135e-05
DILUPBiCGStab:  Solving for omega, Initial residual = 7.4667918e-06, Final residual = 3.0941924e-08, No Iterations 1
DILUPBiCGStab:  Solving for k, Initial residual = 9.5239181e-05, Final residual = 2.4354623e-07, No Iterations 1
ExecutionTime = 82.79615 s  ClockTime = 114 s

Region: fluid Courant Number mean: 6486.7419 max: 10320.469
Region: solid Diffusion Number mean: 5397.6312 max: 53365.575
Time = 5198s

PIMPLE: Iteration 1

Solving for solid region solid
DICPCG:  Solving for e, Initial residual = 0.0001748952, Final residual = 2.3963018e-06, No Iterations 2
Min/max T:366.96341 546.78516

Solving for fluid region fluid
DILUPBiCGStab:  Solving for Ux, Initial residual = 8.9534538e-05, Final residual = 3.014537e-07, No Iterations 1
DILUPBiCGStab:  Solving for Uy, Initial residual = 0.00010543182, Final residual = 1.0864269e-06, No Iterations 1
DILUPBiCGStab:  Solving for Uz, Initial residual = 0.00010100684, Final residual = 4.0120324e-07, No Iterations 1
DILUPBiCGStab:  Solving for h, Initial residual = 6.5004542e-05, Final residual = 2.1098794e-07, No Iterations 1
Min/max T:139.8 513.02603
GAMG:  Solving for p_rgh, Initial residual = 3.7230887e-05, Final residual = 4.4888694e-07, No Iterations 100
time step continuity errors : sum local = 0.0039071566, global = -2.7228158e-05, cumulative = -2.7228158e-05
GAMG:  Solving for p_rgh, Initial residual = 1.1130916e-05, Final residual = 1.0640523e-07, No Iterations 72
time step continuity errors : sum local = 0.00092631159, global = -9.1076616e-06, cumulative = -3.6335819e-05
PIMPLE: Iteration 2

Solving for solid region solid
DICPCG:  Solving for e, Initial residual = 0.00017487176, Final residual = 2.3956494e-06, No Iterations 2
Min/max T:366.97968 546.80507

Solving for fluid region fluid
DILUPBiCGStab:  Solving for Ux, Initial residual = 8.9667411e-05, Final residual = 3.0188675e-07, No Iterations 1
DILUPBiCGStab:  Solving for Uy, Initial residual = 0.00010669721, Final residual = 1.1035526e-06, No Iterations 1
DILUPBiCGStab:  Solving for Uz, Initial residual = 0.00010086752, Final residual = 4.0435047e-07, No Iterations 1
DILUPBiCGStab:  Solving for h, Initial residual = 6.5082768e-05, Final residual = 2.115685e-07, No Iterations 1
Min/max T:139.8 513.04579
GAMG:  Solving for p_rgh, Initial residual = 3.7224302e-05, Final residual = 4.3889586e-07, No Iterations 100
time step continuity errors : sum local = 0.003820515, global = -2.3666414e-05, cumulative = -2.3666414e-05
GAMG:  Solving for p_rgh, Initial residual = 1.1192747e-05, Final residual = 1.1111705e-07, No Iterations 68
time step continuity errors : sum local = 0.00096740017, global = -9.0426329e-06, cumulative = -3.2709047e-05
DILUPBiCGStab:  Solving for omega, Initial residual = 7.4666772e-06, Final residual = 3.0939246e-08, No Iterations 1
DILUPBiCGStab:  Solving for k, Initial residual = 9.5233661e-05, Final residual = 2.4353768e-07, No Iterations 1
ExecutionTime = 83.193098 s  ClockTime = 114 s

Region: fluid Courant Number mean: 6487.1004 max: 10322.466
Region: solid Diffusion Number mean: 5397.6312 max: 53365.575
Time = 5199s

PIMPLE: Iteration 1

Solving for solid region solid
DICPCG:  Solving for e, Initial residual = 0.00017485772, Final residual = 2.3957843e-06, No Iterations 2
Min/max T:366.99596 546.82498

Solving for fluid region fluid
DILUPBiCGStab:  Solving for Ux, Initial residual = 8.9501941e-05, Final residual = 3.0136546e-07, No Iterations 1
DILUPBiCGStab:  Solving for Uy, Initial residual = 0.00010713243, Final residual = 1.0885067e-06, No Iterations 1
DILUPBiCGStab:  Solving for Uz, Initial residual = 0.00010085722, Final residual = 4.1262892e-07, No Iterations 1
DILUPBiCGStab:  Solving for h, Initial residual = 6.4994475e-05, Final residual = 2.1095482e-07, No Iterations 1
Min/max T:139.8 513.06557
GAMG:  Solving for p_rgh, Initial residual = 3.7276994e-05, Final residual = 4.4721125e-07, No Iterations 100
time step continuity errors : sum local = 0.0038930327, global = -2.7428829e-05, cumulative = -2.7428829e-05
GAMG:  Solving for p_rgh, Initial residual = 1.1143432e-05, Final residual = 1.0579266e-07, No Iterations 72
time step continuity errors : sum local = 0.00092109179, global = -9.3026641e-06, cumulative = -3.6731493e-05
PIMPLE: Iteration 2

Solving for solid region solid
DICPCG:  Solving for e, Initial residual = 0.00017483429, Final residual = 2.395132e-06, No Iterations 2
Min/max T:367.01223 546.84489

Solving for fluid region fluid
DILUPBiCGStab:  Solving for Ux, Initial residual = 8.9653247e-05, Final residual = 3.0184923e-07, No Iterations 1
DILUPBiCGStab:  Solving for Uy, Initial residual = 0.00010753256, Final residual = 1.1058728e-06, No Iterations 1
DILUPBiCGStab:  Solving for Uz, Initial residual = 0.00010103269, Final residual = 4.203982e-07, No Iterations 1
DILUPBiCGStab:  Solving for h, Initial residual = 6.5072555e-05, Final residual = 2.115361e-07, No Iterations 1
Min/max T:139.8 513.08533
GAMG:  Solving for p_rgh, Initial residual = 3.7837931e-05, Final residual = 4.3623633e-07, No Iterations 100
time step continuity errors : sum local = 0.0037978272, global = -2.4030683e-05, cumulative = -2.4030683e-05
GAMG:  Solving for p_rgh, Initial residual = 1.1336e-05, Final residual = 1.118211e-07, No Iterations 68
time step continuity errors : sum local = 0.00097364961, global = -9.3650842e-06, cumulative = -3.3395768e-05
DILUPBiCGStab:  Solving for omega, Initial residual = 7.4664061e-06, Final residual = 3.0937572e-08, No Iterations 1
DILUPBiCGStab:  Solving for k, Initial residual = 9.5229014e-05, Final residual = 2.4352975e-07, No Iterations 1
ExecutionTime = 83.580703 s  ClockTime = 115 s

Region: fluid Courant Number mean: 6487.4591 max: 10324.255
Region: solid Diffusion Number mean: 5397.6312 max: 53365.575
Time = 5200s

PIMPLE: Iteration 1

Solving for solid region solid
DICPCG:  Solving for e, Initial residual = 0.00017482024, Final residual = 2.3952665e-06, No Iterations 2
Min/max T:367.02849 546.8648

Solving for fluid region fluid
DILUPBiCGStab:  Solving for Ux, Initial residual = 8.9493205e-05, Final residual = 3.0133308e-07, No Iterations 1
DILUPBiCGStab:  Solving for Uy, Initial residual = 0.00010793929, Final residual = 1.1047404e-06, No Iterations 1
DILUPBiCGStab:  Solving for Uz, Initial residual = 0.00010115233, Final residual = 4.2925294e-07, No Iterations 1
DILUPBiCGStab:  Solving for h, Initial residual = 6.4984261e-05, Final residual = 2.1092322e-07, No Iterations 1
Min/max T:139.8 513.10511
GAMG:  Solving for p_rgh, Initial residual = 3.7169475e-05, Final residual = 4.509548e-07, No Iterations 100
time step continuity errors : sum local = 0.0039261076, global = -2.778577e-05, cumulative = -2.778577e-05
GAMG:  Solving for p_rgh, Initial residual = 1.1070415e-05, Final residual = 1.0658395e-07, No Iterations 72
time step continuity errors : sum local = 0.00092809708, global = -9.3301814e-06, cumulative = -3.7115952e-05
PIMPLE: Iteration 2

Solving for solid region solid
DICPCG:  Solving for e, Initial residual = 0.00017479682, Final residual = 2.3946146e-06, No Iterations 2
Min/max T:367.04476 546.8847

Solving for fluid region fluid
DILUPBiCGStab:  Solving for Ux, Initial residual = 8.9635477e-05, Final residual = 3.0177736e-07, No Iterations 1
DILUPBiCGStab:  Solving for Uy, Initial residual = 0.00010755145, Final residual = 1.1138451e-06, No Iterations 1
DILUPBiCGStab:  Solving for Uz, Initial residual = 0.00010049197, Final residual = 4.2054041e-07, No Iterations 1
DILUPBiCGStab:  Solving for h, Initial residual = 6.5061837e-05, Final residual = 2.1150939e-07, No Iterations 1
Min/max T:139.8 513.12486
GAMG:  Solving for p_rgh, Initial residual = 3.6817177e-05, Final residual = 4.3662842e-07, No Iterations 100
time step continuity errors : sum local = 0.0038017126, global = -2.3827782e-05, cumulative = -2.3827782e-05
GAMG:  Solving for p_rgh, Initial residual = 1.1034152e-05, Final residual = 1.0954932e-07, No Iterations 68
time step continuity errors : sum local = 0.00095398675, global = -9.1214856e-06, cumulative = -3.2949267e-05
DILUPBiCGStab:  Solving for omega, Initial residual = 7.4665358e-06, Final residual = 3.0934736e-08, No Iterations 1
DILUPBiCGStab:  Solving for k, Initial residual = 9.5224623e-05, Final residual = 2.4352249e-07, No Iterations 1
ExecutionTime = 84.121202 s  ClockTime = 115 s

End

